make[1]: Entering directory '/home/mhdputerapmgks/Voyager-Kernel/out'
  HOSTCC  scripts/basic/fixdep
  GEN     ./Makefile
  HOSTCC  scripts/kconfig/conf.o
  HOSTCC  scripts/kconfig/zconf.tab.o
In file included from scripts/kconfig/zconf.tab.c:2578:
../scripts/kconfig/symbol.c:1133:4: warning: misleading indentation; statement is not part of the previous 'if' [-Wmisleading-indentation]
                        fprintf(stderr, "For a resolution refer to Documentation/kbuild/kconfig-language.txt\n");
                        ^
../scripts/kconfig/symbol.c:1130:3: note: previous statement is here
                if (stack->sym == last_sym)
                ^
1 warning generated.
  HOSTLD  scripts/kconfig/conf
scripts/kconfig/conf  --silentoldconfig Kconfig
  CHK     include/config/kernel.release
  GEN     ./Makefile
  UPD     include/config/kernel.release
  WRAP    arch/arm64/include/generated/asm/bugs.h
  WRAP    arch/arm64/include/generated/asm/clkdev.h
  WRAP    arch/arm64/include/generated/asm/cputime.h
  WRAP    arch/arm64/include/generated/asm/delay.h
  WRAP    arch/arm64/include/generated/asm/div64.h
  WRAP    arch/arm64/include/generated/asm/dma.h
  WRAP    arch/arm64/include/generated/asm/dma-contiguous.h
  WRAP    arch/arm64/include/generated/asm/early_ioremap.h
  WRAP    arch/arm64/include/generated/asm/emergency-restart.h
  WRAP    arch/arm64/include/generated/asm/errno.h
  WRAP    arch/arm64/include/generated/asm/hw_irq.h
  WRAP    arch/arm64/include/generated/asm/ioctl.h
  WRAP    arch/arm64/include/generated/asm/ioctls.h
  WRAP    arch/arm64/include/generated/asm/ipcbuf.h
  WRAP    arch/arm64/include/generated/asm/irq_regs.h
  WRAP    arch/arm64/include/generated/asm/kdebug.h
  WRAP    arch/arm64/include/generated/asm/kmap_types.h
  WRAP    arch/arm64/include/generated/asm/kvm_para.h
  WRAP    arch/arm64/include/generated/asm/local.h
  WRAP    arch/arm64/include/generated/asm/local64.h
  WRAP    arch/arm64/include/generated/asm/mcs_spinlock.h
  WRAP    arch/arm64/include/generated/asm/mm-arch-hooks.h
  WRAP    arch/arm64/include/generated/asm/mman.h
  WRAP    arch/arm64/include/generated/asm/msgbuf.h
  WRAP    arch/arm64/include/generated/asm/msi.h
  WRAP    arch/arm64/include/generated/asm/mutex.h
  WRAP    arch/arm64/include/generated/asm/poll.h
  CHK     include/generated/uapi/linux/version.h
  WRAP    arch/arm64/include/generated/asm/preempt.h
  WRAP    arch/arm64/include/generated/asm/resource.h
  WRAP    arch/arm64/include/generated/asm/qrwlock.h
  WRAP    arch/arm64/include/generated/asm/rwsem.h
  WRAP    arch/arm64/include/generated/asm/segment.h
  UPD     include/generated/uapi/linux/version.h
  WRAP    arch/arm64/include/generated/asm/sembuf.h
  WRAP    arch/arm64/include/generated/asm/serial.h
  WRAP    arch/arm64/include/generated/asm/shmbuf.h
  WRAP    arch/arm64/include/generated/asm/simd.h
  WRAP    arch/arm64/include/generated/asm/sizes.h
  WRAP    arch/arm64/include/generated/asm/socket.h
  WRAP    arch/arm64/include/generated/asm/sockios.h
  WRAP    arch/arm64/include/generated/asm/swab.h
  WRAP    arch/arm64/include/generated/asm/switch_to.h
  WRAP    arch/arm64/include/generated/asm/termbits.h
  WRAP    arch/arm64/include/generated/asm/termios.h
  WRAP    arch/arm64/include/generated/asm/trace_clock.h
  WRAP    arch/arm64/include/generated/asm/types.h
  WRAP    arch/arm64/include/generated/asm/unaligned.h
  WRAP    arch/arm64/include/generated/asm/user.h
  WRAP    arch/arm64/include/generated/asm/vga.h
  WRAP    arch/arm64/include/generated/asm/xor.h
  WRAP    arch/arm64/include/generated/uapi/asm/kvm_para.h
  CHK     include/generated/utsrelease.h
  UPD     include/generated/utsrelease.h
  HOSTCC  scripts/basic/fixdep
  HOSTCC  scripts/basic/bin2c
  Using .. as source for kernel
  HOSTCC  scripts/dtc/dtc.o
  HOSTCC  scripts/genksyms/genksyms.o
  CC      scripts/mod/empty.o
  HOSTCC  scripts/selinux/genheaders/genheaders
  HOSTCC  scripts/mod/mk_elfconfig
  HOSTCC  scripts/dtc/flattree.o
  HOSTCC  scripts/dtc/fstree.o
  CC      scripts/mod/devicetable-offsets.s
  HOSTCC  scripts/selinux/mdp/mdp
-- KernelSU-Next version (GitHub): 12702
-- KernelSU-Next version: 12702
  MKELF   scripts/mod/elfconfig.h
  SHIPPED scripts/genksyms/parse.tab.c
  CHK     scripts/mod/devicetable-offsets.h
  UPD     scripts/mod/devicetable-offsets.h
-- KernelSU-Next Manager signature size: 0x3e6
-- KernelSU-Next Manager signature hash: 79e590113c4c4c0c222978e413a5faa801666957b1212a328e46c00c69821bf7
  SHIPPED scripts/genksyms/lex.lex.c
  HOSTCC  scripts/mod/sumversion.o
  SHIPPED scripts/genksyms/keywords.hash.c
  HOSTCC  scripts/dtc/data.o
  SHIPPED scripts/genksyms/parse.tab.h
-- KSU_NEXT: Neither atomic_inc_not_zero nor atomic_long_inc_not_zero found in kernel/cred.c
-- KSU_NEXT: Using  in get_cred_rcu patch.
  HOSTCC  scripts/genksyms/parse.tab.o
  HOSTCC  scripts/dtc/livetree.o
  HOSTCC  scripts/kallsyms
../scripts/kallsyms.c:88:19: warning: unused function 'is_arm_mapping_symbol' [-Wunused-function]
static inline int is_arm_mapping_symbol(const char *str)
                  ^
  HOSTCC  scripts/dtc/treesource.o
  HOSTCC  scripts/genksyms/lex.lex.o
  HOSTCC  scripts/sortextable
  HOSTCC  scripts/asn1_compiler
  HOSTCC  scripts/mod/modpost.o
  HOSTCC  scripts/dtc/srcpos.o
1 warning generated.
  HOSTCC  scripts/dtc/checks.o
  HOSTCC  scripts/dtc/util.o
  HOSTCC  scripts/mod/file2alias.o
  HOSTLD  scripts/genksyms/genksyms
../scripts/gcc-version.sh: line 25: aarch64-linux-gnu-gcc: command not found
../scripts/gcc-version.sh: line 26: aarch64-linux-gnu-gcc: command not found
  SHIPPED scripts/dtc/dtc-lexer.lex.c
  SHIPPED scripts/dtc/dtc-parser.tab.h
  SHIPPED scripts/dtc/dtc-parser.tab.c
../scripts/gcc-version.sh: line 25: aarch64-linux-gnu-gcc: command not found
../scripts/gcc-version.sh: line 26: aarch64-linux-gnu-gcc: command not found
  CC      kernel/bounds.s
  CHK     include/generated/timeconst.h
  HOSTCC  scripts/dtc/dtc-lexer.lex.o
  UPD     include/generated/timeconst.h
  HOSTCC  scripts/sign-file
  CHK     include/generated/bounds.h
  UPD     include/generated/bounds.h
  CC      arch/arm64/kernel/asm-offsets.s
  HOSTCC  scripts/dtc/dtc-parser.tab.o
  HOSTLD  scripts/mod/modpost
  HOSTCC  scripts/extract-cert
  HOSTLD  scripts/dtc/dtc
  CHK     include/generated/asm-offsets.h
  UPD     include/generated/asm-offsets.h
  CALL    ../scripts/checksyscalls.sh
  LDS     arch/arm64/kernel/vdso/vdso.lds
  VDSOC   arch/arm64/kernel/vdso/vgettimeofday.o
  VDSOA   arch/arm64/kernel/vdso/note.o
  VDSOA   arch/arm64/kernel/vdso/sigreturn.o
  VDSOL   arch/arm64/kernel/vdso/vdso.so.dbg
  VDSOSYM include/generated/vdso-offsets.h
  LDS     arch/arm64/kernel/vdso32/vdso.lds
  VDSOC32   arch/arm64/kernel/vdso32/vgettimeofday.o
  VDSOA32   arch/arm64/kernel/vdso32/sigreturn.o
  HOSTCC  arch/arm64/kernel/vdso32/../../../arm/vdso/vdsomunge
  VDSOL32   arch/arm64/kernel/vdso32/vdso.so.raw
  MUNGE   arch/arm64/kernel/vdso32/vdso.so.dbg
  VDSOSYM include/generated/vdso32-offsets.h
  CC      init/main.o
  CHK     include/generated/compile.h
  HOSTCC  usr/gen_init_cpio
  CC      init/do_mounts.o
  CC      init/do_mounts_rd.o
  CC      init/do_mounts_initrd.o
  CC      init/do_mounts_md.o
  UPD     include/generated/compile.h
  CC      arch/arm64/mm/dma-mapping.o
  CC      arch/arm64/kernel/debug-monitors.o
  GEN     usr/initramfs_data.cpio.gz
  AS      usr/initramfs_data.o
  LD      usr/built-in.o
  LD      arch/arm64/net/built-in.o
  CC      arch/arm64/mm/extable.o
  CC      init/do_mounts_dm.o
  AS      arch/arm64/kernel/entry.o
../arch/arm64/kernel/entry.S:387:2: warning: DWARF2 only supports one section per compilation unit
 .pushsection ".entry.text", "ax"
 ^
<instantiation>:5:2: warning: DWARF2 only supports one section per compilation unit
 .pushsection .altinstr_replacement, "ax"
 ^
<instantiation>:3:1: note: while in macro instantiation
alternative_if 16
^
../arch/arm64/kernel/entry.S:391:2: note: while in macro instantiation
 kernel_ventry 1, sync_invalid
 ^
../arch/arm64/kernel/entry.S:970:2: warning: DWARF2 only supports one section per compilation unit
 .pushsection ".entry.tramp.text", "ax"
 ^
  CC      arch/arm64/crypto/sha1-ce-glue.o
  CC      arch/arm64/kernel/irq.o
  CC      certs/system_keyring.o
  CC      kernel/fork.o
  CC      arch/arm64/kernel/fpsimd.o
  EXTRACT_CERTS   ../certs/"verity.x509.pem"
Generating X.509 key generation config
  AS      arch/arm64/kernel/entry-fpsimd.o
  AS      arch/arm64/crypto/sha1-ce-core.o
###
### Now generating an X.509 key pair to be used for signing modules.
###
### If this takes a long time, you might wish to run rngd in the
### background to keep the supply of entropy topped up.  It
### needs to be run as root, and uses a hardware random
### number generator if one is available.
###
  CC      init/noinitramfs.o
  CC      arch/arm64/crypto/sha2-ce-glue.o
...+.........+++++++++++++++++++++++++++++++++++++++++++++++++++++++++++++++++*...+...+...........+.........+.+...+++  CC      arch/arm64/mm/fault.o
++++++++++++++++++++++++++++++++++++++++++++++++++++++++++++++*...............+..............+......+.........+.+.....+.+...+....................+......+.+...+............+......+..................+.........+.....+.+..............+......+.+.....++  AS      arch/arm64/crypto/sha2-ce-core.o
+++++++++++  CC      init/initramfs.o
++++  CC      arch/arm64/kernel/process.o
+  CC      arch/arm64/mm/init.o
++++++++++++++  CC      kernel/exec_domain.o
++++++++++  CC      arch/arm64/crypto/ghash-ce-glue.o
+++++++++++++++++++++++
.......+++++++++++++++++++++++++++++++++++++++++++++++++++++++++++++++++*.+++++++++++++++++++++++++++++++++++++++++++++++++++++++++++++++++*...........+.....+..........+...........................+.....+...+...+.......+......+..+...+.  CC      mm/filemap.o
.....+...+..........+.....+.....................+..........+.....+...............+......+......+...+  CC      init/calibrate.o
............+.........+.............+..+  AS      arch/arm64/mm/cache.o
......+............+  AS      arch/arm64/crypto/ghash-ce-core.o
.+..<instantiation>:3:2: warning: DWARF2 only supports one section per compilation unit
 .pushsection .altinstr_replacement, "ax"
 ^
<instantiation>:1:1: note: while in macro instantiation
alternative_else
^
<instantiation>:5:1: note: while in macro instantiation
alternative_else_nop_endif
^
../arch/arm64/mm/cache.S:125:2: note: while in macro instantiation
 uaccess_ttbr0_enable x2, x3, x4
 ^
....+.....+  CC      arch/arm64/kernel/ptrace.o
.+.........+  AS      arch/arm64/crypto/aes-ce-core.o
.........+..+....  CC      arch/arm64/mm/copypage.o
...+  CC      init/init_task.o
....  CC      arch/arm64/crypto/aes-ce-glue.o
.+............+.........................+........+......+.+...+...+...++++++++++++++++++++++++++++++++++++++  CC      arch/arm64/kernel/setup.o
++++++++++++++++++  CC      arch/arm64/mm/flush.o
+++++++++
-----
###
### Key pair generated.
###
  EXTRACT_CERTS   certs/signing_key.pem
  AS      certs/system_certificates.o
  CC      arch/arm64/crypto/aes-ce-ccm-glue.o
  CC      kernel/panic.o
  LD      certs/built-in.o
  CC      fs/open.o
  CC      init/version.o
  LD      init/mounts.o
  CC      arch/arm64/mm/ioremap.o
  LD      ipc/built-in.o
  AS      arch/arm64/crypto/aes-ce-ccm-core.o
  CC      arch/arm64/kernel/signal.o
  CC      arch/arm64/crypto/aes-glue-ce.o
  CC      security/integrity/iint.o
  LD      init/built-in.o
  CC      security/keys/gc.o
  CC      arch/arm64/mm/mmap.o
  CC      mm/mempool.o
  CC      kernel/cpu.o
  CC      security/integrity/integrity_audit.o
  AS      arch/arm64/crypto/aes-ce.o
  CC      security/keys/key.o
  CC      arch/arm64/crypto/aes-glue-neon.o
  CC      arch/arm64/mm/pgd.o
  LD      security/integrity/integrity.o
  CC      fs/read_write.o
  LD      security/integrity/built-in.o
  CC      arch/arm64/kernel/sys.o
  CC      fs/file_table.o
  AS      arch/arm64/crypto/aes-neon.o
  CC      arch/arm64/mm/mmu.o
  CC      arch/arm64/crypto/crc32-arm64.o
  CC      mm/oom_kill.o
  CC      arch/arm64/kernel/stacktrace.o
  CC      security/keys/keyring.o
  CC      security/keys/keyctl.o
  LD      arch/arm64/crypto/sha1-ce.o
  LD      arch/arm64/crypto/sha2-ce.o
  LD      arch/arm64/crypto/ghash-ce.o
  LD      arch/arm64/crypto/aes-ce-cipher.o
  LD      arch/arm64/crypto/aes-ce-ccm.o
  LD      arch/arm64/crypto/aes-ce-blk.o
  LD      arch/arm64/crypto/aes-neon-blk.o
  LD      arch/arm64/crypto/built-in.o
  CC      arch/arm64/kernel/time.o
  CC      kernel/exit.o
  CC      crypto/api.o
  CC      arch/arm64/mm/context.o
  CC      fs/super.o
  AS      arch/arm64/mm/proc.o
<instantiation>:3:2: warning: DWARF2 only supports one section per compilation unit
 .pushsection .altinstr_replacement, "ax"
 ^
../arch/arm64/mm/proc.S:121:1: note: while in macro instantiation
alternative_else
^
../arch/arm64/mm/proc.S:139:2: warning: DWARF2 only supports one section per compilation unit
 .pushsection ".idmap.text", "awx"
 ^
  CC      security/keys/permission.o
  CC      arch/arm64/kernel/traps.o
  CC      mm/maccess.o
  CC      crypto/cipher.o
  CC      arch/arm64/mm/pageattr.o
  CC      mm/page_alloc.o
  CC      crypto/compress.o
  CC      kernel/softirq.o
  CC      security/keys/process_keys.o
  LD      arch/arm64/mm/built-in.o
  CC      mm/page-writeback.o
  CC      arch/arm64/kernel/io.o
  CC      fs/char_dev.o
  CC      crypto/memneq.o
  CC      arch/arm64/kernel/vdso.o
  CC      security/keys/request_key.o
  CC      mm/readahead.o
  AS      arch/arm64/kernel/hyp-stub.o
../arch/arm64/kernel/hyp-stub.S:31:2: warning: DWARF2 only supports one section per compilation unit
 .pushsection .hyp.text, "ax"
 ^
  CC      arch/arm64/kernel/psci.o
  CC      kernel/resource.o
  CC      security/keys/request_key_auth.o
  CC      crypto/crypto_wq.o
  CC      fs/stat.o
  CC      arch/arm64/kernel/cpu_ops.o
  CC      security/keys/user_defined.o
  CC      mm/swap.o
  CC      arch/arm64/kernel/insn.o
  CC      security/pfe/pfk.o
  CC      crypto/algapi.o
  CC      kernel/sysctl.o
  CC      security/keys/compat.o
  CC      fs/exec.o
  CC      arch/arm64/kernel/return_address.o
  CC      security/pfe/pfk_kc.o
  CC      security/keys/proc.o
  CC      mm/truncate.o
  CC      arch/arm64/kernel/cpuinfo.o
  CC      security/pfe/pfk_ice.o
  CC      security/keys/sysctl.o
  CC      security/pfe/pfk_ext4.o
  LD      security/keys/built-in.o
  CC      crypto/scatterwalk.o
  CC      security/pfe/pfk_f2fs.o
  CC      mm/vmscan.o
  CC      arch/arm64/kernel/cpu_errata.o
  CC      block/bio.o
  CC      kernel/sysctl_binary.o
  LD      security/pfe/built-in.o
  CC      kernel/capability.o
  GEN     security/selinux/flask.h security/selinux/av_permissions.h
  CC      security/selinux/avc.o
  CC      fs/pipe.o
  CC      crypto/proc.o
  CC      arch/arm64/kernel/cpufeature.o
  CC      security/smack/smack_lsm.o
  CC      crypto/aead.o
  CC      kernel/ptrace.o
  CC      security/selinux/hooks.o
  CC      fs/namei.o
  CC      block/elevator.o
  CC      arch/arm64/kernel/alternative.o
  CC      arch/arm64/kernel/cacheinfo.o
  CC      crypto/ablkcipher.o
  CC      kernel/user.o
  CC      mm/shmem.o
  CC      security/smack/smack_access.o
  CC      arch/arm64/kernel/smp.o
  CC      kernel/signal.o
  CC      block/blk-core.o
  CC      crypto/blkcipher.o
  CC      security/smack/smackfs.o
  CC      arch/arm64/kernel/smp_spin_table.o
  CC      security/selinux/selinuxfs.o
  CC      arch/arm64/kernel/topology.o
  CC      fs/fcntl.o
  CC      mm/util.o
  CC      crypto/skcipher.o
  LD      security/smack/smack.o
  LD      security/smack/built-in.o
  AS      arch/arm64/kernel/smccc-call.o
  CC      arch/arm64/kernel/sys32.o
  CC      security/selinux/netlink.o
  CC      drivers/amba/bus.o
  CC      mm/mmzone.o
  CC      fs/ioctl.o
  CC      arch/arm64/kernel/signal32.o
  CC      security/selinux/nlmsgtab.o
  CC      kernel/sys.o
  CC      crypto/seqiv.o
  CC      mm/vmstat.o
  LD      drivers/amba/built-in.o
  CC      drivers/android/binder.o
  CC      block/blk-tag.o
  CC      crypto/echainiv.o
  CC      security/selinux/netif.o
  CC      fs/readdir.o
  CC      arch/arm64/kernel/sys_compat.o
  CC      crypto/ahash.o
  CC      block/blk-sysfs.o
  CC      security/selinux/netnode.o
  AS      arch/arm64/kernel/entry32.o
  CC      mm/backing-dev.o
  AS      arch/arm64/kernel/kuser32.o
  CC      arch/arm64/kernel/arm64ksyms.o
  CC      kernel/kmod.o
  CC      fs/select.o
  CC      block/blk-flush.o
  CC      security/selinux/netport.o
  CC      crypto/shash.o
  CC      arch/arm64/kernel/module.o
  CC      mm/mm_init.o
  CC      kernel/workqueue.o
  CC      arch/arm64/kernel/module-plts.o
  CC      security/selinux/exports.o
  CC      block/blk-settings.o
  CC      arch/arm64/kernel/perf_regs.o
  CC      security/selinux/ss/ebitmap.o
  CC      mm/mmu_context.o
  CC      crypto/akcipher.o
  CC      arch/arm64/kernel/perf_callchain.o
  CC      fs/dcache.o
  CC      drivers/android/binder_alloc.o
  CC      block/blk-ioc.o
  CC      mm/percpu.o
  CC      arch/arm64/kernel/perf_event.o
  CC      security/selinux/ss/hashtab.o
  CC      crypto/kpp.o
  CC      security/selinux/ss/symtab.o
  LD      drivers/android/built-in.o
  CC      security/selinux/ss/sidtab.o
  LD      drivers/auxdisplay/built-in.o
  CC      drivers/base/component.o
  CC      arch/arm64/kernel/perf_trace_counters.o
  CC      block/blk-map.o
  ASN.1   crypto/rsapubkey-asn1.c
  ASN.1   crypto/rsaprivkey-asn1.c
  CC      crypto/rsa.o
  CC      mm/slab_common.o
  CC      kernel/pid.o
  CC      security/selinux/ss/avtab.o
  CC      drivers/base/core.o
  CC      arch/arm64/kernel/perf_trace_user.o
  CC      fs/inode.o
  CC      block/blk-exec.o
  CC      crypto/rsa_helper.o
  CC      crypto/rsa-pkcs1pad.o
  CC      arch/arm64/kernel/hw_breakpoint.o
  CC      security/selinux/ss/policydb.o
  CC      block/blk-merge.o
  CC      kernel/task_work.o
  CC      crypto/algboss.o
  AS      arch/arm64/kernel/sleep.o
../arch/arm64/kernel/sleep.S:98:2: warning: DWARF2 only supports one section per compilation unit
 .pushsection ".idmap.text", "awx"
 ^
  CC      arch/arm64/kernel/suspend.o
  CC      kernel/extable.o
  CC      drivers/base/bus.o
  CC      mm/compaction.o
  CC      fs/attr.o
  CC      arch/arm64/kernel/cpuidle.o
  CC      kernel/params.o
  CC      crypto/testmgr.o
  CC      arch/arm64/kernel/jump_label.o
  CC      arch/arm64/kernel/efi.o
  CC      block/blk-softirq.o
  CC      security/selinux/ss/services.o
  CC      drivers/base/dd.o
  CC      fs/bad_inode.o
  AS      arch/arm64/kernel/efi-entry.o
../arch/arm64/kernel/efi-entry.S:19:2: warning: DWARF2 only supports one section per compilation unit
 .section ".init.text","ax"
 ^
  CC      arch/arm64/kernel/armv8_deprecated.o
  CC      crypto/cmac.o
  CC      kernel/kthread.o
  CC      fs/file.o
  CC      block/blk-timeout.o
  CC      drivers/base/syscore.o
  CC      crypto/hmac.o
  CC      arch/arm64/kernel/kaslr.o
  CC      mm/vmacache.o
  CC      arch/arm64/kernel/ssbd.o
  CC      mm/interval_tree.o
  CC      crypto/xcbc.o
  CC      block/blk-lib.o
  CC      kernel/sys_ni.o
  CC      security/selinux/ss/conditional.o
  LD      arch/arm64/kernel/probes/built-in.o
  CC      kernel/nsproxy.o
  OBJCOPY arch/arm64/kernel/vdso/vdso.so
  AS      arch/arm64/kernel/vdso/vdso.o
  CC      fs/filesystems.o
  CC      drivers/base/driver.o
  LD      arch/arm64/kernel/vdso/built-in.o
  CC      mm/list_lru.o
  CC      crypto/crypto_null.o
  CC      kernel/notifier.o
  CC      block/blk-mq.o
  CC      drivers/base/class.o
  OBJCOPY arch/arm64/kernel/vdso32/vdso.so
  AS      arch/arm64/kernel/vdso32/vdso.o
  CC      security/selinux/ss/mls.o
  CC      fs/namespace.o
  LD      arch/arm64/kernel/vdso32/built-in.o
  AS      arch/arm64/kernel/head.o
../arch/arm64/kernel/head.S:70:2: warning: DWARF2 only supports one section per compilation unit
 .section ".head.text","ax"
 ^
../arch/arm64/kernel/head.S:209:2: warning: DWARF2 only supports one section per compilation unit
 .section ".init.text","ax"
 ^
../arch/arm64/kernel/head.S:477:2: warning: DWARF2 only supports one section per compilation unit
 .section ".idmap.text","awx"
 ^
  LDS     arch/arm64/kernel/vmlinux.lds
  OBJCOPY arch/arm64/kernel/efi-entry.stub.o
  LD      arch/arm64/kernel/built-in.o
  CC      mm/workingset.o
  CC      crypto/md4.o
  CC      drivers/block/brd.o
  CC      kernel/ksysfs.o
  CC      drivers/base/platform.o
  CC      mm/debug.o
  CC      crypto/md5.o
  CC      security/selinux/ss/status.o
  CC      drivers/block/loop.o
  CC      kernel/cred.o
  CC      mm/gup.o
  CC      crypto/sha1_generic.o
  CC      block/blk-mq-tag.o
  CC      security/selinux/netlabel.o
  CC      drivers/base/cpu.o
  CC      fs/seq_file.o
  CC      kernel/reboot.o
  CC      crypto/sha256_generic.o
  LD      security/selinux/selinux.o
  CC      drivers/base/firmware.o
  CC      drivers/block/zram/zcomp.o
  CC      block/blk-mq-sysfs.o
  LD      security/selinux/built-in.o
  CC      mm/highmem.o
  CC      security/commoncap.o
  CC      fs/xattr.o
  CC      drivers/block/zram/zram_drv.o
  CC      kernel/async.o
  CC      mm/memory.o
  CC      drivers/base/init.o
  CC      security/min_addr.o
  CC      drivers/base/map.o
  CC      block/blk-mq-cpumap.o
  CC      kernel/range.o
  CC      crypto/sha512_generic.o
  CC      kernel/smpboot.o
  CC      security/security.o
  CC      drivers/base/devres.o
  LD      drivers/block/zram/zram.o
  LD      drivers/block/zram/built-in.o
  LD      drivers/block/built-in.o
  CC      block/ioctl.o
  CC      block/genhd.o
  CC      fs/libfs.o
  CC      kernel/ucount.o
  CC      crypto/gf128mul.o
  CC      drivers/base/attribute_container.o
  CC      kernel/groups.o
  CC      security/lsm_audit.o
  CC      fs/fs-writeback.o
  CC      drivers/base/transport_class.o
  CC      crypto/ecb.o
  CC      block/scsi_ioctl.o
  CC      mm/mincore.o
  CC      sound/sound_core.o
  CC      kernel/bpf/core.o
  CC      crypto/cbc.o
  CC      drivers/base/topology.o
  LD      security/built-in.o
  CC      mm/mlock.o
  LD      firmware/built-in.o
  CC      drivers/bluetooth/bluetooth-power.o
  LD      sound/arm/built-in.o
  LD      sound/atmel/built-in.o
  CC      drivers/base/container.o
  CC      block/partition-generic.o
  CC      sound/core/sound.o
  CC      crypto/cts.o
  CC      drivers/bluetooth/btfm_slim.o
  CC      drivers/base/property.o
  CC      crypto/xts.o
  CC      mm/mmap.o
  CC      sound/core/init.o
  CC      kernel/bpf/syscall.o
  CC      drivers/bluetooth/btfm_slim_codec.o
  CC      block/ioprio.o
  CC      fs/pnode.o
  CC      drivers/bluetooth/btfm_slim_wcn3990.o
  CC      crypto/ctr.o
  CC      sound/core/memory.o
  CC      fs/splice.o
  LD      drivers/bluetooth/built-in.o
  CC      drivers/base/cacheinfo.o
  LD      sound/drivers/mpu401/built-in.o
  LD      sound/drivers/opl3/built-in.o
  CC      block/badblocks.o
  LD      sound/drivers/opl4/built-in.o
  LD      sound/drivers/pcsp/built-in.o
  LD      sound/drivers/vx/built-in.o
  LD      sound/drivers/built-in.o
  CC      block/partitions/check.o
  CC      crypto/gcm.o
  CC      sound/core/control.o
  CC      kernel/bpf/verifier.o
  CC      drivers/base/dma-contiguous.o
  CC      mm/mprotect.o
  CC      block/partitions/msdos.o
In file included from ../sound/core/control.c:1768:
../sound/core/control_compat.c:111:45: warning: taking address of packed member 'value' of class or structure 'snd_ctl_elem_info32' may result in an unaligned pointer value [-Waddress-of-packed-member]
        if (get_user(data->value.enumerated.item, &data32->value.enumerated.item))
                                                   ^~~~~~~~~~~~~~~~~~~~~~~~~~~~~
../arch/arm64/include/asm/uaccess.h:355:18: note: expanded from macro 'get_user'
#define get_user        __get_user
                        ^
../arch/arm64/include/asm/uaccess.h:349:25: note: expanded from macro '__get_user'
        __get_user_check((x), (ptr), __gu_err);                         \
                               ^~~
../arch/arm64/include/asm/uaccess.h:330:15: note: expanded from macro '__get_user_check'
        __typeof__(*(ptr)) __user *__p = (ptr);                         \
                     ^~~
In file included from ../sound/core/control.c:1768:
../sound/core/control_compat.c:111:45: warning: taking address of packed member 'value' of class or structure 'snd_ctl_elem_info32' may result in an unaligned pointer value [-Waddress-of-packed-member]
        if (get_user(data->value.enumerated.item, &data32->value.enumerated.item))
                                                   ^~~~~~~~~~~~~~~~~~~~~~~~~~~~~
../arch/arm64/include/asm/uaccess.h:355:18: note: expanded from macro 'get_user'
#define get_user        __get_user
                        ^
../arch/arm64/include/asm/uaccess.h:349:25: note: expanded from macro '__get_user'
        __get_user_check((x), (ptr), __gu_err);                         \
                               ^~~
../arch/arm64/include/asm/uaccess.h:330:36: note: expanded from macro '__get_user_check'
        __typeof__(*(ptr)) __user *__p = (ptr);                         \
                                          ^~~
In file included from ../sound/core/control.c:1768:
../sound/core/control_compat.c:128:29: warning: taking address of packed member 'owner' of class or structure 'snd_ctl_elem_info32' may result in an unaligned pointer value [-Waddress-of-packed-member]
        if (put_user(data->owner, &data32->owner))
                                   ^~~~~~~~~~~~~
../arch/arm64/include/asm/uaccess.h:426:18: note: expanded from macro 'put_user'
#define put_user        __put_user
                        ^
../arch/arm64/include/asm/uaccess.h:420:25: note: expanded from macro '__put_user'
        __put_user_check((x), (ptr), __pu_err);                         \
                               ^~~
../arch/arm64/include/asm/uaccess.h:401:15: note: expanded from macro '__put_user_check'
        __typeof__(*(ptr)) __user *__p = (ptr);                         \
                     ^~~
In file included from ../sound/core/control.c:1768:
../sound/core/control_compat.c:128:29: warning: taking address of packed member 'owner' of class or structure 'snd_ctl_elem_info32' may result in an unaligned pointer value [-Waddress-of-packed-member]
        if (put_user(data->owner, &data32->owner))
                                   ^~~~~~~~~~~~~
../arch/arm64/include/asm/uaccess.h:426:18: note: expanded from macro 'put_user'
#define put_user        __put_user
                        ^
../arch/arm64/include/asm/uaccess.h:420:25: note: expanded from macro '__put_user'
        __put_user_check((x), (ptr), __pu_err);                         \
                               ^~~
../arch/arm64/include/asm/uaccess.h:401:36: note: expanded from macro '__put_user_check'
        __typeof__(*(ptr)) __user *__p = (ptr);                         \
                                          ^~~
In file included from ../sound/core/control.c:1768:
../sound/core/control_compat.c:133:42: warning: taking address of packed member 'value' of class or structure 'snd_ctl_elem_info32' may result in an unaligned pointer value [-Waddress-of-packed-member]
                if (put_user(data->value.integer.min, &data32->value.integer.min) ||
                                                       ^~~~~~~~~~~~~~~~~~~~~~~~~
../arch/arm64/include/asm/uaccess.h:426:18: note: expanded from macro 'put_user'
#define put_user        __put_user
                        ^
../arch/arm64/include/asm/uaccess.h:420:25: note: expanded from macro '__put_user'
        __put_user_check((x), (ptr), __pu_err);                         \
                               ^~~
../arch/arm64/include/asm/uaccess.h:401:15: note: expanded from macro '__put_user_check'
        __typeof__(*(ptr)) __user *__p = (ptr);                         \
                     ^~~
In file included from ../sound/core/control.c:1768:
../sound/core/control_compat.c:133:42: warning: taking address of packed member 'value' of class or structure 'snd_ctl_elem_info32' may result in an unaligned pointer value [-Waddress-of-packed-member]
                if (put_user(data->value.integer.min, &data32->value.integer.min) ||
                                                       ^~~~~~~~~~~~~~~~~~~~~~~~~
../arch/arm64/include/asm/uaccess.h:426:18: note: expanded from macro 'put_user'
#define put_user        __put_user
                        ^
../arch/arm64/include/asm/uaccess.h:420:25: note: expanded from macro '__put_user'
        __put_user_check((x), (ptr), __pu_err);                         \
                               ^~~
../arch/arm64/include/asm/uaccess.h:401:36: note: expanded from macro '__put_user_check'
        __typeof__(*(ptr)) __user *__p = (ptr);                         \
                                          ^~~
In file included from ../sound/core/control.c:1768:
../sound/core/control_compat.c:134:42: warning: taking address of packed member 'value' of class or structure 'snd_ctl_elem_info32' may result in an unaligned pointer value [-Waddress-of-packed-member]
                    put_user(data->value.integer.max, &data32->value.integer.max) ||
                                                       ^~~~~~~~~~~~~~~~~~~~~~~~~
../arch/arm64/include/asm/uaccess.h:426:18: note: expanded from macro 'put_user'
#define put_user        __put_user
                        ^
../arch/arm64/include/asm/uaccess.h:420:25: note: expanded from macro '__put_user'
        __put_user_check((x), (ptr), __pu_err);                         \
                               ^~~
../arch/arm64/include/asm/uaccess.h:401:15: note: expanded from macro '__put_user_check'
        __typeof__(*(ptr)) __user *__p = (ptr);                         \
                     ^~~
In file included from ../sound/core/control.c:1768:
../sound/core/control_compat.c:134:42: warning: taking address of packed member 'value' of class or structure 'snd_ctl_elem_info32' may result in an unaligned pointer value [-Waddress-of-packed-member]
                    put_user(data->value.integer.max, &data32->value.integer.max) ||
                                                       ^~~~~~~~~~~~~~~~~~~~~~~~~
../arch/arm64/include/asm/uaccess.h:426:18: note: expanded from macro 'put_user'
#define put_user        __put_user
                        ^
../arch/arm64/include/asm/uaccess.h:420:25: note: expanded from macro '__put_user'
        __put_user_check((x), (ptr), __pu_err);                         \
                               ^~~
../arch/arm64/include/asm/uaccess.h:401:36: note: expanded from macro '__put_user_check'
        __typeof__(*(ptr)) __user *__p = (ptr);                         \
                                          ^~~
In file included from ../sound/core/control.c:1768:
../sound/core/control_compat.c:135:43: warning: taking address of packed member 'value' of class or structure 'snd_ctl_elem_info32' may result in an unaligned pointer value [-Waddress-of-packed-member]
                    put_user(data->value.integer.step, &data32->value.integer.step))
                                                        ^~~~~~~~~~~~~~~~~~~~~~~~~~
../arch/arm64/include/asm/uaccess.h:426:18: note: expanded from macro 'put_user'
#define put_user        __put_user
                        ^
../arch/arm64/include/asm/uaccess.h:420:25: note: expanded from macro '__put_user'
        __put_user_check((x), (ptr), __pu_err);                         \
                               ^~~
../arch/arm64/include/asm/uaccess.h:401:15: note: expanded from macro '__put_user_check'
        __typeof__(*(ptr)) __user *__p = (ptr);                         \
                     ^~~
In file included from ../sound/core/control.c:1768:
../sound/core/control_compat.c:135:43: warning: taking address of packed member 'value' of class or structure 'snd_ctl_elem_info32' may result in an unaligned pointer value [-Waddress-of-packed-member]
                    put_user(data->value.integer.step, &data32->value.integer.step))
                                                        ^~~~~~~~~~~~~~~~~~~~~~~~~~
../arch/arm64/include/asm/uaccess.h:426:18: note: expanded from macro 'put_user'
#define put_user        __put_user
                        ^
../arch/arm64/include/asm/uaccess.h:420:25: note: expanded from macro '__put_user'
        __put_user_check((x), (ptr), __pu_err);                         \
                               ^~~
../arch/arm64/include/asm/uaccess.h:401:36: note: expanded from macro '__put_user_check'
        __typeof__(*(ptr)) __user *__p = (ptr);                         \
                                          ^~~
  CC      fs/sync.o
In file included from ../sound/core/control.c:1768:
../sound/core/control_compat.c:403:29: warning: taking address of packed member 'owner' of class or structure 'snd_ctl_elem_info32' may result in an unaligned pointer value [-Waddress-of-packed-member]
        if (get_user(data->owner, &data32->owner))
                                   ^~~~~~~~~~~~~
../arch/arm64/include/asm/uaccess.h:355:18: note: expanded from macro 'get_user'
#define get_user        __get_user
                        ^
../arch/arm64/include/asm/uaccess.h:349:25: note: expanded from macro '__get_user'
        __get_user_check((x), (ptr), __gu_err);                         \
                               ^~~
../arch/arm64/include/asm/uaccess.h:330:15: note: expanded from macro '__get_user_check'
        __typeof__(*(ptr)) __user *__p = (ptr);                         \
                     ^~~
In file included from ../sound/core/control.c:1768:
../sound/core/control_compat.c:403:29: warning: taking address of packed member 'owner' of class or structure 'snd_ctl_elem_info32' may result in an unaligned pointer value [-Waddress-of-packed-member]
        if (get_user(data->owner, &data32->owner))
                                   ^~~~~~~~~~~~~
../arch/arm64/include/asm/uaccess.h:355:18: note: expanded from macro 'get_user'
#define get_user        __get_user
                        ^
../arch/arm64/include/asm/uaccess.h:349:25: note: expanded from macro '__get_user'
        __get_user_check((x), (ptr), __gu_err);                         \
                               ^~~
../arch/arm64/include/asm/uaccess.h:330:36: note: expanded from macro '__get_user_check'
        __typeof__(*(ptr)) __user *__p = (ptr);                         \
                                          ^~~
In file included from ../sound/core/control.c:1768:
../sound/core/control_compat.c:408:42: warning: taking address of packed member 'value' of class or structure 'snd_ctl_elem_info32' may result in an unaligned pointer value [-Waddress-of-packed-member]
                if (get_user(data->value.integer.min, &data32->value.integer.min) ||
                                                       ^~~~~~~~~~~~~~~~~~~~~~~~~
../arch/arm64/include/asm/uaccess.h:355:18: note: expanded from macro 'get_user'
#define get_user        __get_user
                        ^
../arch/arm64/include/asm/uaccess.h:349:25: note: expanded from macro '__get_user'
        __get_user_check((x), (ptr), __gu_err);                         \
                               ^~~
../arch/arm64/include/asm/uaccess.h:330:15: note: expanded from macro '__get_user_check'
        __typeof__(*(ptr)) __user *__p = (ptr);                         \
                     ^~~
In file included from ../sound/core/control.c:1768:
../sound/core/control_compat.c:408:42: warning: taking address of packed member 'value' of class or structure 'snd_ctl_elem_info32' may result in an unaligned pointer value [-Waddress-of-packed-member]
                if (get_user(data->value.integer.min, &data32->value.integer.min) ||
                                                       ^~~~~~~~~~~~~~~~~~~~~~~~~
../arch/arm64/include/asm/uaccess.h:355:18: note: expanded from macro 'get_user'
#define get_user        __get_user
                        ^
../arch/arm64/include/asm/uaccess.h:349:25: note: expanded from macro '__get_user'
        __get_user_check((x), (ptr), __gu_err);                         \
                               ^~~
../arch/arm64/include/asm/uaccess.h:330:36: note: expanded from macro '__get_user_check'
        __typeof__(*(ptr)) __user *__p = (ptr);                         \
                                          ^~~
In file included from ../sound/core/control.c:1768:
../sound/core/control_compat.c:409:42: warning: taking address of packed member 'value' of class or structure 'snd_ctl_elem_info32' may result in an unaligned pointer value [-Waddress-of-packed-member]
                    get_user(data->value.integer.max, &data32->value.integer.max) ||
                                                       ^~~~~~~~~~~~~~~~~~~~~~~~~
../arch/arm64/include/asm/uaccess.h:355:18: note: expanded from macro 'get_user'
#define get_user        __get_user
                        ^
../arch/arm64/include/asm/uaccess.h:349:25: note: expanded from macro '__get_user'
        __get_user_check((x), (ptr), __gu_err);                         \
                               ^~~
../arch/arm64/include/asm/uaccess.h:330:15: note: expanded from macro '__get_user_check'
        __typeof__(*(ptr)) __user *__p = (ptr);                         \
                     ^~~
In file included from ../sound/core/control.c:1768:
../sound/core/control_compat.c:409:42: warning: taking address of packed member 'value' of class or structure 'snd_ctl_elem_info32' may result in an unaligned pointer value [-Waddress-of-packed-member]
                    get_user(data->value.integer.max, &data32->value.integer.max) ||
                                                       ^~~~~~~~~~~~~~~~~~~~~~~~~
../arch/arm64/include/asm/uaccess.h:355:18: note: expanded from macro 'get_user'
#define get_user        __get_user
                        ^
../arch/arm64/include/asm/uaccess.h:349:25: note: expanded from macro '__get_user'
        __get_user_check((x), (ptr), __gu_err);                         \
                               ^~~
../arch/arm64/include/asm/uaccess.h:330:36: note: expanded from macro '__get_user_check'
        __typeof__(*(ptr)) __user *__p = (ptr);                         \
                                          ^~~
In file included from ../sound/core/control.c:1768:
../sound/core/control_compat.c:410:43: warning: taking address of packed member 'value' of class or structure 'snd_ctl_elem_info32' may result in an unaligned pointer value [-Waddress-of-packed-member]
                    get_user(data->value.integer.step, &data32->value.integer.step))
                                                        ^~~~~~~~~~~~~~~~~~~~~~~~~~
../arch/arm64/include/asm/uaccess.h:355:18: note: expanded from macro 'get_user'
#define get_user        __get_user
                        ^
../arch/arm64/include/asm/uaccess.h:349:25: note: expanded from macro '__get_user'
        __get_user_check((x), (ptr), __gu_err);                         \
                               ^~~
../arch/arm64/include/asm/uaccess.h:330:15: note: expanded from macro '__get_user_check'
        __typeof__(*(ptr)) __user *__p = (ptr);                         \
                     ^~~
In file included from ../sound/core/control.c:1768:
../sound/core/control_compat.c:410:43: warning: taking address of packed member 'value' of class or structure 'snd_ctl_elem_info32' may result in an unaligned pointer value [-Waddress-of-packed-member]
                    get_user(data->value.integer.step, &data32->value.integer.step))
                                                        ^~~~~~~~~~~~~~~~~~~~~~~~~~
../arch/arm64/include/asm/uaccess.h:355:18: note: expanded from macro 'get_user'
#define get_user        __get_user
                        ^
../arch/arm64/include/asm/uaccess.h:349:25: note: expanded from macro '__get_user'
        __get_user_check((x), (ptr), __gu_err);                         \
                               ^~~
../arch/arm64/include/asm/uaccess.h:330:36: note: expanded from macro '__get_user_check'
        __typeof__(*(ptr)) __user *__p = (ptr);                         \
                                          ^~~
  CC      drivers/base/power/sysfs.o
  CC      crypto/cryptd.o
  CC      drivers/base/power/generic_ops.o
  CC      block/partitions/efi.o
  CC      mm/mremap.o
18 warnings generated.
  CC      fs/utimes.o
  CC      sound/core/misc.o
  LD      block/partitions/built-in.o
  CC      block/bounce.o
  CC      drivers/base/power/common.o
  CC      mm/msync.o
  CC      fs/stack.o
  CC      crypto/des_generic.o
  CC      sound/core/device.o
  CC      kernel/bpf/inode.o
  LD      techpack/audio/asoc/codecs/msm_sdw/built-in.o
  CC      mm/rmap.o
  CC      drivers/base/power/qos.o
  CC      techpack/audio/asoc/codecs/sdm660_cdc/msm-analog-cdc.o
  CC      fs/fs_struct.o
  CC      sound/core/info.o
  CC      block/blk-cgroup.o
  CC      crypto/twofish_generic.o
  CC      fs/statfs.o
  CC      crypto/twofish_common.o
  CC      kernel/bpf/helpers.o
  CC      mm/vmalloc.o
  CC      drivers/base/power/runtime.o
  CC      sound/core/ctljack.o
  CC      sound/core/jack.o
  CC      crypto/aes_generic.o
  CC      block/noop-iosched.o
  CC      kernel/bpf/hashtab.o
  CC      fs/fs_pin.o
  CC      techpack/audio/asoc/codecs/sdm660_cdc/sdm660-cdc-irq.o
  CC      fs/nsfs.o
  CC      block/cfq-iosched.o
  CC      drivers/base/power/wakeirq.o
  CC      sound/core/hwdep.o
  CC      fs/buffer.o
  CC      crypto/arc4.o
  CC      kernel/bpf/arraymap.o
  CC      techpack/audio/asoc/codecs/sdm660_cdc/msm-digital-cdc-legacy.o
  CC      drivers/base/power/main.o
  CC      mm/pagewalk.o
  CC      crypto/deflate.o
  CC      sound/core/timer.o
  CC      mm/pgtable-generic.o
  CC      crypto/crc32c_generic.o
In file included from ../sound/core/timer.c:2125:
../sound/core/timer_compat.c:53:36: warning: taking address of packed member 'tid' of class or structure 'snd_timer_gparams32' may result in an unaligned pointer value [-Waddress-of-packed-member]
        if (copy_from_user(&gparams.tid, &user->tid, sizeof(gparams.tid)) ||
                                          ^~~~~~~~~
../sound/core/timer_compat.c:54:36: warning: taking address of packed member 'period_num' of class or structure 'snd_timer_gparams32' may result in an unaligned pointer value [-Waddress-of-packed-member]
            get_user(gparams.period_num, &user->period_num) ||
                                          ^~~~~~~~~~~~~~~~
../arch/arm64/include/asm/uaccess.h:355:18: note: expanded from macro 'get_user'
#define get_user        __get_user
                        ^
../arch/arm64/include/asm/uaccess.h:349:25: note: expanded from macro '__get_user'
        __get_user_check((x), (ptr), __gu_err);                         \
                               ^~~
../arch/arm64/include/asm/uaccess.h:330:15: note: expanded from macro '__get_user_check'
        __typeof__(*(ptr)) __user *__p = (ptr);                         \
                     ^~~
In file included from ../sound/core/timer.c:2125:
../sound/core/timer_compat.c:54:36: warning: taking address of packed member 'period_num' of class or structure 'snd_timer_gparams32' may result in an unaligned pointer value [-Waddress-of-packed-member]
            get_user(gparams.period_num, &user->period_num) ||
                                          ^~~~~~~~~~~~~~~~
../arch/arm64/include/asm/uaccess.h:355:18: note: expanded from macro 'get_user'
#define get_user        __get_user
                        ^
../arch/arm64/include/asm/uaccess.h:349:25: note: expanded from macro '__get_user'
        __get_user_check((x), (ptr), __gu_err);                         \
                               ^~~
../arch/arm64/include/asm/uaccess.h:330:36: note: expanded from macro '__get_user_check'
        __typeof__(*(ptr)) __user *__p = (ptr);                         \
                                          ^~~
In file included from ../sound/core/timer.c:2125:
../sound/core/timer_compat.c:55:36: warning: taking address of packed member 'period_den' of class or structure 'snd_timer_gparams32' may result in an unaligned pointer value [-Waddress-of-packed-member]
            get_user(gparams.period_den, &user->period_den))
                                          ^~~~~~~~~~~~~~~~
../arch/arm64/include/asm/uaccess.h:355:18: note: expanded from macro 'get_user'
#define get_user        __get_user
                        ^
../arch/arm64/include/asm/uaccess.h:349:25: note: expanded from macro '__get_user'
        __get_user_check((x), (ptr), __gu_err);                         \
                               ^~~
../arch/arm64/include/asm/uaccess.h:330:15: note: expanded from macro '__get_user_check'
        __typeof__(*(ptr)) __user *__p = (ptr);                         \
                     ^~~
In file included from ../sound/core/timer.c:2125:
../sound/core/timer_compat.c:55:36: warning: taking address of packed member 'period_den' of class or structure 'snd_timer_gparams32' may result in an unaligned pointer value [-Waddress-of-packed-member]
            get_user(gparams.period_den, &user->period_den))
                                          ^~~~~~~~~~~~~~~~
../arch/arm64/include/asm/uaccess.h:355:18: note: expanded from macro 'get_user'
#define get_user        __get_user
                        ^
../arch/arm64/include/asm/uaccess.h:349:25: note: expanded from macro '__get_user'
        __get_user_check((x), (ptr), __gu_err);                         \
                               ^~~
../arch/arm64/include/asm/uaccess.h:330:36: note: expanded from macro '__get_user_check'
        __typeof__(*(ptr)) __user *__p = (ptr);                         \
                                          ^~~
  CC      kernel/bpf/percpu_freelist.o
  CC      kernel/bpf/stackmap.o
  CC      mm/process_vm_access.o
  CC      crypto/crc32_generic.o
  CC      block/compat_ioctl.o
  CC      techpack/audio/asoc/codecs/sdm660_cdc/msm-digital-cdc-legacy-regmap.o
5 warnings generated.
  LD      techpack/audio/asoc/codecs/sdm660_cdc/analog_cdc_dlkm.o
  LD      techpack/audio/asoc/codecs/sdm660_cdc/digital_cdc_dlkm.o
  CC      mm/showmem.o
  LD      techpack/audio/asoc/codecs/sdm660_cdc/built-in.o
  CC      drivers/base/power/wakeup.o
  CC      crypto/authenc.o
  CC      kernel/bpf/cgroup.o
  CC      fs/block_dev.o
  LD      techpack/audio/asoc/codecs/wcd934x/built-in.o
  CC      sound/core/pcm.o
  CC      techpack/audio/asoc/codecs/wcd9xxx-rst.o
  CC      mm/vmpressure.o
  LD      block/built-in.o
  CC      mm/init-mm.o
  CC      techpack/audio/asoc/codecs/wcd9xxx-core-init.o
  CC      fs/direct-io.o
  CC      mm/nobootmem.o
  CC      techpack/audio/asoc/codecs/wcd9xxx-core.o
  CC      sound/core/pcm_native.o
  CC      crypto/authencesn.o
  CC      drivers/base/power/opp/core.o
  LD      kernel/bpf/built-in.o
  CC      kernel/events/core.o
  CC      drivers/base/power/opp/cpu.o
  CC      mm/fadvise.o
In file included from ../sound/core/pcm_native.c:3611:
../sound/core/pcm_compat.c:227:21: warning: taking address of packed member 'audio_tstamp_data' of class or structure 'snd_pcm_status32' may result in an unaligned pointer value [-Waddress-of-packed-member]
                                (u32 __user *)(&src->audio_tstamp_data)))
                                                ^~~~~~~~~~~~~~~~~~~~~~
../arch/arm64/include/asm/uaccess.h:355:18: note: expanded from macro 'get_user'
#define get_user        __get_user
                        ^
../arch/arm64/include/asm/uaccess.h:349:25: note: expanded from macro '__get_user'
        __get_user_check((x), (ptr), __gu_err);                         \
                               ^~~
../arch/arm64/include/asm/uaccess.h:330:15: note: expanded from macro '__get_user_check'
        __typeof__(*(ptr)) __user *__p = (ptr);                         \
                     ^~~
In file included from ../sound/core/pcm_native.c:3611:
../sound/core/pcm_compat.c:227:21: warning: taking address of packed member 'audio_tstamp_data' of class or structure 'snd_pcm_status32' may result in an unaligned pointer value [-Waddress-of-packed-member]
                                (u32 __user *)(&src->audio_tstamp_data)))
                                                ^~~~~~~~~~~~~~~~~~~~~~
../arch/arm64/include/asm/uaccess.h:355:18: note: expanded from macro 'get_user'
#define get_user        __get_user
                        ^
../arch/arm64/include/asm/uaccess.h:349:25: note: expanded from macro '__get_user'
        __get_user_check((x), (ptr), __gu_err);                         \
                               ^~~
../arch/arm64/include/asm/uaccess.h:330:36: note: expanded from macro '__get_user_check'
        __typeof__(*(ptr)) __user *__p = (ptr);                         \
                                          ^~~
In file included from ../sound/core/pcm_native.c:3611:
../sound/core/pcm_compat.c:235:30: warning: taking address of packed member 'state' of class or structure 'snd_pcm_status32' may result in an unaligned pointer value [-Waddress-of-packed-member]
        if (put_user(status.state, &src->state) ||
                                    ^~~~~~~~~~
../arch/arm64/include/asm/uaccess.h:426:18: note: expanded from macro 'put_user'
#define put_user        __put_user
                        ^
../arch/arm64/include/asm/uaccess.h:420:25: note: expanded from macro '__put_user'
        __put_user_check((x), (ptr), __pu_err);                         \
                               ^~~
../arch/arm64/include/asm/uaccess.h:401:15: note: expanded from macro '__put_user_check'
        __typeof__(*(ptr)) __user *__p = (ptr);                         \
                     ^~~
In file included from ../sound/core/pcm_native.c:3611:
../sound/core/pcm_compat.c:235:30: warning: taking address of packed member 'state' of class or structure 'snd_pcm_status32' may result in an unaligned pointer value [-Waddress-of-packed-member]
        if (put_user(status.state, &src->state) ||
                                    ^~~~~~~~~~
../arch/arm64/include/asm/uaccess.h:426:18: note: expanded from macro 'put_user'
#define put_user        __put_user
                        ^
../arch/arm64/include/asm/uaccess.h:420:25: note: expanded from macro '__put_user'
        __put_user_check((x), (ptr), __pu_err);                         \
                               ^~~
../arch/arm64/include/asm/uaccess.h:401:36: note: expanded from macro '__put_user_check'
        __typeof__(*(ptr)) __user *__p = (ptr);                         \
                                          ^~~
In file included from ../sound/core/pcm_native.c:3611:
../sound/core/pcm_compat.c:236:51: warning: taking address of packed member 'trigger_tstamp' of class or structure 'snd_pcm_status32' may result in an unaligned pointer value [-Waddress-of-packed-member]
            compat_put_timespec(&status.trigger_tstamp, &src->trigger_tstamp) ||
                                                         ^~~~~~~~~~~~~~~~~~~
../sound/core/pcm_compat.c:237:43: warning: taking address of packed member 'tstamp' of class or structure 'snd_pcm_status32' may result in an unaligned pointer value [-Waddress-of-packed-member]
            compat_put_timespec(&status.tstamp, &src->tstamp) ||
                                                 ^~~~~~~~~~~
../sound/core/pcm_compat.c:238:33: warning: taking address of packed member 'appl_ptr' of class or structure 'snd_pcm_status32' may result in an unaligned pointer value [-Waddress-of-packed-member]
            put_user(status.appl_ptr, &src->appl_ptr) ||
                                       ^~~~~~~~~~~~~
../arch/arm64/include/asm/uaccess.h:426:18: note: expanded from macro 'put_user'
#define put_user        __put_user
                        ^
../arch/arm64/include/asm/uaccess.h:420:25: note: expanded from macro '__put_user'
        __put_user_check((x), (ptr), __pu_err);                         \
                               ^~~
../arch/arm64/include/asm/uaccess.h:401:15: note: expanded from macro '__put_user_check'
        __typeof__(*(ptr)) __user *__p = (ptr);                         \
                     ^~~
In file included from ../sound/core/pcm_native.c:3611:
../sound/core/pcm_compat.c:238:33: warning: taking address of packed member 'appl_ptr' of class or structure 'snd_pcm_status32' may result in an unaligned pointer value [-Waddress-of-packed-member]
            put_user(status.appl_ptr, &src->appl_ptr) ||
                                       ^~~~~~~~~~~~~
../arch/arm64/include/asm/uaccess.h:426:18: note: expanded from macro 'put_user'
#define put_user        __put_user
                        ^
../arch/arm64/include/asm/uaccess.h:420:25: note: expanded from macro '__put_user'
        __put_user_check((x), (ptr), __pu_err);                         \
                               ^~~
../arch/arm64/include/asm/uaccess.h:401:36: note: expanded from macro '__put_user_check'
        __typeof__(*(ptr)) __user *__p = (ptr);                         \
                                          ^~~
In file included from ../sound/core/pcm_native.c:3611:
../sound/core/pcm_compat.c:239:31: warning: taking address of packed member 'hw_ptr' of class or structure 'snd_pcm_status32' may result in an unaligned pointer value [-Waddress-of-packed-member]
            put_user(status.hw_ptr, &src->hw_ptr) ||
                                     ^~~~~~~~~~~
../arch/arm64/include/asm/uaccess.h:426:18: note: expanded from macro 'put_user'
#define put_user        __put_user
                        ^
../arch/arm64/include/asm/uaccess.h:420:25: note: expanded from macro '__put_user'
        __put_user_check((x), (ptr), __pu_err);                         \
                               ^~~
../arch/arm64/include/asm/uaccess.h:401:15: note: expanded from macro '__put_user_check'
        __typeof__(*(ptr)) __user *__p = (ptr);                         \
                     ^~~
In file included from ../sound/core/pcm_native.c:3611:
../sound/core/pcm_compat.c:239:31: warning: taking address of packed member 'hw_ptr' of class or structure 'snd_pcm_status32' may result in an unaligned pointer value [-Waddress-of-packed-member]
            put_user(status.hw_ptr, &src->hw_ptr) ||
                                     ^~~~~~~~~~~
../arch/arm64/include/asm/uaccess.h:426:18: note: expanded from macro 'put_user'
#define put_user        __put_user
                        ^
../arch/arm64/include/asm/uaccess.h:420:25: note: expanded from macro '__put_user'
        __put_user_check((x), (ptr), __pu_err);                         \
                               ^~~
../arch/arm64/include/asm/uaccess.h:401:36: note: expanded from macro '__put_user_check'
        __typeof__(*(ptr)) __user *__p = (ptr);                         \
                                          ^~~
In file included from ../sound/core/pcm_native.c:3611:
../sound/core/pcm_compat.c:240:30: warning: taking address of packed member 'delay' of class or structure 'snd_pcm_status32' may result in an unaligned pointer value [-Waddress-of-packed-member]
            put_user(status.delay, &src->delay) ||
                                    ^~~~~~~~~~
../arch/arm64/include/asm/uaccess.h:426:18: note: expanded from macro 'put_user'
#define put_user        __put_user
                        ^
../arch/arm64/include/asm/uaccess.h:420:25: note: expanded from macro '__put_user'
        __put_user_check((x), (ptr), __pu_err);                         \
                               ^~~
../arch/arm64/include/asm/uaccess.h:401:15: note: expanded from macro '__put_user_check'
        __typeof__(*(ptr)) __user *__p = (ptr);                         \
                     ^~~
In file included from ../sound/core/pcm_native.c:3611:
../sound/core/pcm_compat.c:240:30: warning: taking address of packed member 'delay' of class or structure 'snd_pcm_status32' may result in an unaligned pointer value [-Waddress-of-packed-member]
            put_user(status.delay, &src->delay) ||
                                    ^~~~~~~~~~
../arch/arm64/include/asm/uaccess.h:426:18: note: expanded from macro 'put_user'
#define put_user        __put_user
                        ^
../arch/arm64/include/asm/uaccess.h:420:25: note: expanded from macro '__put_user'
        __put_user_check((x), (ptr), __pu_err);                         \
                               ^~~
../arch/arm64/include/asm/uaccess.h:401:36: note: expanded from macro '__put_user_check'
        __typeof__(*(ptr)) __user *__p = (ptr);                         \
                                          ^~~
In file included from ../sound/core/pcm_native.c:3611:
../sound/core/pcm_compat.c:241:30: warning: taking address of packed member 'avail' of class or structure 'snd_pcm_status32' may result in an unaligned pointer value [-Waddress-of-packed-member]
            put_user(status.avail, &src->avail) ||
                                    ^~~~~~~~~~
../arch/arm64/include/asm/uaccess.h:426:18: note: expanded from macro 'put_user'
#define put_user        __put_user
                        ^
../arch/arm64/include/asm/uaccess.h:420:25: note: expanded from macro '__put_user'
        __put_user_check((x), (ptr), __pu_err);                         \
                               ^~~
../arch/arm64/include/asm/uaccess.h:401:15: note: expanded from macro '__put_user_check'
        __typeof__(*(ptr)) __user *__p = (ptr);                         \
                     ^~~
In file included from ../sound/core/pcm_native.c:3611:
../sound/core/pcm_compat.c:241:30: warning: taking address of packed member 'avail' of class or structure 'snd_pcm_status32' may result in an unaligned pointer value [-Waddress-of-packed-member]
            put_user(status.avail, &src->avail) ||
                                    ^~~~~~~~~~
../arch/arm64/include/asm/uaccess.h:426:18: note: expanded from macro 'put_user'
#define put_user        __put_user
                        ^
../arch/arm64/include/asm/uaccess.h:420:25: note: expanded from macro '__put_user'
        __put_user_check((x), (ptr), __pu_err);                         \
                               ^~~
../arch/arm64/include/asm/uaccess.h:401:36: note: expanded from macro '__put_user_check'
        __typeof__(*(ptr)) __user *__p = (ptr);                         \
                                          ^~~
In file included from ../sound/core/pcm_native.c:3611:
../sound/core/pcm_compat.c:242:34: warning: taking address of packed member 'avail_max' of class or structure 'snd_pcm_status32' may result in an unaligned pointer value [-Waddress-of-packed-member]
            put_user(status.avail_max, &src->avail_max) ||
                                        ^~~~~~~~~~~~~~
../arch/arm64/include/asm/uaccess.h:426:18: note: expanded from macro 'put_user'
#define put_user        __put_user
                        ^
../arch/arm64/include/asm/uaccess.h:420:25: note: expanded from macro '__put_user'
        __put_user_check((x), (ptr), __pu_err);                         \
                               ^~~
../arch/arm64/include/asm/uaccess.h:401:15: note: expanded from macro '__put_user_check'
        __typeof__(*(ptr)) __user *__p = (ptr);                         \
                     ^~~
In file included from ../sound/core/pcm_native.c:3611:
../sound/core/pcm_compat.c:242:34: warning: taking address of packed member 'avail_max' of class or structure 'snd_pcm_status32' may result in an unaligned pointer value [-Waddress-of-packed-member]
            put_user(status.avail_max, &src->avail_max) ||
                                        ^~~~~~~~~~~~~~
../arch/arm64/include/asm/uaccess.h:426:18: note: expanded from macro 'put_user'
#define put_user        __put_user
                        ^
../arch/arm64/include/asm/uaccess.h:420:25: note: expanded from macro '__put_user'
        __put_user_check((x), (ptr), __pu_err);                         \
                               ^~~
../arch/arm64/include/asm/uaccess.h:401:36: note: expanded from macro '__put_user_check'
        __typeof__(*(ptr)) __user *__p = (ptr);                         \
                                          ^~~
In file included from ../sound/core/pcm_native.c:3611:
../sound/core/pcm_compat.c:243:34: warning: taking address of packed member 'overrange' of class or structure 'snd_pcm_status32' may result in an unaligned pointer value [-Waddress-of-packed-member]
            put_user(status.overrange, &src->overrange) ||
                                        ^~~~~~~~~~~~~~
../arch/arm64/include/asm/uaccess.h:426:18: note: expanded from macro 'put_user'
#define put_user        __put_user
                        ^
../arch/arm64/include/asm/uaccess.h:420:25: note: expanded from macro '__put_user'
        __put_user_check((x), (ptr), __pu_err);                         \
                               ^~~
../arch/arm64/include/asm/uaccess.h:401:15: note: expanded from macro '__put_user_check'
        __typeof__(*(ptr)) __user *__p = (ptr);                         \
                     ^~~
In file included from ../sound/core/pcm_native.c:3611:
../sound/core/pcm_compat.c:243:34: warning: taking address of packed member 'overrange' of class or structure 'snd_pcm_status32' may result in an unaligned pointer value [-Waddress-of-packed-member]
            put_user(status.overrange, &src->overrange) ||
                                        ^~~~~~~~~~~~~~
../arch/arm64/include/asm/uaccess.h:426:18: note: expanded from macro 'put_user'
#define put_user        __put_user
                        ^
../arch/arm64/include/asm/uaccess.h:420:25: note: expanded from macro '__put_user'
        __put_user_check((x), (ptr), __pu_err);                         \
                               ^~~
../arch/arm64/include/asm/uaccess.h:401:36: note: expanded from macro '__put_user_check'
        __typeof__(*(ptr)) __user *__p = (ptr);                         \
                                          ^~~
In file included from ../sound/core/pcm_native.c:3611:
../sound/core/pcm_compat.c:244:40: warning: taking address of packed member 'suspended_state' of class or structure 'snd_pcm_status32' may result in an unaligned pointer value [-Waddress-of-packed-member]
            put_user(status.suspended_state, &src->suspended_state) ||
                                              ^~~~~~~~~~~~~~~~~~~~
../arch/arm64/include/asm/uaccess.h:426:18: note: expanded from macro 'put_user'
#define put_user        __put_user
                        ^
../arch/arm64/include/asm/uaccess.h:420:25: note: expanded from macro '__put_user'
        __put_user_check((x), (ptr), __pu_err);                         \
                               ^~~
../arch/arm64/include/asm/uaccess.h:401:15: note: expanded from macro '__put_user_check'
        __typeof__(*(ptr)) __user *__p = (ptr);                         \
                     ^~~
In file included from ../sound/core/pcm_native.c:3611:
../sound/core/pcm_compat.c:244:40: warning: taking address of packed member 'suspended_state' of class or structure 'snd_pcm_status32' may result in an unaligned pointer value [-Waddress-of-packed-member]
            put_user(status.suspended_state, &src->suspended_state) ||
                                              ^~~~~~~~~~~~~~~~~~~~
../arch/arm64/include/asm/uaccess.h:426:18: note: expanded from macro 'put_user'
#define put_user        __put_user
                        ^
../arch/arm64/include/asm/uaccess.h:420:25: note: expanded from macro '__put_user'
        __put_user_check((x), (ptr), __pu_err);                         \
                               ^~~
../arch/arm64/include/asm/uaccess.h:401:36: note: expanded from macro '__put_user_check'
        __typeof__(*(ptr)) __user *__p = (ptr);                         \
                                          ^~~
In file included from ../sound/core/pcm_native.c:3611:
../sound/core/pcm_compat.c:245:42: warning: taking address of packed member 'audio_tstamp_data' of class or structure 'snd_pcm_status32' may result in an unaligned pointer value [-Waddress-of-packed-member]
            put_user(status.audio_tstamp_data, &src->audio_tstamp_data) ||
                                                ^~~~~~~~~~~~~~~~~~~~~~
../arch/arm64/include/asm/uaccess.h:426:18: note: expanded from macro 'put_user'
#define put_user        __put_user
                        ^
../arch/arm64/include/asm/uaccess.h:420:25: note: expanded from macro '__put_user'
        __put_user_check((x), (ptr), __pu_err);                         \
                               ^~~
../arch/arm64/include/asm/uaccess.h:401:15: note: expanded from macro '__put_user_check'
        __typeof__(*(ptr)) __user *__p = (ptr);                         \
                     ^~~
In file included from ../sound/core/pcm_native.c:3611:
../sound/core/pcm_compat.c:245:42: warning: taking address of packed member 'audio_tstamp_data' of class or structure 'snd_pcm_status32' may result in an unaligned pointer value [-Waddress-of-packed-member]
            put_user(status.audio_tstamp_data, &src->audio_tstamp_data) ||
                                                ^~~~~~~~~~~~~~~~~~~~~~
../arch/arm64/include/asm/uaccess.h:426:18: note: expanded from macro 'put_user'
#define put_user        __put_user
                        ^
../arch/arm64/include/asm/uaccess.h:420:25: note: expanded from macro '__put_user'
        __put_user_check((x), (ptr), __pu_err);                         \
                               ^~~
../arch/arm64/include/asm/uaccess.h:401:36: note: expanded from macro '__put_user_check'
        __typeof__(*(ptr)) __user *__p = (ptr);                         \
                                          ^~~
In file included from ../sound/core/pcm_native.c:3611:
../sound/core/pcm_compat.c:246:49: warning: taking address of packed member 'audio_tstamp' of class or structure 'snd_pcm_status32' may result in an unaligned pointer value [-Waddress-of-packed-member]
            compat_put_timespec(&status.audio_tstamp, &src->audio_tstamp) ||
                                                       ^~~~~~~~~~~~~~~~~
../sound/core/pcm_compat.c:247:50: warning: taking address of packed member 'driver_tstamp' of class or structure 'snd_pcm_status32' may result in an unaligned pointer value [-Waddress-of-packed-member]
            compat_put_timespec(&status.driver_tstamp, &src->driver_tstamp) ||
                                                        ^~~~~~~~~~~~~~~~~~
../sound/core/pcm_compat.c:248:46: warning: taking address of packed member 'audio_tstamp_accuracy' of class or structure 'snd_pcm_status32' may result in an unaligned pointer value [-Waddress-of-packed-member]
            put_user(status.audio_tstamp_accuracy, &src->audio_tstamp_accuracy))
                                                    ^~~~~~~~~~~~~~~~~~~~~~~~~~
../arch/arm64/include/asm/uaccess.h:426:18: note: expanded from macro 'put_user'
#define put_user        __put_user
                        ^
../arch/arm64/include/asm/uaccess.h:420:25: note: expanded from macro '__put_user'
        __put_user_check((x), (ptr), __pu_err);                         \
                               ^~~
../arch/arm64/include/asm/uaccess.h:401:15: note: expanded from macro '__put_user_check'
        __typeof__(*(ptr)) __user *__p = (ptr);                         \
                     ^~~
In file included from ../sound/core/pcm_native.c:3611:
../sound/core/pcm_compat.c:248:46: warning: taking address of packed member 'audio_tstamp_accuracy' of class or structure 'snd_pcm_status32' may result in an unaligned pointer value [-Waddress-of-packed-member]
            put_user(status.audio_tstamp_accuracy, &src->audio_tstamp_accuracy))
                                                    ^~~~~~~~~~~~~~~~~~~~~~~~~~
../arch/arm64/include/asm/uaccess.h:426:18: note: expanded from macro 'put_user'
#define put_user        __put_user
                        ^
../arch/arm64/include/asm/uaccess.h:420:25: note: expanded from macro '__put_user'
        __put_user_check((x), (ptr), __pu_err);                         \
                               ^~~
../arch/arm64/include/asm/uaccess.h:401:36: note: expanded from macro '__put_user_check'
        __typeof__(*(ptr)) __user *__p = (ptr);                         \
                                          ^~~
In file included from ../sound/core/pcm_native.c:3611:
../sound/core/pcm_compat.c:504:24: warning: taking address of packed member 'flags' of class or structure 'snd_pcm_sync_ptr32' may result in an unaligned pointer value [-Waddress-of-packed-member]
        if (get_user(sflags, &src->flags) ||
                              ^~~~~~~~~~
../arch/arm64/include/asm/uaccess.h:355:18: note: expanded from macro 'get_user'
#define get_user        __get_user
                        ^
../arch/arm64/include/asm/uaccess.h:349:25: note: expanded from macro '__get_user'
        __get_user_check((x), (ptr), __gu_err);                         \
                               ^~~
../arch/arm64/include/asm/uaccess.h:330:15: note: expanded from macro '__get_user_check'
        __typeof__(*(ptr)) __user *__p = (ptr);                         \
                     ^~~
In file included from ../sound/core/pcm_native.c:3611:
../sound/core/pcm_compat.c:504:24: warning: taking address of packed member 'flags' of class or structure 'snd_pcm_sync_ptr32' may result in an unaligned pointer value [-Waddress-of-packed-member]
        if (get_user(sflags, &src->flags) ||
                              ^~~~~~~~~~
../arch/arm64/include/asm/uaccess.h:355:18: note: expanded from macro 'get_user'
#define get_user        __get_user
                        ^
../arch/arm64/include/asm/uaccess.h:349:25: note: expanded from macro '__get_user'
        __get_user_check((x), (ptr), __gu_err);                         \
                               ^~~
../arch/arm64/include/asm/uaccess.h:330:36: note: expanded from macro '__get_user_check'
        __typeof__(*(ptr)) __user *__p = (ptr);                         \
                                          ^~~
In file included from ../sound/core/pcm_native.c:3611:
../sound/core/pcm_compat.c:505:35: warning: taking address of packed member 'c' of class or structure 'snd_pcm_sync_ptr32' may result in an unaligned pointer value [-Waddress-of-packed-member]
            get_user(scontrol.appl_ptr, &src->c.control.appl_ptr) ||
                                         ^~~~~~~~~~~~~~~~~~~~~~~
../arch/arm64/include/asm/uaccess.h:355:18: note: expanded from macro 'get_user'
#define get_user        __get_user
                        ^
../arch/arm64/include/asm/uaccess.h:349:25: note: expanded from macro '__get_user'
        __get_user_check((x), (ptr), __gu_err);                         \
                               ^~~
../arch/arm64/include/asm/uaccess.h:330:15: note: expanded from macro '__get_user_check'
        __typeof__(*(ptr)) __user *__p = (ptr);                         \
                     ^~~
In file included from ../sound/core/pcm_native.c:3611:
../sound/core/pcm_compat.c:505:35: warning: taking address of packed member 'c' of class or structure 'snd_pcm_sync_ptr32' may result in an unaligned pointer value [-Waddress-of-packed-member]
            get_user(scontrol.appl_ptr, &src->c.control.appl_ptr) ||
                                         ^~~~~~~~~~~~~~~~~~~~~~~
../arch/arm64/include/asm/uaccess.h:355:18: note: expanded from macro 'get_user'
#define get_user        __get_user
                        ^
../arch/arm64/include/asm/uaccess.h:349:25: note: expanded from macro '__get_user'
        __get_user_check((x), (ptr), __gu_err);                         \
                               ^~~
../arch/arm64/include/asm/uaccess.h:330:36: note: expanded from macro '__get_user_check'
        __typeof__(*(ptr)) __user *__p = (ptr);                         \
                                          ^~~
In file included from ../sound/core/pcm_native.c:3611:
../sound/core/pcm_compat.c:506:36: warning: taking address of packed member 'c' of class or structure 'snd_pcm_sync_ptr32' may result in an unaligned pointer value [-Waddress-of-packed-member]
            get_user(scontrol.avail_min, &src->c.control.avail_min))
                                          ^~~~~~~~~~~~~~~~~~~~~~~~
../arch/arm64/include/asm/uaccess.h:355:18: note: expanded from macro 'get_user'
#define get_user        __get_user
                        ^
../arch/arm64/include/asm/uaccess.h:349:25: note: expanded from macro '__get_user'
        __get_user_check((x), (ptr), __gu_err);                         \
                               ^~~
../arch/arm64/include/asm/uaccess.h:330:15: note: expanded from macro '__get_user_check'
        __typeof__(*(ptr)) __user *__p = (ptr);                         \
                     ^~~
In file included from ../sound/core/pcm_native.c:3611:
../sound/core/pcm_compat.c:506:36: warning: taking address of packed member 'c' of class or structure 'snd_pcm_sync_ptr32' may result in an unaligned pointer value [-Waddress-of-packed-member]
            get_user(scontrol.avail_min, &src->c.control.avail_min))
                                          ^~~~~~~~~~~~~~~~~~~~~~~~
../arch/arm64/include/asm/uaccess.h:355:18: note: expanded from macro 'get_user'
#define get_user        __get_user
                        ^
../arch/arm64/include/asm/uaccess.h:349:25: note: expanded from macro '__get_user'
        __get_user_check((x), (ptr), __gu_err);                         \
                               ^~~
../arch/arm64/include/asm/uaccess.h:330:36: note: expanded from macro '__get_user_check'
        __typeof__(*(ptr)) __user *__p = (ptr);                         \
                                          ^~~
In file included from ../sound/core/pcm_native.c:3611:
../sound/core/pcm_compat.c:534:31: warning: taking address of packed member 'state' of class or structure 'snd_pcm_mmap_status32' may result in an unaligned pointer value [-Waddress-of-packed-member]
        if (put_user(sstatus.state, &src->s.status.state) ||
                                     ^~~~~~~~~~~~~~~~~~~
../arch/arm64/include/asm/uaccess.h:426:18: note: expanded from macro 'put_user'
#define put_user        __put_user
                        ^
../arch/arm64/include/asm/uaccess.h:420:25: note: expanded from macro '__put_user'
        __put_user_check((x), (ptr), __pu_err);                         \
                               ^~~
../arch/arm64/include/asm/uaccess.h:401:15: note: expanded from macro '__put_user_check'
        __typeof__(*(ptr)) __user *__p = (ptr);                         \
                     ^~~
In file included from ../sound/core/pcm_native.c:3611:
../sound/core/pcm_compat.c:534:31: warning: taking address of packed member 'state' of class or structure 'snd_pcm_mmap_status32' may result in an unaligned pointer value [-Waddress-of-packed-member]
        if (put_user(sstatus.state, &src->s.status.state) ||
                                     ^~~~~~~~~~~~~~~~~~~
../arch/arm64/include/asm/uaccess.h:426:18: note: expanded from macro 'put_user'
#define put_user        __put_user
                        ^
../arch/arm64/include/asm/uaccess.h:420:25: note: expanded from macro '__put_user'
        __put_user_check((x), (ptr), __pu_err);                         \
                               ^~~
../arch/arm64/include/asm/uaccess.h:401:36: note: expanded from macro '__put_user_check'
        __typeof__(*(ptr)) __user *__p = (ptr);                         \
                                          ^~~
In file included from ../sound/core/pcm_native.c:3611:
../sound/core/pcm_compat.c:535:32: warning: taking address of packed member 'hw_ptr' of class or structure 'snd_pcm_mmap_status32' may result in an unaligned pointer value [-Waddress-of-packed-member]
            put_user(sstatus.hw_ptr, &src->s.status.hw_ptr) ||
                                      ^~~~~~~~~~~~~~~~~~~~
../arch/arm64/include/asm/uaccess.h:426:18: note: expanded from macro 'put_user'
#define put_user        __put_user
                        ^
../arch/arm64/include/asm/uaccess.h:420:25: note: expanded from macro '__put_user'
        __put_user_check((x), (ptr), __pu_err);                         \
                               ^~~
../arch/arm64/include/asm/uaccess.h:401:15: note: expanded from macro '__put_user_check'
        __typeof__(*(ptr)) __user *__p = (ptr);                         \
                     ^~~
In file included from ../sound/core/pcm_native.c:3611:
../sound/core/pcm_compat.c:535:32: warning: taking address of packed member 'hw_ptr' of class or structure 'snd_pcm_mmap_status32' may result in an unaligned pointer value [-Waddress-of-packed-member]
            put_user(sstatus.hw_ptr, &src->s.status.hw_ptr) ||
                                      ^~~~~~~~~~~~~~~~~~~~
../arch/arm64/include/asm/uaccess.h:426:18: note: expanded from macro 'put_user'
#define put_user        __put_user
                        ^
../arch/arm64/include/asm/uaccess.h:420:25: note: expanded from macro '__put_user'
        __put_user_check((x), (ptr), __pu_err);                         \
                               ^~~
../arch/arm64/include/asm/uaccess.h:401:36: note: expanded from macro '__put_user_check'
        __typeof__(*(ptr)) __user *__p = (ptr);                         \
                                          ^~~
In file included from ../sound/core/pcm_native.c:3611:
../sound/core/pcm_compat.c:536:44: warning: taking address of packed member 'tstamp' of class or structure 'snd_pcm_mmap_status32' may result in an unaligned pointer value [-Waddress-of-packed-member]
            compat_put_timespec(&sstatus.tstamp, &src->s.status.tstamp) ||
                                                  ^~~~~~~~~~~~~~~~~~~~
../sound/core/pcm_compat.c:537:41: warning: taking address of packed member 'suspended_state' of class or structure 'snd_pcm_mmap_status32' may result in an unaligned pointer value [-Waddress-of-packed-member]
            put_user(sstatus.suspended_state, &src->s.status.suspended_state) ||
                                               ^~~~~~~~~~~~~~~~~~~~~~~~~~~~~
../arch/arm64/include/asm/uaccess.h:426:18: note: expanded from macro 'put_user'
#define put_user        __put_user
                        ^
../arch/arm64/include/asm/uaccess.h:420:25: note: expanded from macro '__put_user'
        __put_user_check((x), (ptr), __pu_err);                         \
                               ^~~
../arch/arm64/include/asm/uaccess.h:401:15: note: expanded from macro '__put_user_check'
        __typeof__(*(ptr)) __user *__p = (ptr);                         \
                     ^~~
In file included from ../sound/core/pcm_native.c:3611:
../sound/core/pcm_compat.c:537:41: warning: taking address of packed member 'suspended_state' of class or structure 'snd_pcm_mmap_status32' may result in an unaligned pointer value [-Waddress-of-packed-member]
            put_user(sstatus.suspended_state, &src->s.status.suspended_state) ||
                                               ^~~~~~~~~~~~~~~~~~~~~~~~~~~~~
../arch/arm64/include/asm/uaccess.h:426:18: note: expanded from macro 'put_user'
#define put_user        __put_user
                        ^
../arch/arm64/include/asm/uaccess.h:420:25: note: expanded from macro '__put_user'
        __put_user_check((x), (ptr), __pu_err);                         \
                               ^~~
../arch/arm64/include/asm/uaccess.h:401:36: note: expanded from macro '__put_user_check'
        __typeof__(*(ptr)) __user *__p = (ptr);                         \
                                          ^~~
In file included from ../sound/core/pcm_native.c:3611:
../sound/core/pcm_compat.c:539:8: warning: taking address of packed member 'audio_tstamp' of class or structure 'snd_pcm_mmap_status32' may result in an unaligned pointer value [-Waddress-of-packed-member]
                    &src->s.status.audio_tstamp) ||
                     ^~~~~~~~~~~~~~~~~~~~~~~~~~
../sound/core/pcm_compat.c:540:35: warning: taking address of packed member 'c' of class or structure 'snd_pcm_sync_ptr32' may result in an unaligned pointer value [-Waddress-of-packed-member]
            put_user(scontrol.appl_ptr, &src->c.control.appl_ptr) ||
                                         ^~~~~~~~~~~~~~~~~~~~~~~
../arch/arm64/include/asm/uaccess.h:426:18: note: expanded from macro 'put_user'
#define put_user        __put_user
                        ^
../arch/arm64/include/asm/uaccess.h:420:25: note: expanded from macro '__put_user'
        __put_user_check((x), (ptr), __pu_err);                         \
                               ^~~
../arch/arm64/include/asm/uaccess.h:401:15: note: expanded from macro '__put_user_check'
        __typeof__(*(ptr)) __user *__p = (ptr);                         \
                     ^~~
In file included from ../sound/core/pcm_native.c:3611:
../sound/core/pcm_compat.c:540:35: warning: taking address of packed member 'c' of class or structure 'snd_pcm_sync_ptr32' may result in an unaligned pointer value [-Waddress-of-packed-member]
            put_user(scontrol.appl_ptr, &src->c.control.appl_ptr) ||
                                         ^~~~~~~~~~~~~~~~~~~~~~~
../arch/arm64/include/asm/uaccess.h:426:18: note: expanded from macro 'put_user'
#define put_user        __put_user
                        ^
../arch/arm64/include/asm/uaccess.h:420:25: note: expanded from macro '__put_user'
        __put_user_check((x), (ptr), __pu_err);                         \
                               ^~~
../arch/arm64/include/asm/uaccess.h:401:36: note: expanded from macro '__put_user_check'
        __typeof__(*(ptr)) __user *__p = (ptr);                         \
                                          ^~~
In file included from ../sound/core/pcm_native.c:3611:
../sound/core/pcm_compat.c:541:36: warning: taking address of packed member 'c' of class or structure 'snd_pcm_sync_ptr32' may result in an unaligned pointer value [-Waddress-of-packed-member]
            put_user(scontrol.avail_min, &src->c.control.avail_min))
                                          ^~~~~~~~~~~~~~~~~~~~~~~~
../arch/arm64/include/asm/uaccess.h:426:18: note: expanded from macro 'put_user'
#define put_user        __put_user
                        ^
../arch/arm64/include/asm/uaccess.h:420:25: note: expanded from macro '__put_user'
        __put_user_check((x), (ptr), __pu_err);                         \
                               ^~~
../arch/arm64/include/asm/uaccess.h:401:15: note: expanded from macro '__put_user_check'
        __typeof__(*(ptr)) __user *__p = (ptr);                         \
                     ^~~
In file included from ../sound/core/pcm_native.c:3611:
../sound/core/pcm_compat.c:541:36: warning: taking address of packed member 'c' of class or structure 'snd_pcm_sync_ptr32' may result in an unaligned pointer value [-Waddress-of-packed-member]
            put_user(scontrol.avail_min, &src->c.control.avail_min))
                                          ^~~~~~~~~~~~~~~~~~~~~~~~
../arch/arm64/include/asm/uaccess.h:426:18: note: expanded from macro 'put_user'
#define put_user        __put_user
                        ^
../arch/arm64/include/asm/uaccess.h:420:25: note: expanded from macro '__put_user'
        __put_user_check((x), (ptr), __pu_err);                         \
                               ^~~
../arch/arm64/include/asm/uaccess.h:401:36: note: expanded from macro '__put_user_check'
        __typeof__(*(ptr)) __user *__p = (ptr);                         \
                                          ^~~
  CC      crypto/lzo.o
  CC      techpack/stub/stub.o
  CC      drivers/base/power/opp/of.o
  CC      mm/madvise.o
  LD      techpack/stub/built-in.o
  LD      sound/firewire/built-in.o
  CC      drivers/base/regmap/regmap.o
  CC      crypto/lz4.o
  CC      techpack/audio/asoc/codecs/wcd9xxx-irq.o
  CC      crypto/rng.o
  CC      fs/mpage.o
  CC      drivers/base/power/opp/debugfs.o
  CC      mm/memblock.o
  LD      drivers/base/power/opp/built-in.o
  CC      drivers/base/power/clock_ops.o
  CC      techpack/audio/asoc/codecs/wcd9xxx-slimslave.o
44 warnings generated.
  CC      crypto/ansi_cprng.o
  CC      sound/core/pcm_lib.o
  CC      mm/page_io.o
  LD      drivers/base/power/built-in.o
  CC      fs/proc_namespace.o
  CC      drivers/base/dma-mapping.o
  CC      techpack/audio/asoc/codecs/wcd9xxx-utils.o
  CC      crypto/drbg.o
  CC      drivers/base/regmap/regcache.o
  CC      mm/swap_state.o
  CC      fs/configfs/inode.o
  CC      kernel/irq/irqdesc.o
  CC      techpack/audio/asoc/codecs/wcd9335-regmap.o
  CC      mm/swapfile.o
  CC      crypto/jitterentropy.o
  CC      fs/configfs/file.o
  CC      crypto/jitterentropy-kcapi.o
  CC      drivers/base/regmap/regcache-rbtree.o
  CC      sound/core/pcm_misc.o
  CC      fs/configfs/dir.o
../drivers/base/regmap/regcache-rbtree.c:130:16: warning: taking address of packed member 'node' of class or structure 'regcache_rbtree_node' may result in an unaligned pointer value [-Waddress-of-packed-member]
        rb_link_node(&rbnode->node, parent, new);
                      ^~~~~~~~~~~~
../drivers/base/regmap/regcache-rbtree.c:131:19: warning: taking address of packed member 'node' of class or structure 'regcache_rbtree_node' may result in an unaligned pointer value [-Waddress-of-packed-member]
        rb_insert_color(&rbnode->node, root);
                         ^~~~~~~~~~~~
../drivers/base/regmap/regcache-rbtree.c:243:19: warning: taking address of packed member 'node' of class or structure 'regcache_rbtree_node' may result in an unaligned pointer value [-Waddress-of-packed-member]
                next = rb_next(&rbtree_node->node);
                                ^~~~~~~~~~~~~~~~~
../drivers/base/regmap/regcache-rbtree.c:244:13: warning: taking address of packed member 'node' of class or structure 'regcache_rbtree_node' may result in an unaligned pointer value [-Waddress-of-packed-member]
                rb_erase(&rbtree_node->node, &rbtree_ctx->root);
                          ^~~~~~~~~~~~~~~~~
  CC      crypto/ghash-generic.o
  CC      techpack/audio/asoc/codecs/wcd9335-tables.o
  CC      techpack/audio/asoc/codecs/msm-cdc-pinctrl.o
4 warnings generated.
  CC      kernel/irq/handle.o
  CC      drivers/base/regmap/regcache-lzo.o
  CC      kernel/events/ring_buffer.o
  CC      sound/core/pcm_memory.o
  CC      crypto/asymmetric_keys/asymmetric_type.o
  CC      drivers/base/regmap/regcache-flat.o
  CC      techpack/audio/asoc/codecs/msm-cdc-supply.o
  CC      kernel/irq/manage.o
  CC      fs/configfs/symlink.o
  CC      drivers/base/regmap/regmap-debugfs.o
  CC      mm/swap_ratio.o
  CC      kernel/events/callchain.o
  CC      sound/core/memalloc.o
  CC      crypto/asymmetric_keys/restrict.o
  CC      fs/configfs/mount.o
  CC      techpack/audio/asoc/codecs/wcd934x/wcd934x-regmap.o
  CC      mm/dmapool.o
  CC      drivers/base/regmap/regmap-i2c.o
  CC      kernel/events/hw_breakpoint.o
  CC      crypto/asymmetric_keys/signature.o
  CC      fs/configfs/item.o
  CC      kernel/irq/spurious.o
  CC      sound/core/pcm_timer.o
  CC      crypto/asymmetric_keys/public_key.o
  CC      drivers/base/regmap/regmap-spi.o
  CC      techpack/audio/asoc/codecs/wcd934x/wcd934x-tables.o
  CC      mm/sparse.o
  CC      techpack/audio/asoc/codecs/wcd9xxx-common-v2.o
  LD      fs/configfs/configfs.o
  LD      fs/configfs/built-in.o
  CC      fs/crypto/crypto.o
  CC      kernel/irq/resend.o
  LD      kernel/events/built-in.o
  CC      sound/core/rawmidi.o
  CC      fs/debugfs/inode.o
  CC      kernel/irq/chip.o
  ASN.1   crypto/asymmetric_keys/x509-asn1.c
In file included from ../sound/core/rawmidi.c:1444:
../sound/core/rawmidi_compat.c:39:31: warning: taking address of packed member 'stream' of class or structure 'snd_rawmidi_params32' may result in an unaligned pointer value [-Waddress-of-packed-member]
        if (get_user(params.stream, &src->stream) ||
                                     ^~~~~~~~~~~
../arch/arm64/include/asm/uaccess.h:355:18: note: expanded from macro 'get_user'
#define get_user        __get_user
                        ^
../arch/arm64/include/asm/uaccess.h  ASN.1   crypto/asymmetric_keys/x509_akid-asn1.c
:349:25: note: expanded from macro '__get_user'
        __get_user_check((x), (ptr), __gu_err);                         \
                               ^~~
../arch/arm64/include/asm/uaccess.h:330:15:   CC      crypto/asymmetric_keys/x509_public_key.o
note: expanded from macro '__get_user_check'
        __typeof__(*(ptr)) __user *__p = (ptr);                         \
                     ^~~
In file included from   CC      drivers/base/regmap/regmap-spmi.o
../sound/core/rawmidi.c:1444:
../sound/core/rawmidi_compat.c:39:31: warning: taking address of packed member 'stream' of class or structure 'snd_rawmidi_params32' may result in an unaligned pointer value [-Waddress-of-packed-member]
        if (get_user(params.stream, &src->stream) ||
                                     ^~~~~~~~~~~
../arch/arm64/include/asm/uaccess.h:355:18: note: expanded from macro 'get_user'
#define get_user        __get_user
                        ^
../arch/arm64/include/asm/uaccess.h:349:25: note: expanded from macro '__get_user'
        __get_user_check((x), (ptr), __gu_err);                         \
                               ^~~
../arch/arm64/include/asm/uaccess.h:330:36: note: expanded from macro '__get_user_check'
        __typeof__(*(ptr)) __user *__p = (ptr);                         \
                                          ^~~
In file included from ../sound/core/rawmidi.c:1444:
../sound/core/rawmidi_compat.c:40:36: warning: taking address of packed member 'buffer_size' of class or structure 'snd_rawmidi_params32' may result in an unaligned pointer value [-Waddress-of-packed-member]
            get_user(params.buffer_size, &src->buffer_size) ||
                                          ^~~~~~~~~~~~~~~~
../arch/arm64/include/asm/uaccess.h:355:18: note: expanded from macro 'get_user'
#define get_user        __get_user
                        ^
../arch/arm64/include/asm/uaccess.h:349:25: note: expanded from macro '__get_user'
        __get_user_check((x), (ptr), __gu_err);                         \
                               ^~~
../arch/arm64/include/asm/uaccess.h:330:15: note: expanded from macro '__get_user_check'
        __typeof__(*(ptr)) __user *__p = (ptr);                         \
                     ^~~
In file included from ../sound/core/rawmidi.c:1444:
../sound/core/rawmidi_compat.c:40:36: warning: taking address of packed member 'buffer_size' of class or structure 'snd_rawmidi_params32' may result in an unaligned pointer value [-Waddress-of-packed-member]
            get_user(params.buffer_size, &src->buffer_size) ||
                                          ^~~~~~~~~~~~~~~~
../arch/arm64/include/asm/uaccess.h:355:18: note: expanded from macro 'get_user'
#define get_user        __get_user
                        ^
../arch/arm64/include/asm/uaccess.h:349:25: note: expanded from macro '__get_user'
        __get_user_check((x), (ptr), __gu_err);                         \
                               ^~~
../arch/arm64/include/asm/uaccess.h:330:36: note: expanded from macro '__get_user_check'
        __typeof__(*(ptr)) __user *__p = (ptr);                         \
                                          ^~~
In file included from ../sound/core/rawmidi.c:1444:
../sound/core/rawmidi_compat.c:41:34: warning: taking address of packed member 'avail_min' of class or structure 'snd_rawmidi_params32' may result in an unaligned pointer value [-Waddress-of-packed-member]
            get_user(params.avail_min, &src->avail_min) ||
                                        ^~~~~~~~~~~~~~
../arch/arm64/include/asm/uaccess.h:355:18: note: expanded from macro 'get_user'
#define get_user        __get_user
                        ^
../arch/arm64/include/asm/uaccess.h:349:25: note: expanded from macro '__get_user'
        __get_user_check((x), (ptr), __gu_err);                         \
                               ^~~
../arch/arm64/include/asm/uaccess.h:330:15: note: expanded from macro '__get_user_check'
        __typeof__(*(ptr)) __user *__p = (ptr);                         \
                     ^~~
In file included from ../sound/core/rawmidi.c:1444:
../sound/core/rawmidi_compat.c:41:34: warning: taking address of packed member 'avail_min' of class or structure 'snd_rawmidi_params32' may result in an unaligned pointer value [-Waddress-of-packed-member]
            get_user(params.avail_min, &src->avail_min) ||
                                        ^~~~~~~~~~~~~~
../arch/arm64/include/asm/uaccess.h:355:18: note: expanded from macro 'get_user'
#define get_user        __get_user
                        ^
../arch/arm64/include/asm/uaccess.h:349:25: note: expanded from macro '__get_user'
        __get_user_check((x), (ptr), __gu_err);                         \
                               ^~~
../arch/arm64/include/asm/uaccess.h:330:36: note: expanded from macro '__get_user_check'
        __typeof__(*(ptr)) __user *__p = (ptr);                         \
                                          ^~~
In file included from ../sound/core/rawmidi.c:1444:
../sound/core/rawmidi_compat.c:42:21: warning: taking address of packed member 'no_active_sensing' of class or structure 'snd_rawmidi_params32' may result in an unaligned pointer value [-Waddress-of-packed-member]
            get_user(val, &src->no_active_sensing))
                           ^~~~~~~~~~~~~~~~~~~~~~
../arch/arm64/include/asm/uaccess.h:355:18: note: expanded from macro 'get_user'
#define get_user        __get_user
                        ^
../arch/arm64/include/asm/uaccess.h:349:25: note: expanded from macro '__get_user'
        __get_user_check((x), (ptr), __gu_err);                         \
                               ^~~
../arch/arm64/include/asm/uaccess.h:330:15: note: expanded from macro '__get_user_check'
        __typeof__(*(ptr)) __user *__p = (ptr);                         \
                     ^~~
In file included from ../sound/core/rawmidi.c:1444:
../sound/core/rawmidi_compat.c:42:21: warning: taking address of packed member 'no_active_sensing' of class or structure 'snd_rawmidi_params32' may result in an unaligned pointer value [-Waddress-of-packed-member]
            get_user(val, &src->no_active_sensing))
                           ^~~~~~~~~~~~~~~~~~~~~~
../arch/arm64/include/asm/uaccess.h:355:18: note: expanded from macro 'get_user'
#define get_user        __get_user
                        ^
../arch/arm64/include/asm/uaccess.h:349:25: note: expanded from macro '__get_user'
        __get_user_check((x), (ptr), __gu_err);                         \
                               ^~~
../arch/arm64/include/asm/uaccess.h:330:36: note: expanded from macro '__get_user_check'
        __typeof__(*(ptr)) __user *__p = (ptr);                         \
                                          ^~~
In file included from ../sound/core/rawmidi.c:1444:
../sound/core/rawmidi_compat.c:72:31: warning: taking address of packed member 'stream' of class or structure 'snd_rawmidi_status32' may result in an unaligned pointer value [-Waddress-of-packed-member]
        if (get_user(status.stream, &src->stream))
                                     ^~~~~~~~~~~
../arch/arm64/include/asm/uaccess.h:355:18: note: expanded from macro 'get_user'
#define get_user        __get_user
                        ^
../arch/arm64/include/asm/uaccess.h:349:25: note: expanded from macro '__get_user'
        __get_user_check((x), (ptr), __gu_err);                         \
                               ^~~
../arch/arm64/include/asm/uaccess.h:330:15: note: expanded from macro '__get_user_check'
        __typeof__(*(ptr)) __user *__p = (ptr);                         \
                     ^~~
In file included from ../sound/core/rawmidi.c:1444:
../sound/core/rawmidi_compat.c:72:31: warning: taking address of packed member 'stream' of class or structure 'snd_rawmidi_status32' may result in an unaligned pointer value [-Waddress-of-packed-member]
        if (get_user(status.stream, &src->stream))
                                     ^~~~~~~~~~~
../arch/arm64/include/asm/uaccess.h:355:18: note: expanded from macro 'get_user'
#define get_user        __get_user
                        ^
../arch/arm64/include/asm/uaccess.h:349:25: note: expanded from macro '__get_user'
        __get_user_check((x), (ptr), __gu_err);                         \
                               ^~~
../arch/arm64/include/asm/uaccess.h:330:36: note: expanded from macro '__get_user_check'
        __typeof__(*(ptr)) __user *__p = (ptr);                         \
                                          ^~~
In file included from ../sound/core/rawmidi.c:1444:
../sound/core/rawmidi_compat.c:92:43: warning: taking address of packed member 'tstamp' of class or structure 'snd_rawmidi_status32' may result in an unaligned pointer value [-Waddress-of-packed-member]
        if (compat_put_timespec(&status.tstamp, &src->tstamp) ||
                                                 ^~~~~~~~~~~
../sound/core/rawmidi_compat.c:93:30: warning: taking address of packed member 'avail' of class or structure 'snd_rawmidi_status32' may result in an unaligned pointer value [-Waddress-of-packed-member]
            put_user(status.avail, &src->avail) ||
                                    ^~~~~~~~~~
../arch/arm64/include/asm/uaccess.h:426:18: note: expanded from macro 'put_user'
#define put_user        __put_user
                        ^
../arch/arm64/include/asm/uaccess.h:420:25: note: expanded from macro '__put_user'
        __put_user_check((x), (ptr), __pu_err);                         \
                               ^~~
../arch/arm64/include/asm/uaccess.h:401:15: note: expanded from macro '__put_user_check'
        __typeof__(*(ptr)) __user *__p = (ptr);                         \
                     ^~~
In file included from ../sound/core/rawmidi.c:1444:
../sound/core/rawmidi_compat.c:93:30: warning: taking address of packed member 'avail' of class or structure 'snd_rawmidi_status32' may result in an unaligned pointer value [-Waddress-of-packed-member]
            put_user(status.avail, &src->avail) ||
                                    ^~~~~~~~~~
../arch/arm64/include/asm/uaccess.h:426:18: note: expanded from macro 'put_user'
#define put_user        __put_user
                        ^
../arch/arm64/include/asm/uaccess.h:420:25: note: expanded from macro '__put_user'
        __put_user_check((x), (ptr), __pu_err);                         \
                               ^~~
../arch/arm64/include/asm/uaccess.h:401:36: note: expanded from macro '__put_user_check'
        __typeof__(*(ptr)) __user *__p = (ptr);                         \
                                          ^~~
In file included from ../sound/core/rawmidi.c:1444:
../sound/core/rawmidi_compat.c:94:30: warning: taking address of packed member 'xruns' of class or structure 'snd_rawmidi_status32' may result in an unaligned pointer value [-Waddress-of-packed-member]
            put_user(status.xruns, &src->xruns))
                                    ^~~~~~~~~~
../arch/arm64/include/asm/uaccess.h:426:18: note: expanded from macro 'put_user'
#define put_user        __put_user
                        ^
../arch/arm64/include/asm/uaccess.h:420:25: note: expanded from macro '__put_user'
        __put_user_check((x), (ptr), __pu_err);                         \
                               ^~~
../arch/arm64/include/asm/uaccess.h:401:15: note: expanded from macro '__put_user_check'
        __typeof__(*(ptr)) __user *__p = (ptr);                         \
                     ^~~
In file included from ../sound/core/rawmidi.c:1444:
../sound/core/rawmidi_compat.c:94:30: warning: taking address of packed member 'xruns' of class or structure 'snd_rawmidi_status32' may result in an unaligned pointer value [-Waddress-of-packed-member]
            put_user(status.xruns, &src->xruns))
                                    ^~~~~~~~~~
../arch/arm64/include/asm/uaccess.h:426:18: note: expanded from macro 'put_user'
#define put_user        __put_user
                        ^
../arch/arm64/include/asm/uaccess.h:420:25: note: expanded from macro '__put_user'
        __put_user_check((x), (ptr), __pu_err);                         \
                               ^~~
../arch/arm64/include/asm/uaccess.h:401:36: note: expanded from macro '__put_user_check'
        __typeof__(*(ptr)) __user *__p = (ptr);                         \
                                          ^~~
  CC      mm/sparse-vmemmap.o
  CC      fs/crypto/fname.o
  CC      techpack/audio/asoc/codecs/wcd9xxx-resmgr-v2.o
  CC      fs/debugfs/file.o
  ASN.1   crypto/asymmetric_keys/pkcs7-asn1.c
  CC      crypto/asymmetric_keys/pkcs7_trust.o
  CC      drivers/base/regmap/regmap-mmio.o
  CC      mm/slub.o
15 warnings generated.
  CC      kernel/irq/dummychip.o
  CC      crypto/asymmetric_keys/pkcs7_verify.o
  CC      sound/core/compress_offload.o
  CC      fs/crypto/hooks.o
  LD      drivers/base/regmap/built-in.o
  CC      drivers/base/dma-coherent.o
  LD      fs/debugfs/debugfs.o
  LD      fs/debugfs/built-in.o
  CC      techpack/audio/asoc/codecs/wcdcal-hwdep.o
  LD      crypto/asymmetric_keys/asymmetric_keys.o
  CC      fs/crypto/keyinfo.o
  CC      crypto/asymmetric_keys/x509-asn1.o
  CC      kernel/irq/devres.o
  CC      crypto/asymmetric_keys/x509_akid-asn1.o
  CC      crypto/asymmetric_keys/x509_cert_parser.o
  LD      sound/core/snd.o
  LD      sound/core/snd-hwdep.o
  LD      drivers/bus/built-in.o
  CC      kernel/irq/autoprobe.o
  LD      sound/core/snd-timer.o
  CC      techpack/audio/asoc/msm-audio-effects-q6-v2.o
  LD      sound/core/snd-pcm.o
  LD      sound/core/snd-rawmidi.o
  CC      crypto/asymmetric_keys/pkcs7-asn1.o
  LD      sound/core/snd-compress.o
  LD      sound/core/built-in.o
  CC      crypto/asymmetric_keys/pkcs7_parser.o
  CC      drivers/base/dma-removed.o
  LD      sound/hda/built-in.o
  LD      sound/i2c/other/built-in.o
  CC      techpack/audio/asoc/codecs/wcd9xxx-soc-init.o
  LD      sound/i2c/built-in.o
  LD      sound/isa/ad1816a/built-in.o
  LD      sound/isa/ad1848/built-in.o
  LD      sound/isa/cs423x/built-in.o
  LD      sound/isa/es1688/built-in.o
  LD      sound/isa/galaxy/built-in.o
  CC      fs/crypto/policy.o
  LD      sound/isa/gus/built-in.o
  LD      sound/isa/msnd/built-in.o
  LD      sound/isa/opti9xx/built-in.o
  LD      sound/isa/sb/built-in.o
  LD      sound/isa/wavefront/built-in.o
  LD      sound/isa/wss/built-in.o
  LD      crypto/asymmetric_keys/x509_key_parser.o
  LD      sound/isa/built-in.o
  CC      kernel/irq/irqdomain.o
  CC      techpack/audio/asoc/codecs/wcd-dsp-utils.o
  LD      crypto/asymmetric_keys/pkcs7_message.o
  LD      crypto/asymmetric_keys/built-in.o
  LD      sound/mips/built-in.o
  LD      sound/parisc/built-in.o
  CC      crypto/hash_info.o
  LD      sound/pci/ac97/built-in.o
  CC      crypto/ablk_helper.o
  LD      sound/pci/ali5451/built-in.o
  LD      sound/pci/asihpi/built-in.o
  LD      sound/pci/au88x0/built-in.o
  LD      sound/pci/aw2/built-in.o
  LD      sound/pci/ca0106/built-in.o
  LD      sound/pci/cs46xx/built-in.o
  CC      drivers/base/firmware_class.o
  CC      mm/migrate.o
  LD      sound/pci/cs5535audio/built-in.o
  LD      sound/pci/ctxfi/built-in.o
  LD      sound/pci/echoaudio/built-in.o
  LD      sound/pci/emu10k1/built-in.o
  LD      sound/pci/hda/built-in.o
  LD      sound/pci/ice1712/built-in.o
  LD      sound/pci/korg1212/built-in.o
  LD      sound/pci/lola/built-in.o
  CC      fs/crypto/bio.o
  LD      sound/pci/lx6464es/built-in.o
  LD      sound/pci/mixart/built-in.o
  LD      sound/pcmcia/pdaudiocf/built-in.o
  LD      sound/pci/nm256/built-in.o
  CC      techpack/audio/asoc/codecs/wcd-dsp-mgr.o
  LD      sound/pcmcia/vx/built-in.o
  LD      sound/pci/oxygen/built-in.o
  LD      sound/pcmcia/built-in.o
  LD      sound/pci/pcxhr/built-in.o
  LD      drivers/cdrom/built-in.o
  LD      sound/pci/riptide/built-in.o
  CC      fs/crypto/fscrypt_ice.o
  LD      sound/pci/rme9652/built-in.o
  LD      sound/pci/trident/built-in.o
  LD      sound/pci/vx222/built-in.o
  LD      sound/pci/ymfpci/built-in.o
  LD      sound/pci/built-in.o
  CC      kernel/irq/proc.o
  LD      sound/ppc/built-in.o
  LD      sound/sh/built-in.o
  LD      crypto/crypto.o
  LD      crypto/crypto_algapi.o
  LD      crypto/crypto_blkcipher.o
  LD      crypto/crypto_hash.o
  CC      sound/soc/soc-core.o
  CC      crypto/rsapubkey-asn1.o
  CC      crypto/rsaprivkey-asn1.o
  LD      crypto/cryptomgr.o
  LD      crypto/jitterentropy_rng.o
  LD      crypto/rsa_generic.o
  LD      crypto/built-in.o
  CC      fs/devpts/inode.o
  CC      drivers/base/module.o
  CC      kernel/irq/cpuhotplug.o
  LD      fs/crypto/fscrypto.o
  CC      techpack/audio/asoc/codecs/audio-ext-clk.o
  LD      fs/crypto/built-in.o
  LD      fs/exofs/built-in.o
  CC      techpack/audio/asoc/msm-compress-q6-v2.o
  CC      techpack/audio/asoc/codecs/wcd9335.o
  CC      mm/page_isolation.o
  CC      drivers/base/soc.o
  CC      kernel/irq/pm.o
  LD      fs/devpts/devpts.o
  LD      fs/devpts/built-in.o
  CC      drivers/base/pinctrl.o
  CC      fs/ext4/balloc.o
  CC      mm/zsmalloc.o
  LD      drivers/base/built-in.o
  CC      drivers/char/mem.o
  CC      kernel/irq/affinity.o
  CC      techpack/audio/dsp/codecs/q6audio_v2.o
  LD      kernel/livepatch/built-in.o
  CC      sound/soc/soc-dapm.o
  LD      kernel/irq/built-in.o
  CC      fs/ext4/bitmap.o
  CC      drivers/char/random.o
  CC      kernel/locking/mutex.o
  CC      techpack/audio/dsp/codecs/q6audio_v2_aio.o
  CC      net/socket.o
  CC      mm/early_ioremap.o
  CC      fs/ext4/dir.o
  CC      techpack/audio/dsp/codecs/audio_utils_aio.o
  CC      kernel/locking/semaphore.o
  CC      mm/cma.o
  CC      fs/ext4/file.o
  CC      kernel/locking/rwsem.o
  CC      techpack/audio/dsp/codecs/audio_utils.o
  CC      techpack/audio/asoc/codecs/wsa881x.o
  CC      drivers/char/misc.o
  CC      kernel/locking/percpu-rwsem.o
  CC      fs/ext4/fsync.o
  CC      sound/soc/soc-jack.o
  CC      mm/usercopy.o
  CC      kernel/locking/spinlock.o
  CC      techpack/audio/dsp/codecs/audio_native.o
  CC      drivers/char/msm_smd_pkt.o
  CC      mm/process_reclaim.o
  CC      techpack/audio/dsp/codecs/aac_in.o
  CC      kernel/locking/osq_lock.o
  CC      fs/ext4/ialloc.o
  CC      techpack/audio/asoc/codecs/wsa881x-tables.o
  CC      sound/soc/soc-cache.o
  CC      kernel/locking/rtmutex.o
  LD      drivers/char/agp/built-in.o
  CC      techpack/audio/asoc/codecs/wsa881x-regmap.o
  CC      drivers/char/diag/diagchar_core.o
  CC      net/802/p8022.o
  LD      mm/built-in.o
  CC      techpack/audio/dsp/codecs/amrnb_in.o
  CC      drivers/char/hw_random/core.o
  CC      sound/soc/soc-utils.o
../drivers/char/diag/diagchar_core.c:1800:7: warning: taking address of packed member 'peripheral' of class or structure 'diag_logging_mode_param_t' may result in an unaligned pointer value [-Waddress-of-packed-member]
                                        &param->peripheral)) {
                                         ^~~~~~~~~~~~~~~~~
  CC      kernel/locking/rwsem-xadd.o
  CC      techpack/audio/dsp/codecs/amrwb_in.o
  CC      techpack/audio/asoc/codecs/wsa881x-temp-sensor.o
  CC      fs/ext4/inode.o
  CC      drivers/char/hw_random/msm_rng.o
  CC      net/802/psnap.o
  CC      sound/soc/soc-pcm.o
  CC      techpack/audio/dsp/codecs/audio_aac.o
  CC      kernel/locking/qrwlock.o
  LD      kernel/locking/built-in.o
  CC      kernel/power/qos.o
1 warning generated.
  LD      drivers/char/hw_random/rng-core.o
  LD      drivers/char/hw_random/built-in.o
  CC      techpack/audio/asoc/codecs/wsa881x-analog.o
  CC      drivers/char/diag/diagchar_hdlc.o
  AS      arch/arm64/lib/bitops.o
  CC      techpack/audio/dsp/codecs/audio_alac.o
  AS      arch/arm64/lib/clear_page.o
  AS      arch/arm64/lib/clear_user.o
<instantiation>:3:2: warning: DWARF2 only supports one section per compilation unit
 .pushsection .altinstr_replacement, "ax"
 ^
<instantiation>:1:1: note: while in macro instantiation
alternative_else
^
<instantiation>:5:1: note: while in macro instantiation
alternative_else_nop_endif
^
<instantiation>:1:1: note: while in macro instantiation
uaccess_ttbr0_enable x2, x3, x4
^
../arch/arm64/lib/clear_user.S:33:2: note: while in macro instantiation
 uaccess_enable_not_uao x2, x3, x4
 ^
../arch/arm64/lib/clear_user.S:57:2: warning: DWARF2 only supports one section per compilation unit
 .section .fixup,"ax"
 ^
  AS      arch/arm64/lib/copy_from_user.o
<instantiation>:3:2: warning: DWARF2 only supports one section per compilation unit
 .pushsection .altinstr_replacement, "ax"
 ^
<instantiation>:1:1: note: while in macro instantiation
alternative_else
^
<instantiation>:5:1: note: while in macro instantiation
alternative_else_nop_endif
^
<instantiation>:1:1: note: while in macro instantiation
uaccess_ttbr0_enable x3, x4, x5
^
../arch/arm64/lib/copy_from_user.S:67:2: note: while in macro instantiation
 uaccess_enable_not_uao x3, x4, x5
 ^
../arch/arm64/lib/copy_from_user.S:75:2: warning: DWARF2 only supports one section per compilation unit
 .section .fixup,"ax"
 ^
  AS      arch/arm64/lib/copy_in_user.o
<instantiation>:3:2: warning: DWARF2 only supports one section per compilation unit
 .pushsection .altinstr_replacement, "ax"
 ^
<instantiation>:1:1: note: while in macro instantiation
alternative_else
^
<instantiation>:5:1: note: while in macro instantiation
alternative_else_nop_endif
^
<instantiation>:1:1: note: while in macro instantiation
uaccess_ttbr0_enable x3, x4, x5
^
../arch/arm64/lib/copy_in_user.S:68:2: note: while in macro instantiation
 uaccess_enable_not_uao x3, x4, x5
 ^
../arch/arm64/lib/copy_in_user.S:76:2: warning: DWARF2 only supports one section per compilation unit
 .section .fixup,"ax"
 ^
  AS      arch/arm64/lib/copy_page.o
  CC      net/802/stp.o
<instantiation>:5:2: warning: DWARF2 only supports one section per compilation unit
 .pushsection .altinstr_replacement, "ax"
 ^
../arch/arm64/lib/copy_page.S:32:1: note: while in macro instantiation
alternative_if 8
^
  CC      drivers/char/diag/diagfwd.o
  AS      arch/arm64/lib/copy_to_user.o
<instantiation>:3:2: warning: DWARF2 only supports one section per compilation unit
 .pushsection .altinstr_replacement, "ax"
 ^
<instantiation>:1:1: note: while in macro instantiation
alternative_else
^
<instantiation>:5:1: note: while in macro instantiation
alternative_else_nop_endif
^
<instantiation>:1:1: note: while in macro instantiation
uaccess_ttbr0_enable x3, x4, x5
^
../arch/arm64/lib/copy_to_user.S:66:2: note: while in macro instantiation
 uaccess_enable_not_uao x3, x4, x5
 ^
../arch/arm64/lib/copy_to_user.S:74:2: warning: DWARF2 only supports one section per compilation unit
 .section .fixup,"ax"
 ^
  CC      arch/arm64/lib/delay.o
  CC      techpack/audio/dsp/codecs/audio_amrnb.o
  AS      arch/arm64/lib/memchr.o
  CC      techpack/audio/dsp/codecs/audio_amrwb.o
  AS      arch/arm64/lib/memcmp.o
  AS      arch/arm64/lib/memcpy.o
  CC      kernel/power/main.o
  AS      arch/arm64/lib/memmove.o
  CC      techpack/audio/asoc/codecs/wsa881x-tables-analog.o
  AS      arch/arm64/lib/memset.o
  CC      sound/soc/soc-io.o
  AS      arch/arm64/lib/strchr.o
  CC      drivers/char/diag/diagfwd_glink.o
  AS      arch/arm64/lib/strcmp.o
  AS      arch/arm64/lib/strlen.o
  LD      net/802/built-in.o
  AS      arch/arm64/lib/strncmp.o
  CC      net/bluetooth/af_bluetooth.o
  CC      techpack/audio/dsp/codecs/audio_amrwbplus.o
  AS      arch/arm64/lib/strnlen.o
  CC      techpack/audio/asoc/codecs/wsa881x-regmap-analog.o
  AS      arch/arm64/lib/strrchr.o
  AR      arch/arm64/lib/lib.a
  EXPORTS arch/arm64/lib/lib-ksyms.o
  LD      arch/arm64/lib/built-in.o
  CC      kernel/printk/printk.o
  CC      drivers/char/diag/diagfwd_peripheral.o
  CC      kernel/power/process.o
  CC      techpack/audio/dsp/codecs/audio_ape.o
  CC      sound/soc/soc-devres.o
  CC      fs/ext4/page-io.o
  CC      techpack/audio/asoc/codecs/max98927.o
  CC      techpack/audio/dsp/codecs/audio_evrc.o
  CC      kernel/power/suspend.o
  CC      drivers/char/diag/diagfwd_socket.o
  CC      sound/soc/soc-ops.o
  CC      techpack/audio/dsp/codecs/audio_g711alaw.o
  CC      net/bluetooth/hci_core.o
  CC      fs/ext4/ioctl.o
  LD      kernel/printk/built-in.o
  CC      kernel/rcu/update.o
  CC      techpack/audio/dsp/codecs/audio_g711mlaw.o
  CC      techpack/audio/asoc/codecs/msm_stub.o
  CC      kernel/power/autosleep.o
  CC      sound/soc/soc-compress.o
  CC      fs/ext4/namei.o
  CC      drivers/char/diag/diag_mux.o
  CC      techpack/audio/dsp/codecs/audio_hwacc_effects.o
  CC      techpack/audio/asoc/codecs/wcd_cpe_core.o
  CC      kernel/power/wakelock.o
  CC      kernel/rcu/sync.o
  CC      drivers/char/diag/diag_memorydevice.o
  CC      techpack/audio/dsp/codecs/audio_mp3.o
  CC      kernel/rcu/srcu.o
  LD      sound/soc/adi/built-in.o
  CC      kernel/power/poweroff.o
  LD      sound/soc/amd/built-in.o
  LD      sound/soc/atmel/built-in.o
  LD      sound/soc/au1x/built-in.o
  LD      sound/soc/bcm/built-in.o
  LD      sound/soc/blackfin/built-in.o
  LD      sound/soc/cirrus/built-in.o
  CC      techpack/audio/dsp/codecs/audio_multi_aac.o
  LD      sound/soc/codecs/built-in.o
  CC      drivers/char/diag/diag_usb.o
  LD      sound/soc/davinci/built-in.o
  LD      sound/soc/dwc/built-in.o
  CC      kernel/power/wakeup_reason.o
  LD      sound/soc/fsl/built-in.o
  LD      sound/soc/generic/built-in.o
  LD      sound/soc/img/built-in.o
  LD      sound/soc/intel/boards/built-in.o
  LD      sound/soc/intel/built-in.o
  LD      sound/soc/jz4740/built-in.o
  LD      sound/soc/kirkwood/built-in.o
  CC      kernel/rcu/tree.o
  LD      sound/soc/mediatek/built-in.o
  LD      sound/soc/mxs/built-in.o
  LD      sound/soc/nuc900/built-in.o
  LD      sound/soc/omap/built-in.o
  LD      sound/soc/pxa/built-in.o
  CC      net/bluetooth/hci_conn.o
  LD      sound/soc/qcom/built-in.o
  LD      sound/soc/rockchip/built-in.o
  LD      sound/soc/samsung/built-in.o
  LD      sound/soc/sh/built-in.o
  LD      sound/soc/sirf/built-in.o
  CC      techpack/audio/dsp/codecs/audio_qcelp.o
  LD      kernel/power/built-in.o
  LD      sound/soc/spear/built-in.o
  LD      sound/soc/sti/built-in.o
  LD      sound/soc/sunxi/built-in.o
  LD      sound/soc/tegra/built-in.o
  CC      drivers/char/diag/diagmem.o
  CC      fs/f2fs/dir.o
  LD      sound/soc/txx9/built-in.o
  LD      sound/soc/ux500/built-in.o
  LD      sound/soc/xtensa/built-in.o
  LD      sound/soc/zte/built-in.o
  LD      sound/soc/snd-soc-core.o
  CC      techpack/audio/asoc/codecs/wcd_cpe_services.o
  LD      sound/soc/built-in.o
  LD      sound/sparc/built-in.o
../drivers/char/diag/diagmem.c:185:22: warning: taking address of packed member 'lock' of class or structure 'diag_mempool_t' may result in an unaligned pointer value [-Waddress-of-packed-member]
                spin_lock_irqsave(&mempool->lock, flags);
                                   ^~~~~~~~~~~~~
../include/linux/spinlock.h:337:39: note: expanded from macro 'spin_lock_irqsave'
        raw_spin_lock_irqsave(spinlock_check(lock), flags);     \
                                             ^~~~
../include/linux/spinlock.h:208:34: note: expanded from macro 'raw_spin_lock_irqsave'
                flags = _raw_spin_lock_irqsave(lock);   \
                                               ^~~~
../drivers/char/diag/diagmem.c:187:31: warning: taking address of packed member 'count' of class or structure 'diag_mempool_t' may result in an unaligned pointer value [-Waddress-of-packed-member]
                        atomic_add(1, (atomic_t *)&mempool->count);
                                                   ^~~~~~~~~~~~~~
../drivers/char/diag/diagmem.c:191:27: warning: taking address of packed member 'lock' of class or structure 'diag_mempool_t' may result in an unaligned pointer value [-Waddress-of-packed-member]
                spin_unlock_irqrestore(&mempool->lock, flags);
                                        ^~~~~~~~~~~~~
  LD      sound/spi/built-in.o
../drivers/char/diag/diagmem.c:223:22: warning: taking address of packed member 'lock' of class or structure 'diag_mempool_t' may result in an unaligned pointer value [-Waddress-of-packed-member]
                spin_lock_irqsave(&mempool->lock, flags);
                                   ^~~~~~~~~~~~~
../include/linux/spinlock.h:337:39: note: expanded from macro 'spin_lock_irqsave'
        raw_spin_lock_irqsave(spinlock_check(lock), flags);     \
                                             ^~~~
../include/linux/spinlock.h:208:34: note: expanded from macro 'raw_spin_lock_irqsave'
                flags = _raw_spin_lock_irqsave(lock);   \
                                               ^~~~
../drivers/char/diag/diagmem.c:226:32: warning: taking address of packed member 'count' of class or structure 'diag_mempool_t' may result in an unaligned pointer value [-Waddress-of-packed-member]
                        atomic_add(-1, (atomic_t *)&mempool->count);
                                                    ^~~~~~~~~~~~~~
../drivers/char/diag/diagmem.c:231:27: warning: taking address of packed member 'lock' of class or structure 'diag_mempool_t' may result in an unaligned pointer value [-Waddress-of-packed-member]
                spin_unlock_irqrestore(&mempool->lock, flags);
                                        ^~~~~~~~~~~~~
../drivers/char/diag/diagmem.c:268:18: warning: taking address of packed member 'lock' of class or structure 'diag_mempool_t' may result in an unaligned pointer value [-Waddress-of-packed-member]
        spin_lock_init(&mempool->lock);
                        ^~~~~~~~~~~~~
../include/linux/spinlock.h:296:17: note: expanded from macro 'spin_lock_init'
        spinlock_check(_lock);                          \
                       ^~~~~
../drivers/char/diag/diagmem.c:268:18: warning: taking address of packed member 'lock' of class or structure 'diag_mempool_t' may result in an unaligned pointer value [-Waddress-of-packed-member]
        spin_lock_init(&mempool->lock);
                        ^~~~~~~~~~~~~
../include/linux/spinlock.h:297:23: note: expanded from macro 'spin_lock_init'
        raw_spin_lock_init(&(_lock)->rlock);            \
                             ^~~~~
../include/linux/spinlock.h:104:9: note: expanded from macro 'raw_spin_lock_init'
        do { *(lock) = __RAW_SPIN_LOCK_UNLOCKED(lock); } while (0)
               ^~~~
../drivers/char/diag/diagmem.c:285:21: warning: taking address of packed member 'lock' of class or structure 'diag_mempool_t' may result in an unaligned pointer value [-Waddress-of-packed-member]
        spin_lock_irqsave(&mempool->lock, flags);
                           ^~~~~~~~~~~~~
../include/linux/spinlock.h:337:39: note: expanded from macro 'spin_lock_irqsave'
        raw_spin_lock_irqsave(spinlock_check(lock), flags);     \
                                             ^~~~
../include/linux/spinlock.h:208:34: note: expanded from macro 'raw_spin_lock_irqsave'
                flags = _raw_spin_lock_irqsave(lock);   \
                                               ^~~~
../drivers/char/diag/diagmem.c:293:26: warning: taking address of packed member 'lock' of class or structure 'diag_mempool_t' may result in an unaligned pointer value [-Waddress-of-packed-member]
        spin_unlock_irqrestore(&mempool->lock, flags);
                                ^~~~~~~~~~~~~
  CC      techpack/audio/dsp/codecs/audio_wma.o
  LD      sound/synth/built-in.o
10 warnings generated.
  CC      drivers/char/diag/diagfwd_cntl.o
  CC      sound/usb/card.o
  CC      fs/ext4/super.o
../drivers/char/diag/diagfwd_cntl.c:873:18: warning: taking address of packed member 'link' of class or structure 'diag_id_tbl_t' may result in an unaligned pointer value [-Waddress-of-packed-member]
        INIT_LIST_HEAD(&new_item->link);
                        ^~~~~~~~~~~~~~
../drivers/char/diag/diagfwd_cntl.c:875:17: warning: taking address of packed member 'link' of class or structure 'diag_id_tbl_t' may result in an unaligned pointer value [-Waddress-of-packed-member]
        list_add_tail(&new_item->link, &driver->diag_id_list);
                       ^~~~~~~~~~~~~~
  CC      techpack/audio/dsp/codecs/audio_wmapro.o
  CC      fs/f2fs/file.o
  CC      sound/usb/clock.o
  CC      techpack/audio/asoc/codecs/wcd-mbhc-v2.o
2 warnings generated.
  CC      drivers/char/diag/diag_dci.o
  CC      techpack/audio/dsp/codecs/evrc_in.o
  CC      net/bluetooth/hci_event.o
  CC      sound/usb/endpoint.o
../drivers/char/diag/diag_dci.c:788:17: warning: taking address of packed member 'track' of class or structure 'dci_pkt_req_entry_t' may result in an unaligned pointer value [-Waddress-of-packed-member]
        list_add_tail(&entry->track, &driver->dci_req_list);
                       ^~~~~~~~~~~~
../drivers/char/diag/diag_dci.c:819:13: warning: taking address of packed member 'track' of class or structure 'dci_pkt_req_entry_t' may result in an unaligned pointer value [-Waddress-of-packed-member]
                list_del(&entry->track);
                          ^~~~~~~~~~~~
../drivers/char/diag/diag_dci.c:837:13: warning: taking address of packed member 'track' of class or structure 'dci_pkt_req_entry_t' may result in an unaligned pointer value [-Waddress-of-packed-member]
                list_del(&entry->track);
                          ^~~~~~~~~~~~
../drivers/char/diag/diag_dci.c:851:13: warning: taking address of packed member 'track' of class or structure 'dci_pkt_req_entry_t' may result in an unaligned pointer value [-Waddress-of-packed-member]
                list_del(&entry->track);
                          ^~~~~~~~~~~~
../drivers/char/diag/diag_dci.c:3218:21: warning: taking address of packed member 'track' of class or structure 'dci_pkt_req_entry_t' may result in an unaligned pointer value [-Waddress-of-packed-member]
                        if (!list_empty(&req_entry->track))
                                         ^~~~~~~~~~~~~~~~
../drivers/char/diag/diag_dci.c:3219:15: warning: taking address of packed member 'track' of class or structure 'dci_pkt_req_entry_t' may result in an unaligned pointer value [-Waddress-of-packed-member]
                                list_del(&req_entry->track);
                                          ^~~~~~~~~~~~~~~~
../drivers/char/diag/diag_dci.c:3349:11: warning: taking address of packed member 'health' of class or structure 'diag_dci_health_stats_proc' may result in an unaligned pointer value [-Waddress-of-packed-member]
        stats = &stats_proc->health;
                 ^~~~~~~~~~~~~~~~~~
  CC      techpack/audio/dsp/codecs/g711alaw_in.o
  CC      sound/usb/format.o
7 warnings generated.
  LD      kernel/rcu/built-in.o
  CC      drivers/char/diag/diag_masks.o
  CC      techpack/audio/dsp/codecs/g711mlaw_in.o
  CC      kernel/sched/core.o
  CC      techpack/audio/asoc/codecs/wcd-mbhc-legacy.o
  CC      sound/usb/helper.o
  CC      techpack/audio/dsp/codecs/qcelp_in.o
  CC      sound/usb/mixer.o
  CC      fs/f2fs/inode.o
  CC      drivers/char/diag/diag_debugfs.o
  LD      techpack/audio/dsp/codecs/native_dlkm.o
  CC      techpack/audio/asoc/codecs/msm_hdmi_codec_rx.o
  CC      net/bluetooth/mgmt.o
  LD      techpack/audio/dsp/codecs/built-in.o
  CC      techpack/audio/dsp/audio_calibration.o
  CC      drivers/char/diag/diag_pcie.o
  LD      techpack/audio/asoc/codecs/wcd_core_dlkm.o
  LD      techpack/audio/asoc/codecs/wcd9xxx_dlkm.o
  CC      techpack/audio/dsp/audio_cal_utils.o
  LD      techpack/audio/asoc/codecs/wcd9335_dlkm.o
  LD      techpack/audio/asoc/codecs/wsa881x_dlkm.o
  LD      techpack/audio/asoc/codecs/wsa881x_analog_dlkm.o
  LD      techpack/audio/asoc/codecs/max98927_dlkm.o
  CC      fs/f2fs/namei.o
  LD      techpack/audio/asoc/codecs/stub_dlkm.o
  LD      techpack/audio/asoc/codecs/wcd_cpe_dlkm.o
  CC      sound/usb/mixer_quirks.o
  LD      techpack/audio/asoc/codecs/mbhc_dlkm.o
  LD      techpack/audio/asoc/codecs/hdmi_dlkm.o
  LD      techpack/audio/asoc/codecs/built-in.o
  CC      techpack/audio/asoc/msm-dai-fe.o
  CC      drivers/char/diag/diagfwd_smd.o
  CC      fs/ext4/symlink.o
  CC      techpack/audio/asoc/msm-dai-q6-hdmi-v2.o
  CC      techpack/audio/dsp/q6adm.o
  CC      sound/usb/mixer_scarlett.o
  LD      drivers/char/diag/diagchar.o
  LD      drivers/char/diag/built-in.o
  CC      drivers/char/adsprpc.o
  CC      fs/ext4/hash.o
  CC      fs/f2fs/hash.o
  CC      techpack/audio/asoc/msm-dai-q6-v2.o
  CC      sound/usb/pcm.o
  CC      net/bluetooth/hci_sock.o
  CC      fs/ext4/resize.o
../techpack/audio/asoc/msm-dai-q6-v2.c:5544:11: warning: taking address of packed member 'group_id' of class or structure 'afe_param_id_group_device_tdm_cfg' may result in an unaligned pointer value [-Waddress-of-packed-member]
                (u32 *)&tdm_group_cfg.group_id);
                        ^~~~~~~~~~~~~~~~~~~~~~
  CC      fs/f2fs/super.o
../techpack/audio/asoc/msm-dai-q6-v2.c:9468:12: warning: taking address of packed member 'start_offset' of class or structure 'afe_param_id_custom_tdm_header_cfg' may result in an unaligned pointer value [-Waddress-of-packed-member]
                        (u32 *)&custom_tdm_header->start_offset);
                                ^~~~~~~~~~~~~~~~~~~~~~~~~~~~~~~
../techpack/audio/asoc/msm-dai-q6-v2.c:9480:12: warning: taking address of packed member 'header_width' of class or structure 'afe_param_id_custom_tdm_header_cfg' may result in an unaligned pointer value [-Waddress-of-packed-member]
                        (u32 *)&custom_tdm_header->header_width);
                                ^~~~~~~~~~~~~~~~~~~~~~~~~~~~~~~
../techpack/audio/asoc/msm-dai-q6-v2.c:9491:12: warning: taking address of packed member 'num_frame_repeat' of class or structure 'afe_param_id_custom_tdm_header_cfg' may result in an unaligned pointer value [-Waddress-of-packed-member]
                        (u32 *)&custom_tdm_header->num_frame_repeat);
                                ^~~~~~~~~~~~~~~~~~~~~~~~~~~~~~~~~~~
  CC      sound/usb/proc.o
4 warnings generated.
  CC      techpack/audio/asoc/msm-dai-slim.o
  CC      sound/usb/quirks.o
  CC      fs/ext4/extents.o
  CC      drivers/char/adsprpc_compat.o
  CC      techpack/audio/dsp/q6afe.o
  CC      net/bluetooth/hci_sysfs.o
  CC      techpack/audio/asoc/msm-dai-stub-v2.o
  CC      sound/usb/stream.o
  CC      techpack/audio/asoc/msm-lsm-client.o
  CC      net/bluetooth/l2cap_core.o
  CC      sound/usb/badd.o
  CC      kernel/sched/loadavg.o
  LD      drivers/char/built-in.o
  LD      drivers/char/ipmi/built-in.o
  CC      drivers/clk/clk-devres.o
  CC      sound/usb/midi.o
  CC      fs/f2fs/inline.o
  CC      techpack/audio/asoc/msm-pcm-afe-v2.o
  CC      drivers/clk/clkdev.o
  CC      kernel/sched/clock.o
  CC      techpack/audio/dsp/q6asm.o
  CC      kernel/sched/cputime.o
  CC      techpack/audio/asoc/msm-pcm-dtmf-v2.o
  CC      drivers/clk/clk.o
  LD      sound/usb/6fire/built-in.o
  LD      sound/usb/bcd2000/built-in.o
  LD      sound/usb/caiaq/built-in.o
  LD      sound/usb/hiface/built-in.o
  LD      sound/usb/misc/built-in.o
  LD      sound/usb/usx2y/built-in.o
  LD      sound/usb/snd-usb-audio.o
../techpack/audio/dsp/q6asm.c:797:37: warning: taking address of packed member 'hdr' of class or structure 'cmd_set_topologies' may result in an unaligned pointer value [-Waddress-of-packed-member]
        q6asm_add_hdr_custom_topology(ac, &asm_top.hdr, sizeof(asm_top));
                                           ^~~~~~~~~~~
  LD      sound/usb/snd-usbmidi-lib.o
../techpack/audio/dsp/q6asm.c:1858:12: warning: taking address of packed member 'param_data' of class or structure 'asm_mtmx_strtr_get_params_cmdrsp' may result in an unaligned pointer value [-Waddress-of-packed-member]
                        time = &cmdrsp->param_data.session_time;
                                ^~~~~~~~~~~~~~~~~~~~~~~~~~~~~~~
../techpack/audio/dsp/q6asm.c:2840:21: warning: taking address of packed member 'hdr' of class or structure 'asm_stream_cmd_open_read_v3' may result in an unaligned pointer value [-Waddress-of-packed-member]
        q6asm_add_hdr(ac, &open.hdr, sizeof(open), TRUE);
                           ^~~~~~~~
../techpack/audio/dsp/q6asm.c:3044:21: warning: taking address of packed member 'hdr' of class or structure 'asm_stream_cmd_open_write_compressed' may result in an unaligned pointer value [-Waddress-of-packed-member]
        q6asm_add_hdr(ac, &open.hdr, sizeof(open), TRUE);
                           ^~~~~~~~
  LD      sound/usb/built-in.o
../techpack/audio/dsp/q6asm.c:3150:28: warning: taking address of packed member 'hdr' of class or structure 'asm_stream_cmd_open_write_v3' may result in an unaligned pointer value [-Waddress-of-packed-member]
        q6asm_stream_add_hdr(ac, &open.hdr, sizeof(open), TRUE, stream_id);
                                  ^~~~~~~~
../techpack/audio/dsp/q6asm.c:3158:23: warning: taking address of packed member 'hdr' of class or structure 'asm_stream_cmd_open_write_v3' may result in an unaligned pointer value [-Waddress-of-packed-member]
                q6asm_update_token(&open.hdr.token,
                                    ^~~~~~~~~~~~~~
../techpack/audio/dsp/q6asm.c:3439:21: warning: taking address of packed member 'hdr' of class or structure 'asm_stream_cmd_open_readwrite_v2' may result in an unaligned pointer value [-Waddress-of-packed-member]
        q6asm_add_hdr(ac, &open.hdr, sizeof(open), TRUE);
                           ^~~~~~~~
../techpack/audio/dsp/q6asm.c:3660:22: warning: taking address of packed member 'hdr' of class or structure 'asm_stream_cmd_open_transcode_loopback_t' may result in an unaligned pointer value [-Waddress-of-packed-member]
                q6asm_add_hdr(ac, &open.hdr, sizeof(open), TRUE);
                                   ^~~~~~~~
../techpack/audio/dsp/q6asm.c:3694:22: warning: taking address of packed member 'hdr' of class or structure 'asm_stream_cmd_open_loopback_v2' may result in an unaligned pointer value [-Waddress-of-packed-member]
                q6asm_add_hdr(ac, &open.hdr, sizeof(open), TRUE);
                                   ^~~~~~~~
../techpack/audio/dsp/q6asm.c:3773:21: warning: taking address of packed member 'hdr' of class or structure 'asm_stream_cmd_open_transcode_loopback_t' may result in an unaligned pointer value [-Waddress-of-packed-member]
        q6asm_add_hdr(ac, &open.hdr, sizeof(open), TRUE);
                           ^~~~~~~~
../techpack/audio/dsp/q6asm.c:4012:28: warning: taking address of packed member 'hdr' of class or structure 'asm_stream_cmd_open_shared_io' may result in an unaligned pointer value [-Waddress-of-packed-member]
        q6asm_stream_add_hdr(ac, &open->hdr, size_of_open, TRUE,
                                  ^~~~~~~~~
../techpack/audio/dsp/q6asm.c:4267:21: warning: taking address of packed member 'hdr' of class or structure 'asm_session_cmd_run_v2' may result in an unaligned pointer value [-Waddress-of-packed-member]
        q6asm_add_hdr(ac, &run.hdr, sizeof(run), TRUE);
                           ^~~~~~~
  CC      sound/last.o
../techpack/audio/dsp/q6asm.c:4324:34: warning: taking address of packed member 'hdr' of class or structure 'asm_session_cmd_run_v2' may result in an unaligned pointer value [-Waddress-of-packed-member]
        q6asm_stream_add_hdr_async(ac, &run.hdr, sizeof(run), TRUE, stream_id);
                                        ^~~~~~~
../techpack/audio/dsp/q6asm.c:4389:21: warning: taking address of packed member 'hdr' of class or structure 'asm_aac_enc_cfg_v2' may result in an unaligned pointer value [-Waddress-of-packed-member]
        q6asm_add_hdr(ac, &enc_cfg.hdr, sizeof(enc_cfg), TRUE);
                           ^~~~~~~~~~~
../techpack/audio/dsp/q6asm.c:4455:21: warning: taking address of packed member 'hdr' of class or structure 'asm_g711_enc_cfg_v2' may result in an unaligned pointer value [-Waddress-of-packed-member]
        q6asm_add_hdr(ac, &enc_cfg.hdr, sizeof(enc_cfg), TRUE);
                           ^~~~~~~~~~~
../techpack/audio/dsp/q6asm.c:4520:21: warning: taking address of packed member 'hdr' of class or structure 'asm_dec_out_chan_map_param' may result in an unaligned pointer value [-Waddress-of-packed-member]
        q6asm_add_hdr(ac, &chan_map.hdr, sizeof(chan_map), TRUE);
                           ^~~~~~~~~~~~
../techpack/audio/dsp/q6asm.c:4610:21: warning: taking address of packed member 'hdr' of class or structure 'asm_multi_channel_pcm_enc_cfg_v5' may result in an unaligned pointer value [-Waddress-of-packed-member]
        q6asm_add_hdr(ac, &enc_cfg.hdr, sizeof(enc_cfg), TRUE);
                           ^~~~~~~~~~~
../techpack/audio/dsp/q6asm.c:4718:21: warning: taking address of packed member 'hdr' of class or structure 'asm_multi_channel_pcm_enc_cfg_v4' may result in an unaligned pointer value [-Waddress-of-packed-member]
        q6asm_add_hdr(ac, &enc_cfg.hdr, sizeof(enc_cfg), TRUE);
                           ^~~~~~~~~~~
  CC      fs/f2fs/checkpoint.o
  CC      fs/ext4/ext4_jbd2.o
../techpack/audio/dsp/q6asm.c:4922:21: warning: taking address of packed member 'hdr' of class or structure 'asm_multi_channel_pcm_enc_cfg_v2' may result in an unaligned pointer value [-Waddress-of-packed-member]
        q6asm_add_hdr(ac, &enc_cfg.hdr, sizeof(enc_cfg), TRUE);
                           ^~~~~~~~~~~
../techpack/audio/dsp/q6asm.c:5143:21: warning: taking address of packed member 'hdr' of class or structure 'asm_multi_channel_pcm_enc_cfg_v2' may result in an unaligned pointer value [-Waddress-of-packed-member]
        q6asm_add_hdr(ac, &enc_cfg.hdr, sizeof(enc_cfg), TRUE);
                           ^~~~~~~~~~~
../techpack/audio/dsp/q6asm.c:5356:21: warning: taking address of packed member 'hdr' of class or structure 'asm_aac_sbr_ps_flag_param' may result in an unaligned pointer value [-Waddress-of-packed-member]
        q6asm_add_hdr(ac, &sbrps.hdr, sizeof(sbrps), TRUE);
                           ^~~~~~~~~
../techpack/audio/dsp/q6asm.c:5419:21: warning: taking address of packed member 'hdr' of class or structure 'asm_aac_dual_mono_mapping_param' may result in an unaligned pointer value [-Waddress-of-packed-member]
        q6asm_add_hdr(ac, &dual_mono.hdr, sizeof(dual_mono), TRUE);
                           ^~~~~~~~~~~~~
../techpack/audio/dsp/q6asm.c:5465:21: warning: taking address of packed member 'hdr' of class or structure 'asm_aac_stereo_mix_coeff_selection_param_v2' may result in an unaligned pointer value [-Waddress-of-packed-member]
        q6asm_add_hdr(ac, &aac_mix_coeff.hdr, sizeof(aac_mix_coeff), TRUE);
                           ^~~~~~~~~~~~~~~~~
../techpack/audio/dsp/q6asm.c:5530:21: warning: taking address of packed member 'hdr' of class or structure 'asm_v13k_enc_cfg' may result in an unaligned pointer value [-Waddress-of-packed-member]
        q6asm_add_hdr(ac, &enc_cfg.hdr, sizeof(enc_cfg), TRUE);
                           ^~~~~~~~~~~
../techpack/audio/dsp/q6asm.c:5597:21: warning: taking address of packed member 'hdr' of class or structure 'asm_evrc_enc_cfg' may result in an unaligned pointer value [-Waddress-of-packed-member]
        q6asm_add_hdr(ac, &enc_cfg.hdr, sizeof(enc_cfg), TRUE);
                           ^~~~~~~~~~~
../techpack/audio/dsp/q6asm.c:5660:21: warning: taking address of packed member 'hdr' of class or structure 'asm_amrnb_enc_cfg' may result in an unaligned pointer value [-Waddress-of-packed-member]
        q6asm_add_hdr(ac, &enc_cfg.hdr, sizeof(enc_cfg), TRUE);
                           ^~~~~~~~~~~
../techpack/audio/dsp/q6asm.c:5721:21: warning: taking address of packed member 'hdr' of class or structure 'asm_amrwb_enc_cfg' may result in an unaligned pointer value [-Waddress-of-packed-member]
        q6asm_add_hdr(ac, &enc_cfg.hdr, sizeof(enc_cfg), TRUE);
                           ^~~~~~~~~~~
../techpack/audio/dsp/q6asm.c:5780:28: warning: taking address of packed member 'hdr' of class or structure 'asm_multi_channel_pcm_fmt_blk_v2' may result in an unaligned pointer value [-Waddress-of-packed-member]
        q6asm_stream_add_hdr(ac, &fmt.hdr, sizeof(fmt), TRUE, stream_id);
                                  ^~~~~~~
../techpack/audio/dsp/q6asm.c:5788:23: warning: taking address of packed member 'hdr' of class or structure 'asm_multi_channel_pcm_fmt_blk_v2' may result in an unaligned pointer value [-Waddress-of-packed-member]
                q6asm_update_token(&fmt.hdr.token,
                                    ^~~~~~~~~~~~~
../techpack/audio/dsp/q6asm.c:5869:28: warning: taking address of packed member 'hdr' of class or structure 'asm_multi_channel_pcm_fmt_blk_param_v3' may result in an unaligned pointer value [-Waddress-of-packed-member]
        q6asm_stream_add_hdr(ac, &fmt.hdr, sizeof(fmt), TRUE, stream_id);
                                  ^~~~~~~
../techpack/audio/dsp/q6asm.c:5957:28: warning: taking address of packed member 'hdr' of class or structure 'asm_multi_channel_pcm_fmt_blk_param_v4' may result in an unaligned pointer value [-Waddress-of-packed-member]
        q6asm_stream_add_hdr(ac, &fmt.hdr, sizeof(fmt), TRUE, stream_id);
                                  ^~~~~~~
../techpack/audio/dsp/q6asm.c:6047:28: warning: taking address of packed member 'hdr' of class or structure 'asm_multi_channel_pcm_fmt_blk_param_v5' may result in an unaligned pointer value [-Waddress-of-packed-member]
        q6asm_stream_add_hdr(ac, &fmt.hdr, sizeof(fmt), TRUE, stream_id);
                                  ^~~~~~~
../techpack/audio/dsp/q6asm.c:6302:21: warning: taking address of packed member 'hdr' of class or structure 'asm_multi_channel_pcm_fmt_blk_v2' may result in an unaligned pointer value [-Waddress-of-packed-member]
        q6asm_add_hdr(ac, &fmt.hdr, sizeof(fmt), TRUE);
                           ^~~~~~~
../techpack/audio/dsp/q6asm.c:6376:21: warning: taking address of packed member 'hdr' of class or structure 'asm_multi_channel_pcm_fmt_blk_param_v3' may result in an unaligned pointer value [-Waddress-of-packed-member]
        q6asm_add_hdr(ac, &fmt.hdr, sizeof(fmt), TRUE);
                           ^~~~~~~
../techpack/audio/dsp/q6asm.c:6452:21: warning: taking address of packed member 'hdr' of class or structure 'asm_multi_channel_pcm_fmt_blk_param_v4' may result in an unaligned pointer value [-Waddress-of-packed-member]
        q6asm_add_hdr(ac, &fmt.hdr, sizeof(fmt), TRUE);
                           ^~~~~~~
../techpack/audio/dsp/q6asm.c:6530:21: warning: taking address of packed member 'hdr' of class or structure 'asm_multi_channel_pcm_fmt_blk_param_v5' may result in an unaligned pointer value [-Waddress-of-packed-member]
        q6asm_add_hdr(ac, &fmt.hdr, sizeof(fmt), TRUE);
                           ^~~~~~~
../techpack/audio/dsp/q6asm.c:6727:21: warning: taking address of packed member 'hdr' of class or structure 'asm_generic_compressed_fmt_blk_t' may result in an unaligned pointer value [-Waddress-of-packed-member]
        q6asm_add_hdr(ac, &fmt.hdr, sizeof(fmt), TRUE);
                           ^~~~~~~
../techpack/audio/dsp/q6asm.c:6801:21: warning: taking address of packed member 'hdr' of class or structure 'asm_iec_compressed_fmt_blk_t' may result in an unaligned pointer value [-Waddress-of-packed-member]
        q6asm_add_hdr(ac, &fmt.hdr, sizeof(fmt), TRUE);
                           ^~~~~~~
../techpack/audio/dsp/q6asm.c:6844:28: warning: taking address of packed member 'hdr' of class or structure 'asm_aac_fmt_blk_v2' may result in an unaligned pointer value [-Waddress-of-packed-member]
        q6asm_stream_add_hdr(ac, &fmt.hdr, sizeof(fmt), TRUE, stream_id);
                                  ^~~~~~~
../techpack/audio/dsp/q6asm.c:6852:23: warning: taking address of packed member 'hdr' of class or structure 'asm_aac_fmt_blk_v2' may result in an unaligned pointer value [-Waddress-of-packed-member]
                q6asm_update_token(&fmt.hdr.token,
                                    ^~~~~~~~~~~~~
../techpack/audio/dsp/q6asm.c:6975:28: warning: taking address of packed member 'hdr' of class or structure 'asm_wmastdv9_fmt_blk_v2' may result in an unaligned pointer value [-Waddress-of-packed-member]
        q6asm_stream_add_hdr(ac, &fmt.hdr, sizeof(fmt), TRUE, stream_id);
                                  ^~~~~~~
../techpack/audio/dsp/q6asm.c:7043:28: warning: taking address of packed member 'hdr' of class or structure 'asm_wmaprov10_fmt_blk_v2' may result in an unaligned pointer value [-Waddress-of-packed-member]
        q6asm_stream_add_hdr(ac, &fmt.hdr, sizeof(fmt), TRUE, stream_id);
                                  ^~~~~~~
../techpack/audio/dsp/q6asm.c:7112:21: warning: taking address of packed member 'hdr' of class or structure 'asm_amrwbplus_fmt_blk_v2' may result in an unaligned pointer value [-Waddress-of-packed-member]
        q6asm_add_hdr(ac, &fmt.hdr, sizeof(fmt), TRUE);
                           ^~~~~~~
../techpack/audio/dsp/q6asm.c:7168:28: warning: taking address of packed member 'hdr' of class or structure 'asm_flac_fmt_blk_v2' may result in an unaligned pointer value [-Waddress-of-packed-member]
        q6asm_stream_add_hdr(ac, &fmt.hdr, sizeof(fmt), TRUE, stream_id);
                                  ^~~~~~~
../techpack/audio/dsp/q6asm.c:7231:28: warning: taking address of packed member 'hdr' of class or structure 'asm_alac_fmt_blk_v2' may result in an unaligned pointer value [-Waddress-of-packed-member]
        q6asm_stream_add_hdr(ac, &fmt.hdr, sizeof(fmt), TRUE, stream_id);
                                  ^~~~~~~
../techpack/audio/dsp/q6asm.c:7311:28: warning: taking address of packed member 'hdr' of class or structure 'asm_g711_dec_fmt_blk_v2' may result in an unaligned pointer value [-Waddress-of-packed-member]
        q6asm_stream_add_hdr(ac, &fmt.hdr, sizeof(fmt), TRUE, stream_id);
                                  ^~~~~~~
../techpack/audio/dsp/q6asm.c:7367:28: warning: taking address of packed member 'hdr' of class or structure 'asm_vorbis_fmt_blk_v2' may result in an unaligned pointer value [-Waddress-of-packed-member]
        q6asm_stream_add_hdr(ac, &fmt.hdr, sizeof(fmt), TRUE, stream_id);
                                  ^~~~~~~
../techpack/audio/dsp/q6asm.c:7423:28: warning: taking address of packed member 'hdr' of class or structure 'asm_ape_fmt_blk_v2' may result in an unaligned pointer value [-Waddress-of-packed-member]
        q6asm_stream_add_hdr(ac, &fmt.hdr, sizeof(fmt), TRUE, stream_id);
                                  ^~~~~~~
../techpack/audio/dsp/q6asm.c:7489:28: warning: taking address of packed member 'hdr' of class or structure 'asm_dsd_fmt_blk_v2' may result in an unaligned pointer value [-Waddress-of-packed-member]
        q6asm_stream_add_hdr(ac, &fmt.hdr, sizeof(fmt), TRUE, stream_id);
                                  ^~~~~~~
../techpack/audio/dsp/q6asm.c:7553:28: warning: taking address of packed member 'hdr' of class or structure 'asm_aptx_dec_fmt_blk_v2' may result in an unaligned pointer value [-Waddress-of-packed-member]
        q6asm_stream_add_hdr(ac, &aptx_fmt.hdr, sizeof(aptx_fmt), TRUE,
                                  ^~~~~~~~~~~~
../techpack/audio/dsp/q6asm.c:7600:28: warning: taking address of packed member 'hdr' of class or structure 'asm_dec_ddp_endp_param_v2' may result in an unaligned pointer value [-Waddress-of-packed-member]
        q6asm_stream_add_hdr(ac, &ddp_cfg.hdr, sizeof(ddp_cfg), TRUE,
                                  ^~~~~~~~~~~
../techpack/audio/dsp/q6asm.c:7609:23: warning: taking address of packed member 'hdr' of class or structure 'asm_dec_ddp_endp_param_v2' may result in an unaligned pointer value [-Waddress-of-packed-member]
                q6asm_update_token(&ddp_cfg.hdr.token,
                                    ^~~~~~~~~~~~~~~~~
../techpack/audio/dsp/q6asm.c:7734:25: warning: taking address of packed member 'hdr' of class or structure 'avs_cmd_shared_mem_map_regions' may result in an unaligned pointer value [-Waddress-of-packed-member]
        q6asm_add_mmaphdr(ac, &mmap_regions->hdr, cmd_size, dir);
                               ^~~~~~~~~~~~~~~~~
../techpack/audio/dsp/q6asm.c:7820:25: warning: taking address of packed member 'hdr' of class or structure 'avs_cmd_shared_mem_unmap_regions' may result in an unaligned pointer value [-Waddress-of-packed-member]
        q6asm_add_mmaphdr(ac, &mem_unmap.hdr,
                               ^~~~~~~~~~~~~
../techpack/audio/dsp/q6asm.c:7967:25: warning: taking address of packed member 'hdr' of class or structure 'avs_cmd_shared_mem_map_regions' may result in an unaligned pointer value [-Waddress-of-packed-member]
        q6asm_add_mmaphdr(ac, &mmap_regions->hdr, cmd_size, dir);
                               ^~~~~~~~~~~~~~~~~
../techpack/audio/dsp/q6asm.c:8071:25: warning: taking address of packed member 'hdr' of class or structure 'avs_cmd_shared_mem_unmap_regions' may result in an unaligned pointer value [-Waddress-of-packed-member]
        q6asm_add_mmaphdr(ac, &mem_unmap.hdr, cmd_size, dir);
                               ^~~~~~~~~~~~~
../techpack/audio/dsp/q6asm.c:8171:27: warning: taking address of packed member 'hdr' of class or structure 'asm_volume_ctrl_multichannel_gain' may result in an unaligned pointer value [-Waddress-of-packed-member]
        q6asm_add_hdr_async(ac, &multi_ch_gain.hdr, sz, TRUE);
                                 ^~~~~~~~~~~~~~~~~
../techpack/audio/dsp/q6asm.c:8281:27: warning: taking address of packed member 'hdr' of class or structure 'asm_volume_ctrl_multichannel_gain' may result in an unaligned pointer value [-Waddress-of-packed-member]
        q6asm_add_hdr_async(ac, &multich_gain.hdr, sz, TRUE);
                                 ^~~~~~~~~~~~~~~~
../techpack/audio/dsp/q6asm.c:8383:27: warning: taking address of packed member 'hdr' of class or structure 'asm_volume_ctrl_mute_config' may result in an unaligned pointer value [-Waddress-of-packed-member]
        q6asm_add_hdr_async(ac, &mute.hdr, sz, TRUE);
                                 ^~~~~~~~
../techpack/audio/dsp/q6asm.c:8472:27: warning: taking address of packed member 'hdr' of class or structure 'asm_volume_ctrl_master_gain' may result in an unaligned pointer value [-Waddress-of-packed-member]
        q6asm_add_hdr_async(ac, &vol.hdr, sz, TRUE);
                                 ^~~~~~~
../techpack/audio/dsp/q6asm.c:8570:27: warning: taking address of packed member 'hdr' of class or structure 'aptx_dec_bt_dev_addr' may result in an unaligned pointer value [-Waddress-of-packed-member]
        q6asm_add_hdr_async(ac, &paylod.hdr, sz, TRUE);
                                 ^~~~~~~~~~
../techpack/audio/dsp/q6asm.c:8660:27: warning: taking address of packed member 'hdr' of class or structure 'avs_rtic_shared_mem_addr' may result in an unaligned pointer value [-Waddress-of-packed-member]
        q6asm_add_hdr_async(ac, &shm.hdr, sz, TRUE);
                                 ^~~~~~~
../techpack/audio/dsp/q6asm.c:8739:27: warning: taking address of packed member 'hdr' of class or structure 'avs_param_rtic_event_ack' may result in an unaligned pointer value [-Waddress-of-packed-member]
        q6asm_add_hdr_async(ac, &ack.hdr,
                                 ^~~~~~~
../techpack/audio/dsp/q6asm.c:8825:27: warning: taking address of packed member 'hdr' of class or structure 'asm_soft_pause_params' may result in an unaligned pointer value [-Waddress-of-packed-member]
        q6asm_add_hdr_async(ac, &softpause.hdr, sz, TRUE);
                                 ^~~~~~~~~~~~~
../techpack/audio/dsp/q6asm.c:8921:27: warning: taking address of packed member 'hdr' of class or structure 'asm_soft_step_volume_params' may result in an unaligned pointer value [-Waddress-of-packed-member]
        q6asm_add_hdr_async(ac, &softvol.hdr, sz, TRUE);
                                 ^~~~~~~~~~~
../techpack/audio/dsp/q6asm.c:9054:21: warning: taking address of packed member 'hdr' of class or structure 'asm_eq_params' may result in an unaligned pointer value [-Waddress-of-packed-member]
        q6asm_add_hdr(ac, &eq.hdr, sz, TRUE);
                           ^~~~~~
../techpack/audio/dsp/q6asm.c:9147:22: warning: taking address of packed member 'hdr' of class or structure 'asm_data_cmd_read_v2' may result in an unaligned pointer value [-Waddress-of-packed-member]
                q6asm_add_hdr(ac, &read.hdr, sizeof(read), FALSE);
                                   ^~~~~~~~
../techpack/audio/dsp/q6asm.c:9183:23: warning: taking address of packed member 'hdr' of class or structure 'asm_data_cmd_read_v2' may result in an unaligned pointer value [-Waddress-of-packed-member]
                q6asm_update_token(&read.hdr.token,
                                    ^~~~~~~~~~~~~~
../techpack/audio/dsp/q6asm.c:9268:28: warning: taking address of packed member 'hdr' of class or structure 'asm_data_cmd_read_v2' may result in an unaligned pointer value [-Waddress-of-packed-member]
                q6asm_add_hdr_async(ac, &read.hdr, sizeof(read), FALSE);
                                         ^~~~~~~~
../techpack/audio/dsp/q6asm.c:9287:23: warning: taking address of packed member 'hdr' of class or structure 'asm_data_cmd_read_v2' may result in an unaligned pointer value [-Waddress-of-packed-member]
                q6asm_update_token(&read.hdr.token,
                                    ^~~~~~~~~~~~~~
../techpack/audio/dsp/q6asm.c:9354:9: warning: taking address of packed member 'hdr' of class or structure 'asm_data_cmd_write_v2' may result in an unaligned pointer value [-Waddress-of-packed-member]
                        ac, &write.hdr, sizeof(write), TRUE, ac->stream_id);
                             ^~~~~~~~~
../techpack/audio/dsp/q6asm.c:9446:27: warning: taking address of packed member 'hdr' of class or structure 'asm_data_cmd_read_v2' may result in an unaligned pointer value [-Waddress-of-packed-member]
        q6asm_add_hdr_async(ac, &read.hdr, sizeof(read), FALSE);
                                 ^~~~~~~~
../techpack/audio/dsp/q6asm.c:9530:22: warning: taking address of packed member 'hdr' of class or structure 'asm_data_cmd_write_v2' may result in an unaligned pointer value [-Waddress-of-packed-member]
                q6asm_add_hdr(ac, &write.hdr, sizeof(write),
                                   ^~~~~~~~~
../techpack/audio/dsp/q6asm.c:9537:23: warning: taking address of packed member 'hdr' of class or structure 'asm_data_cmd_write_v2' may result in an unaligned pointer value [-Waddress-of-packed-member]
                q6asm_update_token(&write.hdr.token,
                                    ^~~~~~~~~~~~~~~
../techpack/audio/dsp/q6asm.c:9624:28: warning: taking address of packed member 'hdr' of class or structure 'asm_data_cmd_write_v2' may result in an unaligned pointer value [-Waddress-of-packed-member]
                q6asm_add_hdr_async(ac, &write.hdr, sizeof(write),
                                         ^~~~~~~~~
../techpack/audio/dsp/q6asm.c:9630:23: warning: taking address of packed member 'hdr' of class or structure 'asm_data_cmd_write_v2' may result in an unaligned pointer value [-Waddress-of-packed-member]
                q6asm_update_token(&write.hdr.token,
                                    ^~~~~~~~~~~~~~~
../techpack/audio/dsp/q6asm.c:9705:21: warning: taking address of packed member 'hdr' of class or structure 'asm_mtmx_strtr_get_params' may result in an unaligned pointer value [-Waddress-of-packed-member]
        q6asm_add_hdr(ac, &mtmx_params.hdr, sizeof(mtmx_params), TRUE);
                           ^~~~~~~~~~~~~~~
../techpack/audio/dsp/q6asm.c:9932:21: warning: taking address of packed member 'hdr' of class or structure 'asm_mtmx_strtr_params' may result in an unaligned pointer value [-Waddress-of-packed-member]
        q6asm_add_hdr(ac, &matrix.hdr, sz, TRUE);
                           ^~~~~~~~~~
../techpack/audio/dsp/q6asm.c:10027:21: warning: taking address of packed member 'hdr' of class or structure 'asm_mtmx_strtr_params' may result in an unaligned pointer value [-Waddress-of-packed-member]
        q6asm_add_hdr(ac, &matrix.hdr, sz, TRUE);
                           ^~~~~~~~~~
../techpack/audio/dsp/q6asm.c:10122:21: warning: taking address of packed member 'hdr' of class or structure 'asm_mtmx_strtr_params' may result in an unaligned pointer value [-Waddress-of-packed-member]
        q6asm_add_hdr(ac, &matrix.hdr, sz, TRUE);
                           ^~~~~~~~~~
../techpack/audio/dsp/q6asm.c:10207:21: warning: taking address of packed member 'hdr' of class or structure 'asm_mtmx_strtr_params' may result in an unaligned pointer value [-Waddress-of-packed-member]
        q6asm_add_hdr(ac, &matrix.hdr, sz, TRUE);
                           ^~~~~~~~~~
../techpack/audio/dsp/q6asm.c:10532:34: warning: taking address of packed member 'hdr' of class or structure 'asm_data_cmd_remove_silence' may result in an unaligned pointer value [-Waddress-of-packed-member]
        q6asm_stream_add_hdr_async(ac, &silence.hdr, sizeof(silence), TRUE,
                                        ^~~~~~~~~~~
../techpack/audio/dsp/q6asm.c:10541:23: warning: taking address of packed member 'hdr' of class or structure 'asm_data_cmd_remove_silence' may result in an unaligned pointer value [-Waddress-of-packed-member]
                q6asm_update_token(&silence.hdr.token,
                                    ^~~~~~~~~~~~~~~~~
../techpack/audio/dsp/q6asm.c:10651:21: warning: taking address of packed member 'hdr' of class or structure 'asm_session_cmd_regx_overflow' may result in an unaligned pointer value [-Waddress-of-packed-member]
        q6asm_add_hdr(ac, &tx_overflow.hdr, sizeof(tx_overflow), TRUE);
                           ^~~~~~~~~~~~~~~
../techpack/audio/dsp/q6asm.c:10703:27: warning: taking address of packed member 'hdr' of class or structure 'asm_session_cmd_rgstr_rx_underflow' may result in an unaligned pointer value [-Waddress-of-packed-member]
        q6asm_add_hdr_async(ac, &rx_underflow.hdr, sizeof(rx_underflow), FALSE);
                                 ^~~~~~~~~~~~~~~~
../techpack/audio/dsp/q6asm.c:10755:21: warning: taking address of packed member 'hdr' of class or structure 'asm_session_cmd_adjust_session_clock_v2' may result in an unaligned pointer value [-Waddress-of-packed-member]
        q6asm_add_hdr(ac, &adjust_clock.hdr, sz, TRUE);
                           ^~~~~~~~~~~~~~~~
  CC      techpack/audio/asoc/msm-pcm-hostless.o
  LD      drivers/clk/bcm/built-in.o
  LD      sound/soundcore.o
  LD      sound/built-in.o
  CC      kernel/sched/idle_task.o
  CC      drivers/clk/msm/clock.o
  CC      drivers/clocksource/clksrc-probe.o
  CC      fs/ext4/migrate.o
  CC      techpack/audio/asoc/msm-pcm-host-voice-v2.o
  CC      kernel/sched/fair.o
  CC      drivers/clocksource/arm_arch_timer.o
  CC      fs/f2fs/gc.o
  CC      fs/ext4/mballoc.o
  CC      net/bluetooth/l2cap_sock.o
  CC      techpack/audio/asoc/msm-pcm-loopback-v2.o
  CC      drivers/clocksource/dummy_timer.o
  CC      drivers/clk/msm/clock-dummy.o
  LD      drivers/clocksource/built-in.o
  CC      kernel/time/time.o
  CC      drivers/clk/msm/clock-generic.o
  CC      techpack/audio/asoc/msm-pcm-q6-noirq.o
  CC      drivers/clk/msm/clock-local2.o
86 warnings generated.
  CC      kernel/time/timer.o
  CC      techpack/audio/asoc/msm-pcm-q6-v2.o
  CC      net/bluetooth/smp.o
  CC      fs/f2fs/data.o
  CC      techpack/audio/dsp/q6audio-v2.o
  CC      drivers/clk/msm/clock-pll.o
  CC      techpack/audio/dsp/q6voice.o
  CC      techpack/audio/asoc/msm-pcm-routing-v2.o
  CC      fs/ext4/block_validity.o
../techpack/audio/dsp/q6voice.c:2540:5: warning: taking address of packed member 'tx_topology_id' of class or structure 'vss_ivocproc_cmd_set_device_v2_t' may result in an unaligned pointer value [-Waddress-of-packed-member]
                        &cvp_setdev_cmd.cvp_set_device_v2.tx_topology_id,
                         ^~~~~~~~~~~~~~~~~~~~~~~~~~~~~~~~~~~~~~~~~~~~~~~
../techpack/audio/dsp/q6voice.c:2541:5: warning: taking address of packed member 'rx_topology_id' of class or structure 'vss_ivocproc_cmd_set_device_v2_t' may result in an unaligned pointer value [-Waddress-of-packed-member]
                        &cvp_setdev_cmd.cvp_set_device_v2.rx_topology_id);
                         ^~~~~~~~~~~~~~~~~~~~~~~~~~~~~~~~~~~~~~~~~~~~~~~
../techpack/audio/dsp/q6voice.c:2897:5: warning: taking address of packed member 'tx_topology_id' of class or structure 'vss_ivocproc_cmd_create_full_control_session_v2_t' may result in an unaligned pointer value [-Waddress-of-packed-member]
                        &cvp_session_cmd.cvp_session.tx_topology_id,
                         ^~~~~~~~~~~~~~~~~~~~~~~~~~~~~~~~~~~~~~~~~~
../techpack/audio/dsp/q6voice.c:2898:5: warning: taking address of packed member 'rx_topology_id' of class or structure 'vss_ivocproc_cmd_create_full_control_session_v2_t' may result in an unaligned pointer value [-Waddress-of-packed-member]
                        &cvp_session_cmd.cvp_session.rx_topology_id);
                         ^~~~~~~~~~~~~~~~~~~~~~~~~~~~~~~~~~~~~~~~~~
  CC      drivers/clk/msm/clock-alpha-pll.o
  CC      net/bluetooth/lib.o
  CC      fs/ext4/move_extent.o
  CC      kernel/time/hrtimer.o
  CC      drivers/clk/msm/clock-rpm.o
  CC      fs/ext4/mmp.o
  CC      drivers/clk/msm/clock-voter.o
  CC      fs/f2fs/node.o
  CC      net/bluetooth/ecc.o
  CC      drivers/clk/msm/reset.o
  CC      kernel/time/itimer.o
  CC      fs/ext4/indirect.o
  CC      kernel/sched/rt.o
  CC      net/bluetooth/hci_request.o
4 warnings generated.
  CC      drivers/clk/msm/clock-debug.o
  CC      kernel/time/posix-timers.o
  CC      techpack/audio/asoc/msm-pcm-voice-v2.o
  CC      techpack/audio/dsp/q6core.o
  CC      fs/ext4/extents_status.o
  CC      drivers/clk/msm/gdsc.o
  CC      kernel/sched/deadline.o
  CC      kernel/time/posix-cpu-timers.o
  CC      techpack/audio/asoc/msm-pcm-voip-v2.o
  CC      drivers/clk/msm/clock-gcc-8953.o
  CC      techpack/audio/dsp/rtac.o
  CC      net/bluetooth/mgmt_util.o
  CC      fs/f2fs/segment.o
  CC      fs/ext4/xattr.o
  CC      kernel/time/timekeeping.o
  CC      kernel/sched/stop_task.o
  CC      techpack/audio/asoc/msm-transcode-loopback-q6-v2.o
  CC      drivers/clk/msm/clock-cpu-8953.o
  CC      net/bluetooth/hci_debugfs.o
  CC      kernel/sched/wait.o
  CC      techpack/audio/dsp/q6lsm.o
  CC      techpack/audio/asoc/platform_init.o
  CC      drivers/clk/msm/clock-rcgwr.o
../techpack/audio/dsp/q6lsm.c:545:25: warning: taking address of packed member 'hdr' of class or structure 'lsm_custom_topologies' may result in an unaligned pointer value [-Waddress-of-packed-member]
        q6lsm_add_hdr(client, &cstm_top.hdr,
                               ^~~~~~~~~~~~
../techpack/audio/dsp/q6lsm.c:632:25: warning: taking address of packed member 'hdr' of class or structure 'lsm_stream_cmd_open_tx_v2' may result in an unaligned pointer value [-Waddress-of-packed-member]
        q6lsm_add_hdr(client, &open_v2.hdr,
                               ^~~~~~~~~~~
../techpack/audio/dsp/q6lsm.c:707:25: warning: taking address of packed member 'hdr' of class or structure 'lsm_stream_cmd_open_tx' may result in an unaligned pointer value [-Waddress-of-packed-member]
        q6lsm_add_hdr(client, &open.hdr, sizeof(open), true);
                               ^~~~~~~~
../techpack/audio/dsp/q6lsm.c:759:13: warning: taking address of packed member 'msg_hdr' of class or structure 'lsm_cmd_set_params_conf' may result in an unaligned pointer value [-Waddress-of-packed-member]
        msg_hdr = &conf_params->msg_hdr;
                   ^~~~~~~~~~~~~~~~~~~~
../techpack/audio/dsp/q6lsm.c:806:13: warning: taking address of packed member 'msg_hdr' of class or structure 'lsm_cmd_set_params_opmode' may result in an unaligned pointer value [-Waddress-of-packed-member]
        msg_hdr = &opmode_params.msg_hdr;
                   ^~~~~~~~~~~~~~~~~~~~~
../techpack/audio/dsp/q6lsm.c:882:13: warning: taking address of packed member 'msg_hdr' of class or structure 'lsm_cmd_set_connectport' may result in an unaligned pointer value [-Waddress-of-packed-member]
        msg_hdr = &connectport.msg_hdr;
                   ^~~~~~~~~~~~~~~~~~~
../techpack/audio/dsp/q6lsm.c:924:13: warning: taking address of packed member 'msg_hdr' of class or structure 'lsm_cmd_poll_enable' may result in an unaligned pointer value [-Waddress-of-packed-member]
        msg_hdr = &cmd.msg_hdr;
                   ^~~~~~~~~~~
../techpack/audio/dsp/q6lsm.c:981:13: warning: taking address of packed member 'msg_hdr' of class or structure 'lsm_cmd_set_fwk_mode_cfg' may result in an unaligned pointer value [-Waddress-of-packed-member]
        msg_hdr = &cmd.msg_hdr;
                   ^~~~~~~~~~~
../techpack/audio/dsp/q6lsm.c:1072:13: warning: taking address of packed member 'msg_hdr' of class or structure 'lsm_cmd_set_media_fmt' may result in an unaligned pointer value [-Waddress-of-packed-member]
        msg_hdr = &cmd.msg_hdr;
                   ^~~~~~~~~~~
  CC      techpack/audio/asoc/msm-ds2-dap-config.o
../techpack/audio/dsp/q6lsm.c:1209:25: warning: taking address of packed member 'hdr' of class or structure 'lsm_cmd_reg_snd_model' may result in an unaligned pointer value [-Waddress-of-packed-member]
        q6lsm_add_hdr(client, &cmd.hdr, sizeof(cmd), true);
                               ^~~~~~~
../techpack/audio/dsp/q6lsm.c:1260:25: warning: taking address of packed member 'hdr' of class or structure 'lsm_cmd_reg_snd_model' may result in an unaligned pointer value [-Waddress-of-packed-member]
        q6lsm_add_hdr(client, &cmd.hdr, sizeof(cmd.hdr), false);
                               ^~~~~~~
../techpack/audio/dsp/q6lsm.c:1317:29: warning: taking address of packed member 'hdr' of class or structure 'avs_cmd_shared_mem_map_regions' may result in an unaligned pointer value [-Waddress-of-packed-member]
        q6lsm_add_mmaphdr(client, &mmap_regions->hdr, cmd_size, true,
                                   ^~~~~~~~~~~~~~~~~
../techpack/audio/dsp/q6lsm.c:1355:29: warning: taking address of packed member 'hdr' of class or structure 'avs_cmd_shared_mem_unmap_regions' may result in an unaligned pointer value [-Waddress-of-packed-member]
        q6lsm_add_mmaphdr(client, &unmap.hdr, cmd_size,
                                   ^~~~~~~~~
../techpack/audio/dsp/q6lsm.c:1376:29: warning: taking address of packed member 'msg_hdr' of class or structure 'lsm_cmd_set_params' may result in an unaligned pointer value [-Waddress-of-packed-member]
        struct apr_hdr *msg_hdr = &params.msg_hdr;
                                   ^~~~~~~~~~~~~~
../techpack/audio/dsp/q6lsm.c:1720:29: warning: taking address of packed member 'msg_hdr' of class or structure 'lsm_cmd_set_epd_threshold' may result in an unaligned pointer value [-Waddress-of-packed-member]
        struct apr_hdr *msg_hdr = &epd_cmd.msg_hdr;
                                   ^~~~~~~~~~~~~~~
../techpack/audio/dsp/q6lsm.c:1753:29: warning: taking address of packed member 'msg_hdr' of class or structure 'lsm_cmd_set_gain' may result in an unaligned pointer value [-Waddress-of-packed-member]
        struct apr_hdr *msg_hdr = &lsm_cmd_gain.msg_hdr;
                                   ^~~~~~~~~~~~~~~~~~~~
../techpack/audio/dsp/q6lsm.c:1873:26: warning: taking address of packed member 'msg_hdr' of class or structure 'lsm_cmd_set_params' may result in an unaligned pointer value [-Waddress-of-packed-member]
                q6lsm_add_hdr(client, &model_param.msg_hdr,
                                       ^~~~~~~~~~~~~~~~~~~
../techpack/audio/dsp/q6lsm.c:1915:26: warning: taking address of packed member 'msg_hdr' of class or structure 'lsm_cmd_set_params' may result in an unaligned pointer value [-Waddress-of-packed-member]
                q6lsm_add_hdr(client, &param->msg_hdr, pkt_sz, true);
                                       ^~~~~~~~~~~~~~
../techpack/audio/dsp/q6lsm.c:2040:25: warning: taking address of packed member 'msg_hdr' of class or structure 'lsm_params_lab_enable' may result in an unaligned pointer value [-Waddress-of-packed-member]
        q6lsm_add_hdr(client, &lab_enable.msg_hdr, sizeof(lab_enable), true);
                               ^~~~~~~~~~~~~~~~~~
../techpack/audio/dsp/q6lsm.c:2061:25: warning: taking address of packed member 'msg_hdr' of class or structure 'lsm_params_lab_config' may result in an unaligned pointer value [-Waddress-of-packed-member]
        q6lsm_add_hdr(client, &lab_config.msg_hdr, sizeof(lab_config), true);
                               ^~~~~~~~~~~~~~~~~~
../techpack/audio/dsp/q6lsm.c:2134:25: warning: taking address of packed member 'hdr' of class or structure 'lsm_cmd_read' may result in an unaligned pointer value [-Waddress-of-packed-member]
        q6lsm_add_hdr(client, &read->hdr, sizeof(struct lsm_cmd_read), true);
                               ^~~~~~~~~
  CC      fs/ext4/xattr_user.o
  CC      kernel/sched/swait.o
  CC      kernel/time/ntp.o
  CC      drivers/clk/msm/clock-cpu-sdm632.o
  LD      net/bluetooth/bluetooth.o
21 warnings generated.
  LD      net/bluetooth/built-in.o
  CC      fs/ext4/xattr_trusted.o
  CC      kernel/sched/completion.o
  CC      net/bridge/br.o
  CC      techpack/audio/dsp/audio_slimslave.o
  CC      kernel/time/clocksource.o
  CC      techpack/audio/asoc/msm-pcm-routing-devdep.o
  CC      drivers/clk/msm/mdss/mdss-pll-util.o
  CC      kernel/sched/idle.o
  CC      fs/ext4/inline.o
  CC      techpack/audio/dsp/adsp_err.o
  CC      net/bridge/br_device.o
  CC      techpack/audio/asoc/msm-qti-pp-config.o
  CC      techpack/audio/dsp/msm_audio_ion.o
  CC      kernel/time/jiffies.o
  CC      drivers/clk/msm/mdss/mdss-pll.o
  CC      fs/f2fs/recovery.o
  CC      kernel/sched/cpupri.o
  CC      drivers/clk/msm/mdss/mdss-dsi-pll-util.o
  CC      kernel/time/timer_list.o
  CC      techpack/audio/asoc/msm8952.o
  CC      fs/ext4/readpage.o
  CC      kernel/sched/cpudeadline.o
  CC      techpack/audio/dsp/avtimer.o
  CC      kernel/time/timeconv.o
  CC      drivers/clk/msm/mdss/mdss-dsi-pll-28lpm.o
  CC      net/bridge/br_fdb.o
  CC      kernel/sched/energy.o
  CC      fs/f2fs/shrinker.o
  CC      drivers/clk/msm/mdss/mdss-dsi-pll-8996.o
  CC      kernel/time/timecounter.o
  CC      fs/ext4/sysfs.o
  CC      kernel/time/posix-clock.o
  CC      techpack/audio/dsp/q6_init.o
  CC      techpack/audio/asoc/msm8952-slimbus.o
  CC      kernel/sched/sched_avg.o
  CC      fs/f2fs/extent_cache.o
  CC      drivers/clk/msm/mdss/mdss-dsi-pll-8996-util.o
  CC      techpack/audio/dsp/msm-dts-srs-tm-config.o
  CC      fs/ext4/xattr_security.o
  CC      net/bridge/br_forward.o
  CC      kernel/time/alarmtimer.o
  CC      drivers/clk/msm/mdss/mdss-hdmi-pll-8996.o
  LD      fs/ext4/ext4.o
  CC      techpack/audio/asoc/msm8952-dai-links.o
  LD      fs/ext4/built-in.o
  CC      techpack/audio/dsp/usf.o
  CC      kernel/sched/walt.o
  CC      fs/f2fs/sysfs.o
  CC      kernel/time/clockevents.o
  CC      techpack/audio/ipc/apr.o
  CC      techpack/audio/asoc/msm-cpe-lsm.o
  CC      drivers/clk/msm/mdss/mdss-dsi-pll-12nm.o
  CC      fs/f2fs/debug.o
  CC      net/bridge/br_if.o
  CC      techpack/audio/dsp/usfcdev.o
  CC      drivers/clk/msm/mdss/mdss-dsi-pll-12nm-util.o
  CC      kernel/time/tick-common.o
  CC      techpack/audio/ipc/apr_v2.o
  CC      techpack/audio/dsp/q6usm.o
  CC      fs/f2fs/xattr.o
  LD      drivers/clk/msm/mdss/built-in.o
  CC      kernel/sched/boost.o
  LD      drivers/clk/msm/built-in.o
  LD      techpack/audio/asoc/platform_dlkm.o
  LD      drivers/clk/mvebu/built-in.o
  LD      drivers/clk/ti/built-in.o
../techpack/audio/dsp/q6usm.c:80:21: warning: taking address of packed member 'hdr' of class or structure 'usm_cmd_memory_map_region' may result in an unaligned pointer value [-Waddress-of-packed-member]
        q6usm_add_mmaphdr(&mem_region_map.hdr,
                           ^~~~~~~~~~~~~~~~~~
../techpack/audio/dsp/q6usm.c:128:21: warning: taking address of packed member 'hdr' of class or structure 'usm_cmd_memory_unmap_region' may result in an unaligned pointer value [-Waddress-of-packed-member]
        q6usm_add_mmaphdr(&mem_unmap.hdr,
                           ^~~~~~~~~~~~~
  LD      drivers/clk/built-in.o
../techpack/audio/dsp/q6usm.c:824:22: warning: taking address of packed member 'hdr' of class or structure 'usm_stream_cmd_open_read' may result in an unaligned pointer value [-Waddress-of-packed-member]
        q6usm_add_hdr(usc, &open.hdr, sizeof(open), true);
                            ^~~~~~~~
../techpack/audio/dsp/q6usm.c:899:22: warning: taking address of packed member 'hdr' of class or structure 'usm_stream_cmd_encdec_cfg_blk' may result in an unaligned pointer value [-Waddress-of-packed-member]
        q6usm_add_hdr(usc, &enc_cfg->hdr, total_cfg_size, true);
                            ^~~~~~~~~~~~
../techpack/audio/dsp/q6usm.c:1013:22: warning: taking address of packed member 'hdr' of class or structure 'usm_stream_media_format_update' may result in an unaligned pointer value [-Waddress-of-packed-member]
        q6usm_add_hdr(usc, &dec_cfg->hdr, total_cfg_size, true);
                            ^~~~~~~~~~~~
../techpack/audio/dsp/q6usm.c:1071:22: warning: taking address of packed member 'hdr' of class or structure 'usm_stream_cmd_open_write' may result in an unaligned pointer value [-Waddress-of-packed-member]
        q6usm_add_hdr(usc, &open.hdr, sizeof(open), true);
                            ^~~~~~~~
../techpack/audio/dsp/q6usm.c:1113:22: warning: taking address of packed member 'hdr' of class or structure 'usm_stream_cmd_run' may result in an unaligned pointer value [-Waddress-of-packed-member]
        q6usm_add_hdr(usc, &run.hdr, sizeof(run), true);
                            ^~~~~~~
../techpack/audio/dsp/q6usm.c:1173:22: warning: taking address of packed member 'hdr' of class or structure 'usm_stream_cmd_read' may result in an unaligned pointer value [-Waddress-of-packed-member]
        q6usm_add_hdr(usc, &read.hdr, sizeof(read), false);
                            ^~~~~~~~
../techpack/audio/dsp/q6usm.c:1250:22: warning: taking address of packed member 'hdr' of class or structure 'usm_stream_cmd_write' may result in an unaligned pointer value [-Waddress-of-packed-member]
        q6usm_add_hdr(usc, &cmd_write.hdr, sizeof(cmd_write), false);
                            ^~~~~~~~~~~~~
../techpack/audio/dsp/q6usm.c:1368:22: warning: taking address of packed member 'hdr' of class or structure 'usm_session_cmd_detect_info' may result in an unaligned pointer value [-Waddress-of-packed-member]
        q6usm_add_hdr(usc, &detect_info->hdr, detect_info_size, true);
                            ^~~~~~~~~~~~~~~~
../techpack/audio/dsp/q6usm.c:1403:22: warning: taking address of packed member 'hdr' of class or structure 'usm_stream_cmd_set_param' may result in an unaligned pointer value [-Waddress-of-packed-member]
        q6usm_add_hdr(usc, &cmd_set_param.hdr, sizeof(cmd_set_param), true);
                            ^~~~~~~~~~~~~~~~~
../techpack/audio/dsp/q6usm.c:1449:22: warning: taking address of packed member 'hdr' of class or structure 'usm_stream_cmd_get_param' may result in an unaligned pointer value [-Waddress-of-packed-member]
        q6usm_add_hdr(usc, &cmd_get_param.hdr, sizeof(cmd_get_param), true);
                            ^~~~~~~~~~~~~~~~~
  CC      techpack/audio/ipc/apr_tal.o
  LD      techpack/audio/asoc/machine_dlkm.o
  LD      techpack/audio/asoc/machine_ext_dlkm.o
  LD      techpack/audio/asoc/cpe_lsm_dlkm.o
  CC      drivers/cpufreq/cpufreq.o
  LD      techpack/audio/asoc/built-in.o
  CC      net/bridge/br_input.o
  CC      kernel/time/tick-broadcast.o
  CC      drivers/cpufreq/freq_table.o
12 warnings generated.
  CC      fs/f2fs/acl.o
  CC      kernel/sched/auto_group.o
  CC      techpack/audio/dsp/adsp-loader.o
  CC      techpack/audio/ipc/apr_dummy.o
  CC      techpack/audio/dsp/audio_notifier.o
  CC      techpack/audio/ipc/wcd-dsp-glink.o
  CC      kernel/trace/trace_clock.o
  CC      kernel/time/tick-broadcast-hrtimer.o
  LD      fs/f2fs/f2fs.o
  LD      fs/f2fs/built-in.o
  CC      fs/fat/cache.o
  CC      kernel/sched/stats.o
  CC      kernel/trace/ring_buffer.o
  CC      techpack/audio/dsp/audio_ssr.o
  CC      kernel/time/sched_clock.o
  CC      net/bridge/br_ioctl.o
  CC      kernel/sched/debug.o
  CC      fs/fat/dir.o
  CC      drivers/cpufreq/cpufreq_stats.o
  LD      techpack/audio/ipc/apr_dlkm.o
  CC      kernel/time/tick-oneshot.o
  LD      techpack/audio/dsp/q6_dlkm.o
  LD      techpack/audio/ipc/wglink_dlkm.o
  LD      techpack/audio/dsp/usf_dlkm.o
  LD      techpack/audio/dsp/adsp_loader_dlkm.o
  LD      techpack/audio/dsp/q6_notifier_dlkm.o
  LD      techpack/audio/ipc/built-in.o
  LD      techpack/audio/dsp/built-in.o
  CC      drivers/cpufreq/cpufreq_times.o
  CC      kernel/time/tick-sched.o
  CC      techpack/audio/soc/pinctrl-wcd.o
  CC      lib/lockref.o
  CC      net/bridge/br_stp.o
  CC      lib/bcd.o
  CC      lib/div64.o
  CC      kernel/sched/tune.o
  CC      techpack/audio/soc/regmap-swr.o
  CC      lib/sort.o
  CC      drivers/cpufreq/cpufreq_performance.o
  CC      kernel/trace/trace.o
  CC      lib/parser.o
  CC      fs/fat/fatent.o
  CC      kernel/time/timekeeping_debug.o
  CC      drivers/cpufreq/cpufreq_powersave.o
  CC      net/bridge/br_stp_bpdu.o
  CC      techpack/audio/soc/soundwire.o
  CC      lib/halfmd4.o
  CC      drivers/cpufreq/cpufreq_userspace.o
  LD      kernel/time/built-in.o
  CC      lib/debug_locks.o
  CC      kernel/sched/cpuacct.o
  LD      virt/lib/built-in.o
  LD      virt/built-in.o
  CC      techpack/audio/soc/swr-wcd-ctrl.o
  CC      drivers/cpufreq/cpufreq_ondemand.o
  CC      lib/random32.o
  CC      fs/fat/file.o
  CC      kernel/sched/cpufreq.o
  CC      net/bridge/br_stp_if.o
  CC      lib/bust_spinlocks.o
  CC      drivers/cpufreq/cpufreq_conservative.o
  DTC     arch/arm64/boot/dts/qcom/apq8016-sbc.dtb
  DTC     arch/arm64/boot/dts/qcom/msm8916-mtp.dtb
  DTC     arch/arm64/boot/dts/qcom/msm8996-mtp.dtb
  CC      lib/kasprintf.o
  DTC     arch/arm64/boot/dts/qcom/apq8096-db820c.dtb
  DTC     arch/arm64/boot/dts/qcom/msm8953-qrd-sku3-tissot.dtb
  CC      kernel/sched/cpufreq_schedutil.o
  CC      drivers/cpufreq/cpufreq_governor.o
  LD      techpack/audio/soc/pinctrl_wcd_dlkm.o
  LD      techpack/audio/soc/swr_dlkm.o
  CC      net/bridge/br_stp_timer.o
  LD      techpack/audio/soc/swr_ctrl_dlkm.o
  LD      techpack/audio/soc/built-in.o
  CC      fs/fat/inode.o
  LD      techpack/audio/built-in.o
  CC      lib/bitmap.o
  LD      techpack/built-in.o
  CC      drivers/cpufreq/cpufreq_governor_attr_set.o
  CC      kernel/trace/trace_output.o
  CC      kernel/freezer.o
  CC      kernel/profile.o
  CC      kernel/sched/core_ctl.o
  CC      net/bridge/br_netlink.o
../kernel/trace/trace_output.c:29:2: warning: converting the enum constant to a boolean [-Wint-in-bool-context]
        trace_assign_type(field, entry);
        ^
../kernel/trace/trace.h:327:3: note: expanded from macro 'trace_assign_type'
                IF_ASSIGN(var, ent, struct stack_entry, TRACE_STACK);   \
                ^
../kernel/trace/trace.h:303:14: note: expanded from macro 'IF_ASSIGN'
                WARN_ON(id && (entry)->type != id);     \
                           ^
../kernel/trace/trace_output.c:29:2: warning: converting the enum constant to a boolean [-Wint-in-bool-context]
../kernel/trace/trace.h:328:3: note: expanded from macro 'trace_assign_type'
                IF_ASSIGN(var, ent, struct userstack_entry, TRACE_USER_STACK);\
                ^
../kernel/trace/trace.h:303:14: note: expanded from macro 'IF_ASSIGN'
                WARN_ON(id && (entry)->type != id);     \
                           ^
../kernel/trace/trace_output.c:29:2: warning: converting the enum constant to a boolean [-Wint-in-bool-context]
../kernel/trace/trace.h:329:3: note: expanded from macro 'trace_assign_type'
                IF_ASSIGN(var, ent, struct print_entry, TRACE_PRINT);   \
                ^
../kernel/trace/trace.h:303:14: note: expanded from macro 'IF_ASSIGN'
                WARN_ON(id && (entry)->type != id);     \
                           ^
../kernel/trace/trace_output.c:29:2: warning: converting the enum constant to a boolean [-Wint-in-bool-context]
../kernel/trace/trace.h:330:3: note: expanded from macro 'trace_assign_type'
                IF_ASSIGN(var, ent, struct bprint_entry, TRACE_BPRINT); \
                ^
../kernel/trace/trace.h:303:14: note: expanded from macro 'IF_ASSIGN'
                WARN_ON(id && (entry)->type != id);     \
                           ^
../kernel/trace/trace_output.c:29:2: warning: converting the enum constant to a boolean [-Wint-in-bool-context]
../kernel/trace/trace.h:331:3: note: expanded from macro 'trace_assign_type'
                IF_ASSIGN(var, ent, struct bputs_entry, TRACE_BPUTS);   \
                ^
../kernel/trace/trace.h:303:14: note: expanded from macro 'IF_ASSIGN'
                WARN_ON(id && (entry)->type != id);     \
                           ^
../kernel/trace/trace_output.c:29:2: warning: converting the enum constant to a boolean [-Wint-in-bool-context]
../kernel/trace/trace.h:332:3: note: expanded from macro 'trace_assign_type'
                IF_ASSIGN(var, ent, struct hwlat_entry, TRACE_HWLAT);   \
                ^
../kernel/trace/trace.h:303:14: note: expanded from macro 'IF_ASSIGN'
                WARN_ON(id && (entry)->type != id);     \
                           ^
../kernel/trace/trace_output.c:29:2: warning: converting the enum constant to a boolean [-Wint-in-bool-context]
../kernel/trace/trace.h:333:3: note: expanded from macro 'trace_assign_type'
                IF_ASSIGN(var, ent, struct trace_mmiotrace_rw,          \
                ^
../kernel/trace/trace.h:303:14: note: expanded from macro 'IF_ASSIGN'
                WARN_ON(id && (entry)->type != id);     \
                           ^
../kernel/trace/trace_output.c:29:2: warning: converting the enum constant to a boolean [-Wint-in-bool-context]
../kernel/trace/trace.h:335:3: note: expanded from macro 'trace_assign_type'
                IF_ASSIGN(var, ent, struct trace_mmiotrace_map,         \
                ^
../kernel/trace/trace.h:303:14: note: expanded from macro 'IF_ASSIGN'
                WARN_ON(id && (entry)->type != id);     \
                           ^
../kernel/trace/trace_output.c:29:2: warning: converting the enum constant to a boolean [-Wint-in-bool-context]
../kernel/trace/trace.h:337:3: note: expanded from macro 'trace_assign_type'
                IF_ASSIGN(var, ent, struct trace_branch, TRACE_BRANCH); \
                ^
../kernel/trace/trace.h:303:14: note: expanded from macro 'IF_ASSIGN'
                WARN_ON(id && (entry)->type != id);     \
                           ^
../kernel/trace/trace_output.c:29:2: warning: converting the enum constant to a boolean [-Wint-in-bool-context]
../kernel/trace/trace.h:338:3: note: expanded from macro 'trace_assign_type'
                IF_ASSIGN(var, ent, struct ftrace_graph_ent_entry,      \
                ^
../kernel/trace/trace.h:303:14: note: expanded from macro 'IF_ASSIGN'
                WARN_ON(id && (entry)->type != id);     \
                           ^
../kernel/trace/trace_output.c:29:2: warning: converting the enum constant to a boolean [-Wint-in-bool-context]
../kernel/trace/trace.h:340:3: note: expanded from macro 'trace_assign_type'
                IF_ASSIGN(var, ent, struct ftrace_graph_ret_entry,      \
                ^
../kernel/trace/trace.h:303:14: note: expanded from macro 'IF_ASSIGN'
                WARN_ON(id && (entry)->type != id);     \
                           ^
  CC      lib/scatterlist.o
../kernel/trace/trace_output.c:42:2: warning: converting the enum constant to a boolean [-Wint-in-bool-context]
        trace_assign_type(field, entry);
        ^
../kernel/trace/trace.h:327:3: note: expanded from macro 'trace_assign_type'
                IF_ASSIGN(var, ent, struct stack_entry, TRACE_STACK);   \
                ^
../kernel/trace/trace.h:303:14: note: expanded from macro 'IF_ASSIGN'
                WARN_ON(id && (entry)->type != id);     \
                           ^
../kernel/trace/trace_output.c:42:2: warning: converting the enum constant to a boolean [-Wint-in-bool-context]
../kernel/trace/trace.h:328:3: note: expanded from macro 'trace_assign_type'
                IF_ASSIGN(var, ent, struct userstack_entry, TRACE_USER_STACK);\
                ^
../kernel/trace/trace.h:303:14: note: expanded from macro 'IF_ASSIGN'
                WARN_ON(id && (entry)->type != id);     \
                           ^
../kernel/trace/trace_output.c:42:2: warning: converting the enum constant to a boolean [-Wint-in-bool-context]
../kernel/trace/trace.h:329:3: note: expanded from macro 'trace_assign_type'
                IF_ASSIGN(var, ent, struct print_entry, TRACE_PRINT);   \
                ^
../kernel/trace/trace.h:303:14: note: expanded from macro 'IF_ASSIGN'
                WARN_ON(id && (entry)->type != id);     \
                           ^
../kernel/trace/trace_output.c:42:2: warning: converting the enum constant to a boolean [-Wint-in-bool-context]
../kernel/trace/trace.h:330:3: note: expanded from macro 'trace_assign_type'
                IF_ASSIGN(var, ent, struct bprint_entry, TRACE_BPRINT); \
                ^
../kernel/trace/trace.h:303:14: note: expanded from macro 'IF_ASSIGN'
                WARN_ON(id && (entry)->type != id);     \
                           ^
../kernel/trace/trace_output.c:42:2: warning: converting the enum constant to a boolean [-Wint-in-bool-context]
../kernel/trace/trace.h:331:3: note: expanded from macro 'trace_assign_type'
                IF_ASSIGN(var, ent, struct bputs_entry, TRACE_BPUTS);   \
                ^
../kernel/trace/trace.h:303:14: note: expanded from macro 'IF_ASSIGN'
                WARN_ON(id && (entry)->type != id);     \
                           ^
../kernel/trace/trace_output.c:42:2: warning: converting the enum constant to a boolean [-Wint-in-bool-context]
../kernel/trace/trace.h:332:3: note: expanded from macro 'trace_assign_type'
                IF_ASSIGN(var, ent, struct hwlat_entry, TRACE_HWLAT);   \
                ^
../kernel/trace/trace.h:303:14: note: expanded from macro 'IF_ASSIGN'
                WARN_ON(id && (entry)->type != id);     \
                           ^
../kernel/trace/trace_output.c:42:2: warning: converting the enum constant to a boolean [-Wint-in-bool-context]
../kernel/trace/trace.h:333:3: note: expanded from macro 'trace_assign_type'
                IF_ASSIGN(var, ent, struct trace_mmiotrace_rw,          \
                ^
../kernel/trace/trace.h:303:14: note: expanded from macro 'IF_ASSIGN'
                WARN_ON(id && (entry)->type != id);     \
                           ^
../kernel/trace/trace_output.c:42:2: warning: converting the enum constant to a boolean [-Wint-in-bool-context]
../kernel/trace/trace.h:335:3: note: expanded from macro 'trace_assign_type'
                IF_ASSIGN(var, ent, struct trace_mmiotrace_map,         \
                ^
../kernel/trace/trace.h:303:14: note: expanded from macro 'IF_ASSIGN'
                WARN_ON(id && (entry)->type != id);     \
                           ^
../kernel/trace/trace_output.c:42:2: warning: converting the enum constant to a boolean [-Wint-in-bool-context]
../kernel/trace/trace.h:337:3: note: expanded from macro 'trace_assign_type'
                IF_ASSIGN(var, ent, struct trace_branch, TRACE_BRANCH); \
                ^
../kernel/trace/trace.h:303:14: note: expanded from macro 'IF_ASSIGN'
                WARN_ON(id && (entry)->type != id);     \
                           ^
../kernel/trace/trace_output.c:42:2: warning: converting the enum constant to a boolean [-Wint-in-bool-context]
../kernel/trace/trace.h:338:3: note: expanded from macro 'trace_assign_type'
                IF_ASSIGN(var, ent, struct ftrace_graph_ent_entry,      \
                ^
../kernel/trace/trace.h:303:14: note: expanded from macro 'IF_ASSIGN'
                WARN_ON(id && (entry)->type != id);     \
                           ^
../kernel/trace/trace_output.c:42:2: warning: converting the enum constant to a boolean [-Wint-in-bool-context]
../kernel/trace/trace.h:340:3: note: expanded from macro 'trace_assign_type'
                IF_ASSIGN(var, ent, struct ftrace_graph_ret_entry,      \
                ^
../kernel/trace/trace.h:303:14: note: expanded from macro 'IF_ASSIGN'
                WARN_ON(id && (entry)->type != id);     \
                           ^
../kernel/trace/trace_output.c:55:2: warning: converting the enum constant to a boolean [-Wint-in-bool-context]
        trace_assign_type(field, entry);
        ^
../kernel/trace/trace.h:327:3: note: expanded from macro 'trace_assign_type'
                IF_ASSIGN(var, ent, struct stack_entry, TRACE_STACK);   \
                ^
../kernel/trace/trace.h:303:14: note: expanded from macro 'IF_ASSIGN'
                WARN_ON(id && (entry)->type != id);     \
                           ^
../kernel/trace/trace_output.c:55:2: warning: converting the enum constant to a boolean [-Wint-in-bool-context]
../kernel/trace/trace.h:328:3: note: expanded from macro 'trace_assign_type'
                IF_ASSIGN(var, ent, struct userstack_entry, TRACE_USER_STACK);\
                ^
../kernel/trace/trace.h:303:14: note: expanded from macro 'IF_ASSIGN'
                WARN_ON(id && (entry)->type != id);     \
                           ^
../kernel/trace/trace_output.c:55:2: warning: converting the enum constant to a boolean [-Wint-in-bool-context]
../kernel/trace/trace.h:329:3: note: expanded from macro 'trace_assign_type'
                IF_ASSIGN(var, ent, struct print_entry, TRACE_PRINT);   \
                ^
../kernel/trace/trace.h:303:14: note: expanded from macro 'IF_ASSIGN'
                WARN_ON(id && (entry)->type != id);     \
                           ^
../kernel/trace/trace_output.c:55:2: warning: converting the enum constant to a boolean [-Wint-in-bool-context]
../kernel/trace/trace.h:330:3: note: expanded from macro 'trace_assign_type'
                IF_ASSIGN(var, ent, struct bprint_entry, TRACE_BPRINT); \
                ^
../kernel/trace/trace.h:303:14: note: expanded from macro 'IF_ASSIGN'
                WARN_ON(id && (entry)->type != id);     \
                           ^
../kernel/trace/trace_output.c:55:2: warning: converting the enum constant to a boolean [-Wint-in-bool-context]
../kernel/trace/trace.h:331:3: note: expanded from macro 'trace_assign_type'
                IF_ASSIGN(var, ent, struct bputs_entry, TRACE_BPUTS);   \
                ^
../kernel/trace/trace.h:303:14: note: expanded from macro 'IF_ASSIGN'
                WARN_ON(id && (entry)->type != id);     \
                           ^
../kernel/trace/trace_output.c:55:2: warning: converting the enum constant to a boolean [-Wint-in-bool-context]
../kernel/trace/trace.h:332:3: note: expanded from macro 'trace_assign_type'
                IF_ASSIGN(var, ent, struct hwlat_entry, TRACE_HWLAT);   \
                ^
../kernel/trace/trace.h:303:14: note: expanded from macro 'IF_ASSIGN'
                WARN_ON(id && (entry)->type != id);     \
                           ^
../kernel/trace/trace_output.c:55:2: warning: converting the enum constant to a boolean [-Wint-in-bool-context]
../kernel/trace/trace.h:333:3: note: expanded from macro 'trace_assign_type'
                IF_ASSIGN(var, ent, struct trace_mmiotrace_rw,          \
                ^
../kernel/trace/trace.h:303:14: note: expanded from macro 'IF_ASSIGN'
                WARN_ON(id && (entry)->type != id);     \
                           ^
../kernel/trace/trace_output.c:55:2: warning: converting the enum constant to a boolean [-Wint-in-bool-context]
../kernel/trace/trace.h:335:3: note: expanded from macro 'trace_assign_type'
                IF_ASSIGN(var, ent, struct trace_mmiotrace_map,         \
                ^
../kernel/trace/trace.h:303:14: note: expanded from macro 'IF_ASSIGN'
                WARN_ON(id && (entry)->type != id);     \
                           ^
../kernel/trace/trace_output.c:55:2: warning: converting the enum constant to a boolean [-Wint-in-bool-context]
../kernel/trace/trace.h:337:3: note: expanded from macro 'trace_assign_type'
                IF_ASSIGN(var, ent, struct trace_branch, TRACE_BRANCH); \
                ^
../kernel/trace/trace.h:303:14: note: expanded from macro 'IF_ASSIGN'
                WARN_ON(id && (entry)->type != id);     \
                           ^
../kernel/trace/trace_output.c:55:2: warning: converting the enum constant to a boolean [-Wint-in-bool-context]
../kernel/trace/trace.h:338:3: note: expanded from macro 'trace_assign_type'
                IF_ASSIGN(var, ent, struct ftrace_graph_ent_entry,      \
                ^
../kernel/trace/trace.h:303:14: note: expanded from macro 'IF_ASSIGN'
                WARN_ON(id && (entry)->type != id);     \
                           ^
../kernel/trace/trace_output.c:55:2: warning: converting the enum constant to a boolean [-Wint-in-bool-context]
../kernel/trace/trace.h:340:3: note: expanded from macro 'trace_assign_type'
                IF_ASSIGN(var, ent, struct ftrace_graph_ret_entry,      \
                ^
../kernel/trace/trace.h:303:14: note: expanded from macro 'IF_ASSIGN'
                WARN_ON(id && (entry)->type != id);     \
                           ^
../kernel/trace/trace_output.c:794:2: warning: converting the enum constant to a boolean [-Wint-in-bool-context]
        trace_assign_type(field, iter->ent);
        ^
../kernel/trace/trace.h:327:3: note: expanded from macro 'trace_assign_type'
                IF_ASSIGN(var, ent, struct stack_entry, TRACE_STACK);   \
                ^
../kernel/trace/trace.h:303:14: note: expanded from macro 'IF_ASSIGN'
                WARN_ON(id && (entry)->type != id);     \
                           ^
../kernel/trace/trace_output.c:794:2: warning: converting the enum constant to a boolean [-Wint-in-bool-context]
../kernel/trace/trace.h:328:3: note: expanded from macro 'trace_assign_type'
                IF_ASSIGN(var, ent, struct userstack_entry, TRACE_USER_STACK);\
                ^
../kernel/trace/trace.h:303:14: note: expanded from macro 'IF_ASSIGN'
                WARN_ON(id && (entry)->type != id);     \
                           ^
../kernel/trace/trace_output.c:794:2: warning: converting the enum constant to a boolean [-Wint-in-bool-context]
../kernel/trace/trace.h:329:3: note: expanded from macro 'trace_assign_type'
                IF_ASSIGN(var, ent, struct print_entry, TRACE_PRINT);   \
                ^
../kernel/trace/trace.h:303:14: note: expanded from macro 'IF_ASSIGN'
                WARN_ON(id && (entry)->type != id);     \
                           ^
../kernel/trace/trace_output.c:794:2: warning: converting the enum constant to a boolean [-Wint-in-bool-context]
../kernel/trace/trace.h:330:3: note: expanded from macro 'trace_assign_type'
                IF_ASSIGN(var, ent, struct bprint_entry, TRACE_BPRINT); \
                ^
../kernel/trace/trace.h:303:14: note: expanded from macro 'IF_ASSIGN'
                WARN_ON(id && (entry)->type != id);     \
                           ^
../kernel/trace/trace_output.c:794:2: warning: converting the enum constant to a boolean [-Wint-in-bool-context]
../kernel/trace/trace.h:331:3: note: expanded from macro 'trace_assign_type'
                IF_ASSIGN(var, ent, struct bputs_entry, TRACE_BPUTS);   \
                ^
../kernel/trace/trace.h:303:14: note: expanded from macro 'IF_ASSIGN'
                WARN_ON(id && (entry)->type != id);     \
                           ^
../kernel/trace/trace_output.c:794:2: warning: converting the enum constant to a boolean [-Wint-in-bool-context]
../kernel/trace/trace.h:332:3: note: expanded from macro 'trace_assign_type'
                IF_ASSIGN(var, ent, struct hwlat_entry, TRACE_HWLAT);   \
                ^
../kernel/trace/trace.h:303:14: note: expanded from macro 'IF_ASSIGN'
                WARN_ON(id && (entry)->type != id);     \
                           ^
../kernel/trace/trace_output.c:794:2: warning: converting the enum constant to a boolean [-Wint-in-bool-context]
../kernel/trace/trace.h:333:3: note: expanded from macro 'trace_assign_type'
                IF_ASSIGN(var, ent, struct trace_mmiotrace_rw,          \
                ^
../kernel/trace/trace.h:303:14: note: expanded from macro 'IF_ASSIGN'
                WARN_ON(id && (entry)->type != id);     \
                           ^
../kernel/trace/trace_output.c:794:2: warning: converting the enum constant to a boolean [-Wint-in-bool-context]
../kernel/trace/trace.h:335:3: note: expanded from macro 'trace_assign_type'
                IF_ASSIGN(var, ent, struct trace_mmiotrace_map,         \
                ^
../kernel/trace/trace.h:303:14: note: expanded from macro 'IF_ASSIGN'
                WARN_ON(id && (entry)->type != id);     \
                           ^
../kernel/trace/trace_output.c:794:2: warning: converting the enum constant to a boolean [-Wint-in-bool-context]
../kernel/trace/trace.h:337:3: note: expanded from macro 'trace_assign_type'
                IF_ASSIGN(var, ent, struct trace_branch, TRACE_BRANCH); \
                ^
../kernel/trace/trace.h:303:14: note: expanded from macro 'IF_ASSIGN'
                WARN_ON(id && (entry)->type != id);     \
                           ^
../kernel/trace/trace_output.c:794:2: warning: converting the enum constant to a boolean [-Wint-in-bool-context]
../kernel/trace/trace.h:338:3: note: expanded from macro 'trace_assign_type'
                IF_ASSIGN(var, ent, struct ftrace_graph_ent_entry,      \
                ^
../kernel/trace/trace.h:303:14: note: expanded from macro 'IF_ASSIGN'
                WARN_ON(id && (entry)->type != id);     \
                           ^
../kernel/trace/trace_output.c:794:2: warning: converting the enum constant to a boolean [-Wint-in-bool-context]
../kernel/trace/trace.h:340:3: note: expanded from macro 'trace_assign_type'
                IF_ASSIGN(var, ent, struct ftrace_graph_ret_entry,      \
                ^
../kernel/trace/trace.h:303:14: note: expanded from macro 'IF_ASSIGN'
                WARN_ON(id && (entry)->type != id);     \
                           ^
../kernel/trace/trace_output.c:813:2: warning: converting the enum constant to a boolean [-Wint-in-bool-context]
        trace_assign_type(field, iter->ent);
        ^
../kernel/trace/trace.h:327:3: note: expanded from macro 'trace_assign_type'
                IF_ASSIGN(var, ent, struct stack_entry, TRACE_STACK);   \
                ^
../kernel/trace/trace.h:303:14: note: expanded from macro 'IF_ASSIGN'
                WARN_ON(id && (entry)->type != id);     \
                           ^
../kernel/trace/trace_output.c:813:2: warning: converting the enum constant to a boolean [-Wint-in-bool-context]
../kernel/trace/trace.h:328:3: note: expanded from macro 'trace_assign_type'
                IF_ASSIGN(var, ent, struct userstack_entry, TRACE_USER_STACK);\
                ^
../kernel/trace/trace.h:303:14: note: expanded from macro 'IF_ASSIGN'
                WARN_ON(id && (entry)->type != id);     \
                           ^
../kernel/trace/trace_output.c:813:2: warning: converting the enum constant to a boolean [-Wint-in-bool-context]
../kernel/trace/trace.h:329:3: note: expanded from macro 'trace_assign_type'
                IF_ASSIGN(var, ent, struct print_entry, TRACE_PRINT);   \
                ^
../kernel/trace/trace.h:303:14: note: expanded from macro 'IF_ASSIGN'
                WARN_ON(id && (entry)->type != id);     \
                           ^
../kernel/trace/trace_output.c:813:2: warning: converting the enum constant to a boolean [-Wint-in-bool-context]
../kernel/trace/trace.h:330:3: note: expanded from macro 'trace_assign_type'
                IF_ASSIGN(var, ent, struct bprint_entry, TRACE_BPRINT); \
                ^
../kernel/trace/trace.h:303:14: note: expanded from macro 'IF_ASSIGN'
                WARN_ON(id && (entry)->type != id);     \
                           ^
../kernel/trace/trace_output.c:813:2: warning: converting the enum constant to a boolean [-Wint-in-bool-context]
../kernel/trace/trace.h:331:3: note: expanded from macro 'trace_assign_type'
                IF_ASSIGN(var, ent, struct bputs_entry, TRACE_BPUTS);   \
                ^
../kernel/trace/trace.h:303:14: note: expanded from macro 'IF_ASSIGN'
                WARN_ON(id && (entry)->type != id);     \
                           ^
../kernel/trace/trace_output.c:813:2: warning: converting the enum constant to a boolean [-Wint-in-bool-context]
../kernel/trace/trace.h:332:3: note: expanded from macro 'trace_assign_type'
                IF_ASSIGN(var, ent, struct hwlat_entry, TRACE_HWLAT);   \
                ^
../kernel/trace/trace.h:303:14: note: expanded from macro 'IF_ASSIGN'
                WARN_ON(id && (entry)->type != id);     \
                           ^
../kernel/trace/trace_output.c:813:2: warning: converting the enum constant to a boolean [-Wint-in-bool-context]
../kernel/trace/trace.h:333:3: note: expanded from macro 'trace_assign_type'
                IF_ASSIGN(var, ent, struct trace_mmiotrace_rw,          \
                ^
../kernel/trace/trace.h:303:14: note: expanded from macro 'IF_ASSIGN'
                WARN_ON(id && (entry)->type != id);     \
                           ^
../kernel/trace/trace_output.c:813:2: warning: converting the enum constant to a boolean [-Wint-in-bool-context]
../kernel/trace/trace.h:335:3: note: expanded from macro 'trace_assign_type'
                IF_ASSIGN(var, ent, struct trace_mmiotrace_map,         \
                ^
../kernel/trace/trace.h:303:14: note: expanded from macro 'IF_ASSIGN'
                WARN_ON(id && (entry)->type != id);     \
                           ^
../kernel/trace/trace_output.c:813:2: warning: converting the enum constant to a boolean [-Wint-in-bool-context]
../kernel/trace/trace.h:337:3: note: expanded from macro 'trace_assign_type'
                IF_ASSIGN(var, ent, struct trace_branch, TRACE_BRANCH); \
                ^
../kernel/trace/trace.h:303:14: note: expanded from macro 'IF_ASSIGN'
                WARN_ON(id && (entry)->type != id);     \
                           ^
../kernel/trace/trace_output.c:813:2: warning: converting the enum constant to a boolean [-Wint-in-bool-context]
../kernel/trace/trace.h:338:3: note: expanded from macro 'trace_assign_type'
                IF_ASSIGN(var, ent, struct ftrace_graph_ent_entry,      \
                ^
../kernel/trace/trace.h:303:14: note: expanded from macro 'IF_ASSIGN'
                WARN_ON(id && (entry)->type != id);     \
                           ^
../kernel/trace/trace_output.c:813:2: warning: converting the enum constant to a boolean [-Wint-in-bool-context]
../kernel/trace/trace.h:340:3: note: expanded from macro 'trace_assign_type'
                IF_ASSIGN(var, ent, struct ftrace_graph_ret_entry,      \
                ^
../kernel/trace/trace.h:303:14: note: expanded from macro 'IF_ASSIGN'
                WARN_ON(id && (entry)->type != id);     \
                           ^
  CC      drivers/cpufreq/cpu-boost.o
../kernel/trace/trace_output.c:828:2: warning: converting the enum constant to a boolean [-Wint-in-bool-context]
        trace_assign_type(field, iter->ent);
        ^
../kernel/trace/trace.h:327:3: note: expanded from macro 'trace_assign_type'
                IF_ASSIGN(var, ent, struct stack_entry, TRACE_STACK);   \
                ^
../kernel/trace/trace.h:303:14: note: expanded from macro 'IF_ASSIGN'
                WARN_ON(id && (entry)->type != id);     \
                           ^
../kernel/trace/trace_output.c:828:2: warning: converting the enum constant to a boolean [-Wint-in-bool-context]
../kernel/trace/trace.h:328:3: note: expanded from macro 'trace_assign_type'
                IF_ASSIGN(var, ent, struct userstack_entry, TRACE_USER_STACK);\
                ^
../kernel/trace/trace.h:303:14: note: expanded from macro 'IF_ASSIGN'
                WARN_ON(id && (entry)->type != id);     \
                           ^
../kernel/trace/trace_output.c:828:2: warning: converting the enum constant to a boolean [-Wint-in-bool-context]
../kernel/trace/trace.h:329:3: note: expanded from macro 'trace_assign_type'
                IF_ASSIGN(var, ent, struct print_entry, TRACE_PRINT);   \
                ^
../kernel/trace/trace.h:303:14: note: expanded from macro 'IF_ASSIGN'
                WARN_ON(id && (entry)->type != id);     \
                           ^
../kernel/trace/trace_output.c:828:2: warning: converting the enum constant to a boolean [-Wint-in-bool-context]
../kernel/trace/trace.h:330:3: note: expanded from macro 'trace_assign_type'
                IF_ASSIGN(var, ent, struct bprint_entry, TRACE_BPRINT); \
                ^
../kernel/trace/trace.h:303:14: note: expanded from macro 'IF_ASSIGN'
                WARN_ON(id && (entry)->type != id);     \
                           ^
../kernel/trace/trace_output.c:828:2: warning: converting the enum constant to a boolean [-Wint-in-bool-context]
../kernel/trace/trace.h:331:3: note: expanded from macro 'trace_assign_type'
                IF_ASSIGN(var, ent, struct bputs_entry, TRACE_BPUTS);   \
                ^
../kernel/trace/trace.h:303:14: note: expanded from macro 'IF_ASSIGN'
                WARN_ON(id && (entry)->type != id);     \
                           ^
../kernel/trace/trace_output.c:828:2: warning: converting the enum constant to a boolean [-Wint-in-bool-context]
../kernel/trace/trace.h:332:3: note: expanded from macro 'trace_assign_type'
                IF_ASSIGN(var, ent, struct hwlat_entry, TRACE_HWLAT);   \
                ^
../kernel/trace/trace.h:303:14: note: expanded from macro 'IF_ASSIGN'
                WARN_ON(id && (entry)->type != id);     \
                           ^
../kernel/trace/trace_output.c:828:2: warning: converting the enum constant to a boolean [-Wint-in-bool-context]
../kernel/trace/trace.h:333:3: note: expanded from macro 'trace_assign_type'
                IF_ASSIGN(var, ent, struct trace_mmiotrace_rw,          \
                ^
../kernel/trace/trace.h:303:14: note: expanded from macro 'IF_ASSIGN'
                WARN_ON(id && (entry)->type != id);     \
                           ^
../kernel/trace/trace_output.c:828:2: warning: converting the enum constant to a boolean [-Wint-in-bool-context]
../kernel/trace/trace.h:335:3: note: expanded from macro 'trace_assign_type'
                IF_ASSIGN(var, ent, struct trace_mmiotrace_map,         \
                ^
../kernel/trace/trace.h:303:14: note: expanded from macro 'IF_ASSIGN'
                WARN_ON(id && (entry)->type != id);     \
                           ^
../kernel/trace/trace_output.c:828:2: warning: converting the enum constant to a boolean [-Wint-in-bool-context]
../kernel/trace/trace.h:337:3: note: expanded from macro 'trace_assign_type'
                IF_ASSIGN(var, ent, struct trace_branch, TRACE_BRANCH); \
                ^
../kernel/trace/trace.h:303:14: note: expanded from macro 'IF_ASSIGN'
                WARN_ON(id && (entry)->type != id);     \
                           ^
../kernel/trace/trace_output.c:828:2: warning: converting the enum constant to a boolean [-Wint-in-bool-context]
../kernel/trace/trace.h:338:3: note: expanded from macro 'trace_assign_type'
                IF_ASSIGN(var, ent, struct ftrace_graph_ent_entry,      \
                ^
../kernel/trace/trace.h:303:14: note: expanded from macro 'IF_ASSIGN'
                WARN_ON(id && (entry)->type != id);     \
                           ^
../kernel/trace/trace_output.c:828:2: warning: converting the enum constant to a boolean [-Wint-in-bool-context]
../kernel/trace/trace.h:340:3: note: expanded from macro 'trace_assign_type'
                IF_ASSIGN(var, ent, struct ftrace_graph_ret_entry,      \
                ^
../kernel/trace/trace.h:303:14: note: expanded from macro 'IF_ASSIGN'
                WARN_ON(id && (entry)->type != id);     \
                           ^
../kernel/trace/trace_output.c:842:2: warning: converting the enum constant to a boolean [-Wint-in-bool-context]
        trace_assign_type(field, iter->ent);
        ^
../kernel/trace/trace.h:327:3: note: expanded from macro 'trace_assign_type'
                IF_ASSIGN(var, ent, struct stack_entry, TRACE_STACK);   \
                ^
../kernel/trace/trace.h:303:14: note: expanded from macro 'IF_ASSIGN'
                WARN_ON(id && (entry)->type != id);     \
                           ^
../kernel/trace/trace_output.c:842:2: warning: converting the enum constant to a boolean [-Wint-in-bool-context]
../kernel/trace/trace.h:328:3: note: expanded from macro 'trace_assign_type'
                IF_ASSIGN(var, ent, struct userstack_entry, TRACE_USER_STACK);\
                ^
../kernel/trace/trace.h:303:14: note: expanded from macro 'IF_ASSIGN'
                WARN_ON(id && (entry)->type != id);     \
                           ^
../kernel/trace/trace_output.c:842:2: warning: converting the enum constant to a boolean [-Wint-in-bool-context]
../kernel/trace/trace.h:329:3: note: expanded from macro 'trace_assign_type'
                IF_ASSIGN(var, ent, struct print_entry, TRACE_PRINT);   \
                ^
../kernel/trace/trace.h:303:14: note: expanded from macro 'IF_ASSIGN'
                WARN_ON(id && (entry)->type != id);     \
                           ^
../kernel/trace/trace_output.c:842:2: warning: converting the enum constant to a boolean [-Wint-in-bool-context]
../kernel/trace/trace.h:330:3: note: expanded from macro 'trace_assign_type'
                IF_ASSIGN(var, ent, struct bprint_entry, TRACE_BPRINT); \
                ^
../kernel/trace/trace.h:303:14: note: expanded from macro 'IF_ASSIGN'
                WARN_ON(id && (entry)->type != id);     \
                           ^
../kernel/trace/trace_output.c:842:2: warning: converting the enum constant to a boolean [-Wint-in-bool-context]
../kernel/trace/trace.h:331:3: note: expanded from macro 'trace_assign_type'
                IF_ASSIGN(var, ent, struct bputs_entry, TRACE_BPUTS);   \
                ^
../kernel/trace/trace.h:303:14: note: expanded from macro 'IF_ASSIGN'
                WARN_ON(id && (entry)->type != id);     \
                           ^
../kernel/trace/trace_output.c:842:2: warning: converting the enum constant to a boolean [-Wint-in-bool-context]
../kernel/trace/trace.h:332:3: note: expanded from macro 'trace_assign_type'
                IF_ASSIGN(var, ent, struct hwlat_entry, TRACE_HWLAT);   \
                ^
../kernel/trace/trace.h:303:14: note: expanded from macro 'IF_ASSIGN'
                WARN_ON(id && (entry)->type != id);     \
                           ^
../kernel/trace/trace_output.c:842:2: warning: converting the enum constant to a boolean [-Wint-in-bool-context]
../kernel/trace/trace.h:333:3: note: expanded from macro 'trace_assign_type'
                IF_ASSIGN(var, ent, struct trace_mmiotrace_rw,          \
                ^
../kernel/trace/trace.h:303:14: note: expanded from macro 'IF_ASSIGN'
                WARN_ON(id && (entry)->type != id);     \
                           ^
../kernel/trace/trace_output.c:842:2: warning: converting the enum constant to a boolean [-Wint-in-bool-context]
../kernel/trace/trace.h:335:3: note: expanded from macro 'trace_assign_type'
                IF_ASSIGN(var, ent, struct trace_mmiotrace_map,         \
                ^
../kernel/trace/trace.h:303:14: note: expanded from macro 'IF_ASSIGN'
                WARN_ON(id && (entry)->type != id);     \
                           ^
../kernel/trace/trace_output.c:842:2: warning: converting the enum constant to a boolean [-Wint-in-bool-context]
../kernel/trace/trace.h:337:3: note: expanded from macro 'trace_assign_type'
                IF_ASSIGN(var, ent, struct trace_branch, TRACE_BRANCH); \
                ^
../kernel/trace/trace.h:303:14: note: expanded from macro 'IF_ASSIGN'
                WARN_ON(id && (entry)->type != id);     \
                           ^
../kernel/trace/trace_output.c:842:2: warning: converting the enum constant to a boolean [-Wint-in-bool-context]
../kernel/trace/trace.h:338:3: note: expanded from macro 'trace_assign_type'
                IF_ASSIGN(var, ent, struct ftrace_graph_ent_entry,      \
                ^
../kernel/trace/trace.h:303:14: note: expanded from macro 'IF_ASSIGN'
                WARN_ON(id && (entry)->type != id);     \
                           ^
../kernel/trace/trace_output.c:842:2: warning: converting the enum constant to a boolean [-Wint-in-bool-context]
../kernel/trace/trace.h:340:3: note: expanded from macro 'trace_assign_type'
                IF_ASSIGN(var, ent, struct ftrace_graph_ret_entry,      \
                ^
../kernel/trace/trace.h:303:14: note: expanded from macro 'IF_ASSIGN'
                WARN_ON(id && (entry)->type != id);     \
                           ^
../kernel/trace/trace_output.c:869:2: warning: converting the enum constant to a boolean [-Wint-in-bool-context]
        trace_assign_type(field, iter->ent);
        ^
../kernel/trace/trace.h:327:3: note: expanded from macro 'trace_assign_type'
                IF_ASSIGN(var, ent, struct stack_entry, TRACE_STACK);   \
                ^
../kernel/trace/trace.h:303:14: note: expanded from macro 'IF_ASSIGN'
                WARN_ON(id && (entry)->type != id);     \
                           ^
../kernel/trace/trace_output.c:869:2: warning: converting the enum constant to a boolean [-Wint-in-bool-context]
../kernel/trace/trace.h:328:3: note: expanded from macro 'trace_assign_type'
                IF_ASSIGN(var, ent, struct userstack_entry, TRACE_USER_STACK);\
                ^
../kernel/trace/trace.h:303:14: note: expanded from macro 'IF_ASSIGN'
                WARN_ON(id && (entry)->type != id);     \
                           ^
../kernel/trace/trace_output.c:869:2: warning: converting the enum constant to a boolean [-Wint-in-bool-context]
../kernel/trace/trace.h:329:3: note: expanded from macro 'trace_assign_type'
                IF_ASSIGN(var, ent, struct print_entry, TRACE_PRINT);   \
                ^
../kernel/trace/trace.h:303:14: note: expanded from macro 'IF_ASSIGN'
                WARN_ON(id && (entry)->type != id);     \
                           ^
../kernel/trace/trace_output.c:869:2: warning: converting the enum constant to a boolean [-Wint-in-bool-context]
../kernel/trace/trace.h:330:3: note: expanded from macro 'trace_assign_type'
                IF_ASSIGN(var, ent, struct bprint_entry, TRACE_BPRINT); \
                ^
../kernel/trace/trace.h:303:14: note: expanded from macro 'IF_ASSIGN'
                WARN_ON(id && (entry)->type != id);     \
                           ^
../kernel/trace/trace_output.c:869:2: warning: converting the enum constant to a boolean [-Wint-in-bool-context]
../kernel/trace/trace.h:331:3: note: expanded from macro 'trace_assign_type'
                IF_ASSIGN(var, ent, struct bputs_entry, TRACE_BPUTS);   \
                ^
../kernel/trace/trace.h:303:14: note: expanded from macro 'IF_ASSIGN'
                WARN_ON(id && (entry)->type != id);     \
                           ^
../kernel/trace/trace_output.c:869:2: warning: converting the enum constant to a boolean [-Wint-in-bool-context]
../kernel/trace/trace.h:332:3: note: expanded from macro 'trace_assign_type'
                IF_ASSIGN(var, ent, struct hwlat_entry, TRACE_HWLAT);   \
                ^
../kernel/trace/trace.h:303:14: note: expanded from macro 'IF_ASSIGN'
                WARN_ON(id && (entry)->type != id);     \
                           ^
../kernel/trace/trace_output.c:869:2: warning: converting the enum constant to a boolean [-Wint-in-bool-context]
../kernel/trace/trace.h:333:3: note: expanded from macro 'trace_assign_type'
                IF_ASSIGN(var, ent, struct trace_mmiotrace_rw,          \
                ^
../kernel/trace/trace.h:303:14: note: expanded from macro 'IF_ASSIGN'
                WARN_ON(id && (entry)->type != id);     \
                           ^
../kernel/trace/trace_output.c:869:2: warning: converting the enum constant to a boolean [-Wint-in-bool-context]
../kernel/trace/trace.h:335:3: note: expanded from macro 'trace_assign_type'
                IF_ASSIGN(var, ent, struct trace_mmiotrace_map,         \
                ^
../kernel/trace/trace.h:303:14: note: expanded from macro 'IF_ASSIGN'
                WARN_ON(id && (entry)->type != id);     \
                           ^
../kernel/trace/trace_output.c:869:2: warning: converting the enum constant to a boolean [-Wint-in-bool-context]
../kernel/trace/trace.h:337:3: note: expanded from macro 'trace_assign_type'
                IF_ASSIGN(var, ent, struct trace_branch, TRACE_BRANCH); \
                ^
../kernel/trace/trace.h:303:14: note: expanded from macro 'IF_ASSIGN'
                WARN_ON(id && (entry)->type != id);     \
                           ^
../kernel/trace/trace_output.c:869:2: warning: converting the enum constant to a boolean [-Wint-in-bool-context]
../kernel/trace/trace.h:338:3: note: expanded from macro 'trace_assign_type'
                IF_ASSIGN(var, ent, struct ftrace_graph_ent_entry,      \
                ^
../kernel/trace/trace.h:303:14: note: expanded from macro 'IF_ASSIGN'
                WARN_ON(id && (entry)->type != id);     \
                           ^
../kernel/trace/trace_output.c:869:2: warning: converting the enum constant to a boolean [-Wint-in-bool-context]
../kernel/trace/trace.h:340:3: note: expanded from macro 'trace_assign_type'
                IF_ASSIGN(var, ent, struct ftrace_graph_ret_entry,      \
                ^
../kernel/trace/trace.h:303:14: note: expanded from macro 'IF_ASSIGN'
                WARN_ON(id && (entry)->type != id);     \
                           ^
../kernel/trace/trace_output.c:890:2: warning: converting the enum constant to a boolean [-Wint-in-bool-context]
        trace_assign_type(field, iter->ent);
        ^
../kernel/trace/trace.h:327:3: note: expanded from macro 'trace_assign_type'
                IF_ASSIGN(var, ent, struct stack_entry, TRACE_STACK);   \
                ^
../kernel/trace/trace.h:303:14: note: expanded from macro 'IF_ASSIGN'
                WARN_ON(id && (entry)->type != id);     \
                           ^
../kernel/trace/trace_output.c:890:2: warning: converting the enum constant to a boolean [-Wint-in-bool-context]
../kernel/trace/trace.h:328:3: note: expanded from macro 'trace_assign_type'
                IF_ASSIGN(var, ent, struct userstack_entry, TRACE_USER_STACK);\
                ^
../kernel/trace/trace.h:303:14: note: expanded from macro 'IF_ASSIGN'
                WARN_ON(id && (entry)->type != id);     \
                           ^
../kernel/trace/trace_output.c:890:2: warning: converting the enum constant to a boolean [-Wint-in-bool-context]
../kernel/trace/trace.h:329:3: note: expanded from macro 'trace_assign_type'
                IF_ASSIGN(var, ent, struct print_entry, TRACE_PRINT);   \
                ^
../kernel/trace/trace.h:303:14: note: expanded from macro 'IF_ASSIGN'
                WARN_ON(id && (entry)->type != id);     \
                           ^
../kernel/trace/trace_output.c:890:2: warning: converting the enum constant to a boolean [-Wint-in-bool-context]
../kernel/trace/trace.h:330:3: note: expanded from macro 'trace_assign_type'
                IF_ASSIGN(var, ent, struct bprint_entry, TRACE_BPRINT); \
                ^
../kernel/trace/trace.h:303:14: note: expanded from macro 'IF_ASSIGN'
                WARN_ON(id && (entry)->type != id);     \
                           ^
../kernel/trace/trace_output.c:890:2: warning: converting the enum constant to a boolean [-Wint-in-bool-context]
../kernel/trace/trace.h:331:3: note: expanded from macro 'trace_assign_type'
                IF_ASSIGN(var, ent, struct bputs_entry, TRACE_BPUTS);   \
                ^
../kernel/trace/trace.h:303:14: note: expanded from macro 'IF_ASSIGN'
                WARN_ON(id && (entry)->type != id);     \
                           ^
../kernel/trace/trace_output.c:890:2: warning: converting the enum constant to a boolean [-Wint-in-bool-context]
../kernel/trace/trace.h:332:3: note: expanded from macro 'trace_assign_type'
                IF_ASSIGN(var, ent, struct hwlat_entry, TRACE_HWLAT);   \
                ^
../kernel/trace/trace.h:303:14: note: expanded from macro 'IF_ASSIGN'
                WARN_ON(id && (entry)->type != id);     \
                           ^
../kernel/trace/trace_output.c:890:2: warning: converting the enum constant to a boolean [-Wint-in-bool-context]
../kernel/trace/trace.h:333:3: note: expanded from macro 'trace_assign_type'
                IF_ASSIGN(var, ent, struct trace_mmiotrace_rw,          \
                ^
../kernel/trace/trace.h:303:14: note: expanded from macro 'IF_ASSIGN'
                WARN_ON(id && (entry)->type != id);     \
                           ^
../kernel/trace/trace_output.c:890:2: warning: converting the enum constant to a boolean [-Wint-in-bool-context]
../kernel/trace/trace.h:335:3: note: expanded from macro 'trace_assign_type'
                IF_ASSIGN(var, ent, struct trace_mmiotrace_map,         \
                ^
../kernel/trace/trace.h:303:14: note: expanded from macro 'IF_ASSIGN'
                WARN_ON(id && (entry)->type != id);     \
                           ^
../kernel/trace/trace_output.c:890:2: warning: converting the enum constant to a boolean [-Wint-in-bool-context]
../kernel/trace/trace.h:337:3: note: expanded from macro 'trace_assign_type'
                IF_ASSIGN(var, ent, struct trace_branch, TRACE_BRANCH); \
                ^
../kernel/trace/trace.h:303:14: note: expanded from macro 'IF_ASSIGN'
                WARN_ON(id && (entry)->type != id);     \
                           ^
../kernel/trace/trace_output.c:890:2: warning: converting the enum constant to a boolean [-Wint-in-bool-context]
../kernel/trace/trace.h:338:3: note: expanded from macro 'trace_assign_type'
                IF_ASSIGN(var, ent, struct ftrace_graph_ent_entry,      \
                ^
../kernel/trace/trace.h:303:14: note: expanded from macro 'IF_ASSIGN'
                WARN_ON(id && (entry)->type != id);     \
                           ^
../kernel/trace/trace_output.c:890:2: warning: converting the enum constant to a boolean [-Wint-in-bool-context]
../kernel/trace/trace.h:340:3: note: expanded from macro 'trace_assign_type'
                IF_ASSIGN(var, ent, struct ftrace_graph_ret_entry,      \
                ^
../kernel/trace/trace.h:303:14: note: expanded from macro 'IF_ASSIGN'
                WARN_ON(id && (entry)->type != id);     \
                           ^
../kernel/trace/trace_output.c:907:2: warning: converting the enum constant to a boolean [-Wint-in-bool-context]
        trace_assign_type(field, iter->ent);
        ^
../kernel/trace/trace.h:327:3: note: expanded from macro 'trace_assign_type'
                IF_ASSIGN(var, ent, struct stack_entry, TRACE_STACK);   \
                ^
../kernel/trace/trace.h:303:14: note: expanded from macro 'IF_ASSIGN'
                WARN_ON(id && (entry)->type != id);     \
                           ^
../kernel/trace/trace_output.c:907:2: warning: converting the enum constant to a boolean [-Wint-in-bool-context]
../kernel/trace/trace.h:328:3: note: expanded from macro 'trace_assign_type'
                IF_ASSIGN(var, ent, struct userstack_entry, TRACE_USER_STACK);\
                ^
../kernel/trace/trace.h:303:14: note: expanded from macro 'IF_ASSIGN'
                WARN_ON(id && (entry)->type != id);     \
                           ^
../kernel/trace/trace_output.c:907:2: warning: converting the enum constant to a boolean [-Wint-in-bool-context]
../kernel/trace/trace.h:329:3: note: expanded from macro 'trace_assign_type'
                IF_ASSIGN(var, ent, struct print_entry, TRACE_PRINT);   \
                ^
../kernel/trace/trace.h:303:14: note: expanded from macro 'IF_ASSIGN'
                WARN_ON(id && (entry)->type != id);     \
                           ^
../kernel/trace/trace_output.c:907:2: warning: converting the enum constant to a boolean [-Wint-in-bool-context]
../kernel/trace/trace.h:330:3: note: expanded from macro 'trace_assign_type'
                IF_ASSIGN(var, ent, struct bprint_entry, TRACE_BPRINT); \
                ^
../kernel/trace/trace.h:303:14: note: expanded from macro 'IF_ASSIGN'
                WARN_ON(id && (entry)->type != id);     \
                           ^
../kernel/trace/trace_output.c:907:2: warning: converting the enum constant to a boolean [-Wint-in-bool-context]
../kernel/trace/trace.h:331:3: note: expanded from macro 'trace_assign_type'
                IF_ASSIGN(var, ent, struct bputs_entry, TRACE_BPUTS);   \
                ^
../kernel/trace/trace.h:303:14: note: expanded from macro 'IF_ASSIGN'
                WARN_ON(id && (entry)->type != id);     \
                           ^
../kernel/trace/trace_output.c:907:2: warning: converting the enum constant to a boolean [-Wint-in-bool-context]
../kernel/trace/trace.h:332:3: note: expanded from macro 'trace_assign_type'
                IF_ASSIGN(var, ent, struct hwlat_entry, TRACE_HWLAT);   \
                ^
../kernel/trace/trace.h:303:14: note: expanded from macro 'IF_ASSIGN'
                WARN_ON(id && (entry)->type != id);     \
                           ^
../kernel/trace/trace_output.c:907:2: warning: converting the enum constant to a boolean [-Wint-in-bool-context]
../kernel/trace/trace.h:333:3: note: expanded from macro 'trace_assign_type'
                IF_ASSIGN(var, ent, struct trace_mmiotrace_rw,          \
                ^
../kernel/trace/trace.h:303:14: note: expanded from macro 'IF_ASSIGN'
                WARN_ON(id && (entry)->type != id);     \
                           ^
../kernel/trace/trace_output.c:907:2: warning: converting the enum constant to a boolean [-Wint-in-bool-context]
../kernel/trace/trace.h:335:3: note: expanded from macro 'trace_assign_type'
                IF_ASSIGN(var, ent, struct trace_mmiotrace_map,         \
                ^
../kernel/trace/trace.h:303:14: note: expanded from macro 'IF_ASSIGN'
                WARN_ON(id && (entry)->type != id);     \
                           ^
../kernel/trace/trace_output.c:907:2: warning: converting the enum constant to a boolean [-Wint-in-bool-context]
../kernel/trace/trace.h:337:3: note: expanded from macro 'trace_assign_type'
                IF_ASSIGN(var, ent, struct trace_branch, TRACE_BRANCH); \
                ^
../kernel/trace/trace.h:303:14: note: expanded from macro 'IF_ASSIGN'
                WARN_ON(id && (entry)->type != id);     \
                           ^
../kernel/trace/trace_output.c:907:2: warning: converting the enum constant to a boolean [-Wint-in-bool-context]
../kernel/trace/trace.h:338:3: note: expanded from macro 'trace_assign_type'
                IF_ASSIGN(var, ent, struct ftrace_graph_ent_entry,      \
                ^
../kernel/trace/trace.h:303:14: note: expanded from macro 'IF_ASSIGN'
                WARN_ON(id && (entry)->type != id);     \
                           ^
../kernel/trace/trace_output.c:907:2: warning: converting the enum constant to a boolean [-Wint-in-bool-context]
../kernel/trace/trace.h:340:3: note: expanded from macro 'trace_assign_type'
                IF_ASSIGN(var, ent, struct ftrace_graph_ret_entry,      \
                ^
../kernel/trace/trace.h:303:14: note: expanded from macro 'IF_ASSIGN'
                WARN_ON(id && (entry)->type != id);     \
                           ^
../kernel/trace/trace_output.c:921:2: warning: converting the enum constant to a boolean [-Wint-in-bool-context]
        trace_assign_type(field, iter->ent);
        ^
../kernel/trace/trace.h:327:3: note: expanded from macro 'trace_assign_type'
                IF_ASSIGN(var, ent, struct stack_entry, TRACE_STACK);   \
                ^
../kernel/trace/trace.h:303:14: note: expanded from macro 'IF_ASSIGN'
                WARN_ON(id && (entry)->type != id);     \
                           ^
../kernel/trace/trace_output.c:921:2: warning: converting the enum constant to a boolean [-Wint-in-bool-context]
../kernel/trace/trace.h:328:3: note: expanded from macro 'trace_assign_type'
                IF_ASSIGN(var, ent, struct userstack_entry, TRACE_USER_STACK);\
                ^
../kernel/trace/trace.h:303:14: note: expanded from macro 'IF_ASSIGN'
                WARN_ON(id && (entry)->type != id);     \
                           ^
../kernel/trace/trace_output.c:921:2: warning: converting the enum constant to a boolean [-Wint-in-bool-context]
../kernel/trace/trace.h:329:3: note: expanded from macro 'trace_assign_type'
                IF_ASSIGN(var, ent, struct print_entry, TRACE_PRINT);   \
                ^
../kernel/trace/trace.h:303:14: note: expanded from macro 'IF_ASSIGN'
                WARN_ON(id && (entry)->type != id);     \
                           ^
../kernel/trace/trace_output.c:921:2: warning: converting the enum constant to a boolean [-Wint-in-bool-context]
../kernel/trace/trace.h:330:3: note: expanded from macro 'trace_assign_type'
                IF_ASSIGN(var, ent, struct bprint_entry, TRACE_BPRINT); \
                ^
../kernel/trace/trace.h:303:14: note: expanded from macro 'IF_ASSIGN'
                WARN_ON(id && (entry)->type != id);     \
                           ^
../kernel/trace/trace_output.c:921:2: warning: converting the enum constant to a boolean [-Wint-in-bool-context]
../kernel/trace/trace.h:331:3: note: expanded from macro 'trace_assign_type'
                IF_ASSIGN(var, ent, struct bputs_entry, TRACE_BPUTS);   \
                ^
../kernel/trace/trace.h:303:14: note: expanded from macro 'IF_ASSIGN'
                WARN_ON(id && (entry)->type != id);     \
                           ^
../kernel/trace/trace_output.c:921:2: warning: converting the enum constant to a boolean [-Wint-in-bool-context]
../kernel/trace/trace.h:332:3: note: expanded from macro 'trace_assign_type'
                IF_ASSIGN(var, ent, struct hwlat_entry, TRACE_HWLAT);   \
                ^
../kernel/trace/trace.h:303:14: note: expanded from macro 'IF_ASSIGN'
                WARN_ON(id && (entry)->type != id);     \
                           ^
../kernel/trace/trace_output.c:921:2: warning: converting the enum constant to a boolean [-Wint-in-bool-context]
../kernel/trace/trace.h:333:3: note: expanded from macro 'trace_assign_type'
                IF_ASSIGN(var, ent, struct trace_mmiotrace_rw,          \
                ^
../kernel/trace/trace.h:303:14: note: expanded from macro 'IF_ASSIGN'
                WARN_ON(id && (entry)->type != id);     \
                           ^
../kernel/trace/trace_output.c:921:2: warning: converting the enum constant to a boolean [-Wint-in-bool-context]
../kernel/trace/trace.h:335:3: note: expanded from macro 'trace_assign_type'
                IF_ASSIGN(var, ent, struct trace_mmiotrace_map,         \
                ^
../kernel/trace/trace.h:303:14: note: expanded from macro 'IF_ASSIGN'
                WARN_ON(id && (entry)->type != id);     \
                           ^
../kernel/trace/trace_output.c:921:2: warning: converting the enum constant to a boolean [-Wint-in-bool-context]
../kernel/trace/trace.h:337:3: note: expanded from macro 'trace_assign_type'
                IF_ASSIGN(var, ent, struct trace_branch, TRACE_BRANCH); \
                ^
../kernel/trace/trace.h:303:14: note: expanded from macro 'IF_ASSIGN'
                WARN_ON(id && (entry)->type != id);     \
                           ^
../kernel/trace/trace_output.c:921:2: warning: converting the enum constant to a boolean [-Wint-in-bool-context]
../kernel/trace/trace.h:338:3: note: expanded from macro 'trace_assign_type'
                IF_ASSIGN(var, ent, struct ftrace_graph_ent_entry,      \
                ^
../kernel/trace/trace.h:303:14: note: expanded from macro 'IF_ASSIGN'
                WARN_ON(id && (entry)->type != id);     \
                           ^
../kernel/trace/trace_output.c:921:2: warning: converting the enum constant to a boolean [-Wint-in-bool-context]
../kernel/trace/trace.h:340:3: note: expanded from macro 'trace_assign_type'
                IF_ASSIGN(var, ent, struct ftrace_graph_ret_entry,      \
                ^
../kernel/trace/trace.h:303:14: note: expanded from macro 'IF_ASSIGN'
                WARN_ON(id && (entry)->type != id);     \
                           ^
../kernel/trace/trace_output.c:949:2: warning: converting the enum constant to a boolean [-Wint-in-bool-context]
        trace_assign_type(field, entry);
        ^
../kernel/trace/trace.h:327:3: note: expanded from macro 'trace_assign_type'
                IF_ASSIGN(var, ent, struct stack_entry, TRACE_STACK);   \
                ^
../kernel/trace/trace.h:303:14: note: expanded from macro 'IF_ASSIGN'
                WARN_ON(id && (entry)->type != id);     \
                           ^
../kernel/trace/trace_output.c:949:2: warning: converting the enum constant to a boolean [-Wint-in-bool-context]
../kernel/trace/trace.h:328:3: note: expanded from macro 'trace_assign_type'
                IF_ASSIGN(var, ent, struct userstack_entry, TRACE_USER_STACK);\
                ^
../kernel/trace/trace.h:303:14: note: expanded from macro 'IF_ASSIGN'
                WARN_ON(id && (entry)->type != id);     \
                           ^
../kernel/trace/trace_output.c:949:2: warning: converting the enum constant to a boolean [-Wint-in-bool-context]
../kernel/trace/trace.h:329:3: note: expanded from macro 'trace_assign_type'
                IF_ASSIGN(var, ent, struct print_entry, TRACE_PRINT);   \
                ^
../kernel/trace/trace.h:303:14: note: expanded from macro 'IF_ASSIGN'
                WARN_ON(id && (entry)->type != id);     \
                           ^
../kernel/trace/trace_output.c:949:2: warning: converting the enum constant to a boolean [-Wint-in-bool-context]
../kernel/trace/trace.h:330:3: note: expanded from macro 'trace_assign_type'
                IF_ASSIGN(var, ent, struct bprint_entry, TRACE_BPRINT); \
                ^
../kernel/trace/trace.h:303:14: note: expanded from macro 'IF_ASSIGN'
                WARN_ON(id && (entry)->type != id);     \
                           ^
../kernel/trace/trace_output.c:949:2: warning: converting the enum constant to a boolean [-Wint-in-bool-context]
../kernel/trace/trace.h:331:3: note: expanded from macro 'trace_assign_type'
                IF_ASSIGN(var, ent, struct bputs_entry, TRACE_BPUTS);   \
                ^
../kernel/trace/trace.h:303:14: note: expanded from macro 'IF_ASSIGN'
                WARN_ON(id && (entry)->type != id);     \
                           ^
../kernel/trace/trace_output.c:949:2: warning: converting the enum constant to a boolean [-Wint-in-bool-context]
../kernel/trace/trace.h:332:3: note: expanded from macro 'trace_assign_type'
                IF_ASSIGN(var, ent, struct hwlat_entry, TRACE_HWLAT);   \
                ^
../kernel/trace/trace.h:303:14: note: expanded from macro 'IF_ASSIGN'
                WARN_ON(id && (entry)->type != id);     \
                           ^
../kernel/trace/trace_output.c:949:2: warning: converting the enum constant to a boolean [-Wint-in-bool-context]
../kernel/trace/trace.h:333:3: note: expanded from macro 'trace_assign_type'
                IF_ASSIGN(var, ent, struct trace_mmiotrace_rw,          \
                ^
../kernel/trace/trace.h:303:14: note: expanded from macro 'IF_ASSIGN'
                WARN_ON(id && (entry)->type != id);     \
                           ^
../kernel/trace/trace_output.c:949:2: warning: converting the enum constant to a boolean [-Wint-in-bool-context]
../kernel/trace/trace.h:335:3: note: expanded from macro 'trace_assign_type'
                IF_ASSIGN(var, ent, struct trace_mmiotrace_map,         \
                ^
../kernel/trace/trace.h:303:14: note: expanded from macro 'IF_ASSIGN'
                WARN_ON(id && (entry)->type != id);     \
                           ^
../kernel/trace/trace_output.c:949:2: warning: converting the enum constant to a boolean [-Wint-in-bool-context]
../kernel/trace/trace.h:337:3: note: expanded from macro 'trace_assign_type'
                IF_ASSIGN(var, ent, struct trace_branch, TRACE_BRANCH); \
                ^
../kernel/trace/trace.h:303:14: note: expanded from macro 'IF_ASSIGN'
                WARN_ON(id && (entry)->type != id);     \
                           ^
../kernel/trace/trace_output.c:949:2: warning: converting the enum constant to a boolean [-Wint-in-bool-context]
../kernel/trace/trace.h:338:3: note: expanded from macro 'trace_assign_type'
                IF_ASSIGN(var, ent, struct ftrace_graph_ent_entry,      \
                ^
../kernel/trace/trace.h:303:14: note: expanded from macro 'IF_ASSIGN'
                WARN_ON(id && (entry)->type != id);     \
                           ^
../kernel/trace/trace_output.c:949:2: warning: converting the enum constant to a boolean [-Wint-in-bool-context]
../kernel/trace/trace.h:340:3: note: expanded from macro 'trace_assign_type'
                IF_ASSIGN(var, ent, struct ftrace_graph_ret_entry,      \
                ^
../kernel/trace/trace.h:303:14: note: expanded from macro 'IF_ASSIGN'
                WARN_ON(id && (entry)->type != id);     \
                           ^
../kernel/trace/trace_output.c:970:2: warning: converting the enum constant to a boolean [-Wint-in-bool-context]
        trace_assign_type(field, iter->ent);
        ^
../kernel/trace/trace.h:327:3: note: expanded from macro 'trace_assign_type'
                IF_ASSIGN(var, ent, struct stack_entry, TRACE_STACK);   \
                ^
../kernel/trace/trace.h:303:14: note: expanded from macro 'IF_ASSIGN'
                WARN_ON(id && (entry)->type != id);     \
                           ^
../kernel/trace/trace_output.c:970:2: warning: converting the enum constant to a boolean [-Wint-in-bool-context]
../kernel/trace/trace.h:328:3: note: expanded from macro 'trace_assign_type'
                IF_ASSIGN(var, ent, struct userstack_entry, TRACE_USER_STACK);\
                ^
../kernel/trace/trace.h:303:14: note: expanded from macro 'IF_ASSIGN'
                WARN_ON(id && (entry)->type != id);     \
                           ^
../kernel/trace/trace_output.c:970:2: warning: converting the enum constant to a boolean [-Wint-in-bool-context]
../kernel/trace/trace.h:329:3: note: expanded from macro 'trace_assign_type'
                IF_ASSIGN(var, ent, struct print_entry, TRACE_PRINT);   \
                ^
../kernel/trace/trace.h:303:14: note: expanded from macro 'IF_ASSIGN'
                WARN_ON(id && (entry)->type != id);     \
                           ^
../kernel/trace/trace_output.c:970:2: warning: converting the enum constant to a boolean [-Wint-in-bool-context]
../kernel/trace/trace.h:330:3: note: expanded from macro 'trace_assign_type'
                IF_ASSIGN(var, ent, struct bprint_entry, TRACE_BPRINT); \
                ^
../kernel/trace/trace.h:303:14: note: expanded from macro 'IF_ASSIGN'
                WARN_ON(id && (entry)->type != id);     \
                           ^
../kernel/trace/trace_output.c:970:2: warning: converting the enum constant to a boolean [-Wint-in-bool-context]
../kernel/trace/trace.h:331:3: note: expanded from macro 'trace_assign_type'
                IF_ASSIGN(var, ent, struct bputs_entry, TRACE_BPUTS);   \
                ^
../kernel/trace/trace.h:303:14: note: expanded from macro 'IF_ASSIGN'
                WARN_ON(id && (entry)->type != id);     \
                           ^
../kernel/trace/trace_output.c:970:2: warning: converting the enum constant to a boolean [-Wint-in-bool-context]
../kernel/trace/trace.h:332:3: note: expanded from macro 'trace_assign_type'
                IF_ASSIGN(var, ent, struct hwlat_entry, TRACE_HWLAT);   \
                ^
../kernel/trace/trace.h:303:14: note: expanded from macro 'IF_ASSIGN'
                WARN_ON(id && (entry)->type != id);     \
                           ^
../kernel/trace/trace_output.c:970:2: warning: converting the enum constant to a boolean [-Wint-in-bool-context]
../kernel/trace/trace.h:333:3: note: expanded from macro 'trace_assign_type'
                IF_ASSIGN(var, ent, struct trace_mmiotrace_rw,          \
                ^
../kernel/trace/trace.h:303:14: note: expanded from macro 'IF_ASSIGN'
                WARN_ON(id && (entry)->type != id);     \
                           ^
../kernel/trace/trace_output.c:970:2: warning: converting the enum constant to a boolean [-Wint-in-bool-context]
../kernel/trace/trace.h:335:3: note: expanded from macro 'trace_assign_type'
                IF_ASSIGN(var, ent, struct trace_mmiotrace_map,         \
                ^
../kernel/trace/trace.h:303:14: note: expanded from macro 'IF_ASSIGN'
                WARN_ON(id && (entry)->type != id);     \
                           ^
../kernel/trace/trace_output.c:970:2: warning: converting the enum constant to a boolean [-Wint-in-bool-context]
../kernel/trace/trace.h:337:3: note: expanded from macro 'trace_assign_type'
                IF_ASSIGN(var, ent, struct trace_branch, TRACE_BRANCH); \
                ^
../kernel/trace/trace.h:303:14: note: expanded from macro 'IF_ASSIGN'
                WARN_ON(id && (entry)->type != id);     \
                           ^
../kernel/trace/trace_output.c:970:2: warning: converting the enum constant to a boolean [-Wint-in-bool-context]
../kernel/trace/trace.h:338:3: note: expanded from macro 'trace_assign_type'
                IF_ASSIGN(var, ent, struct ftrace_graph_ent_entry,      \
                ^
../kernel/trace/trace.h:303:14: note: expanded from macro 'IF_ASSIGN'
                WARN_ON(id && (entry)->type != id);     \
                           ^
../kernel/trace/trace_output.c:970:2: warning: converting the enum constant to a boolean [-Wint-in-bool-context]
../kernel/trace/trace.h:340:3: note: expanded from macro 'trace_assign_type'
                IF_ASSIGN(var, ent, struct ftrace_graph_ret_entry,      \
                ^
../kernel/trace/trace.h:303:14: note: expanded from macro 'IF_ASSIGN'
                WARN_ON(id && (entry)->type != id);     \
                           ^
../kernel/trace/trace_output.c:990:2: warning: converting the enum constant to a boolean [-Wint-in-bool-context]
        trace_assign_type(field, iter->ent);
        ^
../kernel/trace/trace.h:327:3: note: expanded from macro 'trace_assign_type'
                IF_ASSIGN(var, ent, struct stack_entry, TRACE_STACK);   \
                ^
../kernel/trace/trace.h:303:14: note: expanded from macro 'IF_ASSIGN'
                WARN_ON(id && (entry)->type != id);     \
                           ^
../kernel/trace/trace_output.c:990:2: warning: converting the enum constant to a boolean [-Wint-in-bool-context]
../kernel/trace/trace.h:328:3: note: expanded from macro 'trace_assign_type'
                IF_ASSIGN(var, ent, struct userstack_entry, TRACE_USER_STACK);\
                ^
../kernel/trace/trace.h:303:14: note: expanded from macro 'IF_ASSIGN'
                WARN_ON(id && (entry)->type != id);     \
                           ^
../kernel/trace/trace_output.c:990:2: warning: converting the enum constant to a boolean [-Wint-in-bool-context]
../kernel/trace/trace.h:329:3: note: expanded from macro 'trace_assign_type'
                IF_ASSIGN(var, ent, struct print_entry, TRACE_PRINT);   \
                ^
../kernel/trace/trace.h:303:14: note: expanded from macro 'IF_ASSIGN'
                WARN_ON(id && (entry)->type != id);     \
                           ^
../kernel/trace/trace_output.c:990:2: warning: converting the enum constant to a boolean [-Wint-in-bool-context]
../kernel/trace/trace.h:330:3: note: expanded from macro 'trace_assign_type'
                IF_ASSIGN(var, ent, struct bprint_entry, TRACE_BPRINT); \
                ^
../kernel/trace/trace.h:303:14: note: expanded from macro 'IF_ASSIGN'
                WARN_ON(id && (entry)->type != id);     \
                           ^
../kernel/trace/trace_output.c:990:2: warning: converting the enum constant to a boolean [-Wint-in-bool-context]
../kernel/trace/trace.h:331:3: note: expanded from macro 'trace_assign_type'
                IF_ASSIGN(var, ent, struct bputs_entry, TRACE_BPUTS);   \
                ^
../kernel/trace/trace.h:303:14: note: expanded from macro 'IF_ASSIGN'
                WARN_ON(id && (entry)->type != id);     \
                           ^
../kernel/trace/trace_output.c:990:2: warning: converting the enum constant to a boolean [-Wint-in-bool-context]
../kernel/trace/trace.h:332:3: note: expanded from macro 'trace_assign_type'
                IF_ASSIGN(var, ent, struct hwlat_entry, TRACE_HWLAT);   \
                ^
../kernel/trace/trace.h:303:14: note: expanded from macro 'IF_ASSIGN'
                WARN_ON(id && (entry)->type != id);     \
                           ^
../kernel/trace/trace_output.c:990:2: warning: converting the enum constant to a boolean [-Wint-in-bool-context]
../kernel/trace/trace.h:333:3: note: expanded from macro 'trace_assign_type'
                IF_ASSIGN(var, ent, struct trace_mmiotrace_rw,          \
                ^
../kernel/trace/trace.h:303:14: note: expanded from macro 'IF_ASSIGN'
                WARN_ON(id && (entry)->type != id);     \
                           ^
../kernel/trace/trace_output.c:990:2: warning: converting the enum constant to a boolean [-Wint-in-bool-context]
../kernel/trace/trace.h:335:3: note: expanded from macro 'trace_assign_type'
                IF_ASSIGN(var, ent, struct trace_mmiotrace_map,         \
                ^
../kernel/trace/trace.h:303:14: note: expanded from macro 'IF_ASSIGN'
                WARN_ON(id && (entry)->type != id);     \
                           ^
../kernel/trace/trace_output.c:990:2: warning: converting the enum constant to a boolean [-Wint-in-bool-context]
../kernel/trace/trace.h:337:3: note: expanded from macro 'trace_assign_type'
                IF_ASSIGN(var, ent, struct trace_branch, TRACE_BRANCH); \
                ^
../kernel/trace/trace.h:303:14: note: expanded from macro 'IF_ASSIGN'
                WARN_ON(id && (entry)->type != id);     \
                           ^
../kernel/trace/trace_output.c:990:2: warning: converting the enum constant to a boolean [-Wint-in-bool-context]
../kernel/trace/trace.h:338:3: note: expanded from macro 'trace_assign_type'
                IF_ASSIGN(var, ent, struct ftrace_graph_ent_entry,      \
                ^
../kernel/trace/trace.h:303:14: note: expanded from macro 'IF_ASSIGN'
                WARN_ON(id && (entry)->type != id);     \
                           ^
../kernel/trace/trace_output.c:990:2: warning: converting the enum constant to a boolean [-Wint-in-bool-context]
../kernel/trace/trace.h:340:3: note: expanded from macro 'trace_assign_type'
                IF_ASSIGN(var, ent, struct ftrace_graph_ret_entry,      \
                ^
../kernel/trace/trace.h:303:14: note: expanded from macro 'IF_ASSIGN'
                WARN_ON(id && (entry)->type != id);     \
                           ^
../kernel/trace/trace_output.c:1007:2: warning: converting the enum constant to a boolean [-Wint-in-bool-context]
        trace_assign_type(field, iter->ent);
        ^
../kernel/trace/trace.h:327:3: note: expanded from macro 'trace_assign_type'
                IF_ASSIGN(var, ent, struct stack_entry, TRACE_STACK);   \
                ^
../kernel/trace/trace.h:303:14: note: expanded from macro 'IF_ASSIGN'
                WARN_ON(id && (entry)->type != id);     \
                           ^
../kernel/trace/trace_output.c:1007:2: warning: converting the enum constant to a boolean [-Wint-in-bool-context]
../kernel/trace/trace.h:328:3: note: expanded from macro 'trace_assign_type'
                IF_ASSIGN(var, ent, struct userstack_entry, TRACE_USER_STACK);\
                ^
../kernel/trace/trace.h:303:14: note: expanded from macro 'IF_ASSIGN'
                WARN_ON(id && (entry)->type != id);     \
                           ^
../kernel/trace/trace_output.c:1007:2: warning: converting the enum constant to a boolean [-Wint-in-bool-context]
../kernel/trace/trace.h:329:3: note: expanded from macro 'trace_assign_type'
                IF_ASSIGN(var, ent, struct print_entry, TRACE_PRINT);   \
                ^
../kernel/trace/trace.h:303:14: note: expanded from macro 'IF_ASSIGN'
                WARN_ON(id && (entry)->type != id);     \
                           ^
../kernel/trace/trace_output.c:1007:2: warning: converting the enum constant to a boolean [-Wint-in-bool-context]
../kernel/trace/trace.h:330:3: note: expanded from macro 'trace_assign_type'
                IF_ASSIGN(var, ent, struct bprint_entry, TRACE_BPRINT); \
                ^
../kernel/trace/trace.h:303:14: note: expanded from macro 'IF_ASSIGN'
                WARN_ON(id && (entry)->type != id);     \
                           ^
../kernel/trace/trace_output.c:1007:2: warning: converting the enum constant to a boolean [-Wint-in-bool-context]
../kernel/trace/trace.h:331:3: note: expanded from macro 'trace_assign_type'
                IF_ASSIGN(var, ent, struct bputs_entry, TRACE_BPUTS);   \
                ^
../kernel/trace/trace.h:303:14: note: expanded from macro 'IF_ASSIGN'
                WARN_ON(id && (entry)->type != id);     \
                           ^
../kernel/trace/trace_output.c:1007:2: warning: converting the enum constant to a boolean [-Wint-in-bool-context]
../kernel/trace/trace.h:332:3: note: expanded from macro 'trace_assign_type'
                IF_ASSIGN(var, ent, struct hwlat_entry, TRACE_HWLAT);   \
                ^
../kernel/trace/trace.h:303:14: note: expanded from macro 'IF_ASSIGN'
                WARN_ON(id && (entry)->type != id);     \
                           ^
../kernel/trace/trace_output.c:1007:2: warning: converting the enum constant to a boolean [-Wint-in-bool-context]
../kernel/trace/trace.h:333:3: note: expanded from macro 'trace_assign_type'
                IF_ASSIGN(var, ent, struct trace_mmiotrace_rw,          \
                ^
../kernel/trace/trace.h:303:14: note: expanded from macro 'IF_ASSIGN'
                WARN_ON(id && (entry)->type != id);     \
                           ^
../kernel/trace/trace_output.c:1007:2: warning: converting the enum constant to a boolean [-Wint-in-bool-context]
../kernel/trace/trace.h:335:3: note: expanded from macro 'trace_assign_type'
                IF_ASSIGN(var, ent, struct trace_mmiotrace_map,         \
                ^
../kernel/trace/trace.h:303:14: note: expanded from macro 'IF_ASSIGN'
                WARN_ON(id && (entry)->type != id);     \
                           ^
../kernel/trace/trace_output.c:1007:2: warning: converting the enum constant to a boolean [-Wint-in-bool-context]
../kernel/trace/trace.h:337:3: note: expanded from macro 'trace_assign_type'
                IF_ASSIGN(var, ent, struct trace_branch, TRACE_BRANCH); \
                ^
../kernel/trace/trace.h:303:14: note: expanded from macro 'IF_ASSIGN'
                WARN_ON(id && (entry)->type != id);     \
                           ^
../kernel/trace/trace_output.c:1007:2: warning: converting the enum constant to a boolean [-Wint-in-bool-context]
../kernel/trace/trace.h:338:3: note: expanded from macro 'trace_assign_type'
                IF_ASSIGN(var, ent, struct ftrace_graph_ent_entry,      \
                ^
../kernel/trace/trace.h:303:14: note: expanded from macro 'IF_ASSIGN'
                WARN_ON(id && (entry)->type != id);     \
                           ^
../kernel/trace/trace_output.c:1007:2: warning: converting the enum constant to a boolean [-Wint-in-bool-context]
../kernel/trace/trace.h:340:3: note: expanded from macro 'trace_assign_type'
                IF_ASSIGN(var, ent, struct ftrace_graph_ret_entry,      \
                ^
../kernel/trace/trace.h:303:14: note: expanded from macro 'IF_ASSIGN'
                WARN_ON(id && (entry)->type != id);     \
                           ^
../kernel/trace/trace_output.c:1039:2: warning: converting the enum constant to a boolean [-Wint-in-bool-context]
        trace_assign_type(field, iter->ent);
        ^
../kernel/trace/trace.h:327:3: note: expanded from macro 'trace_assign_type'
                IF_ASSIGN(var, ent, struct stack_entry, TRACE_STACK);   \
                ^
../kernel/trace/trace.h:303:14: note: expanded from macro 'IF_ASSIGN'
                WARN_ON(id && (entry)->type != id);     \
                           ^
../kernel/trace/trace_output.c:1039:2: warning: converting the enum constant to a boolean [-Wint-in-bool-context]
../kernel/trace/trace.h:328:3: note: expanded from macro 'trace_assign_type'
                IF_ASSIGN(var, ent, struct userstack_entry, TRACE_USER_STACK);\
                ^
../kernel/trace/trace.h:303:14: note: expanded from macro 'IF_ASSIGN'
                WARN_ON(id && (entry)->type != id);     \
                           ^
../kernel/trace/trace_output.c:1039:2: warning: converting the enum constant to a boolean [-Wint-in-bool-context]
../kernel/trace/trace.h:329:3: note: expanded from macro 'trace_assign_type'
                IF_ASSIGN(var, ent, struct print_entry, TRACE_PRINT);   \
                ^
../kernel/trace/trace.h:303:14: note: expanded from macro 'IF_ASSIGN'
                WARN_ON(id && (entry)->type != id);     \
                           ^
../kernel/trace/trace_output.c:1039:2: warning: converting the enum constant to a boolean [-Wint-in-bool-context]
../kernel/trace/trace.h:330:3: note: expanded from macro 'trace_assign_type'
                IF_ASSIGN(var, ent, struct bprint_entry, TRACE_BPRINT); \
                ^
../kernel/trace/trace.h:303:14: note: expanded from macro 'IF_ASSIGN'
                WARN_ON(id && (entry)->type != id);     \
                           ^
../kernel/trace/trace_output.c:1039:2: warning: converting the enum constant to a boolean [-Wint-in-bool-context]
../kernel/trace/trace.h:331:3: note: expanded from macro 'trace_assign_type'
                IF_ASSIGN(var, ent, struct bputs_entry, TRACE_BPUTS);   \
                ^
../kernel/trace/trace.h:303:14: note: expanded from macro 'IF_ASSIGN'
                WARN_ON(id && (entry)->type != id);     \
                           ^
../kernel/trace/trace_output.c:1039:2: warning: converting the enum constant to a boolean [-Wint-in-bool-context]
../kernel/trace/trace.h:332:3: note: expanded from macro 'trace_assign_type'
                IF_ASSIGN(var, ent, struct hwlat_entry, TRACE_HWLAT);   \
                ^
../kernel/trace/trace.h:303:14: note: expanded from macro 'IF_ASSIGN'
                WARN_ON(id && (entry)->type != id);     \
                           ^
../kernel/trace/trace_output.c:1039:2: warning: converting the enum constant to a boolean [-Wint-in-bool-context]
../kernel/trace/trace.h:333:3: note: expanded from macro 'trace_assign_type'
                IF_ASSIGN(var, ent, struct trace_mmiotrace_rw,          \
                ^
../kernel/trace/trace.h:303:14: note: expanded from macro 'IF_ASSIGN'
                WARN_ON(id && (entry)->type != id);     \
                           ^
../kernel/trace/trace_output.c:1039:2: warning: converting the enum constant to a boolean [-Wint-in-bool-context]
../kernel/trace/trace.h:335:3: note: expanded from macro 'trace_assign_type'
                IF_ASSIGN(var, ent, struct trace_mmiotrace_map,         \
                ^
../kernel/trace/trace.h:303:14: note: expanded from macro 'IF_ASSIGN'
                WARN_ON(id && (entry)->type != id);     \
                           ^
../kernel/trace/trace_output.c:1039:2: warning: converting the enum constant to a boolean [-Wint-in-bool-context]
../kernel/trace/trace.h:337:3: note: expanded from macro 'trace_assign_type'
                IF_ASSIGN(var, ent, struct trace_branch, TRACE_BRANCH); \
                ^
../kernel/trace/trace.h:303:14: note: expanded from macro 'IF_ASSIGN'
                WARN_ON(id && (entry)->type != id);     \
                           ^
../kernel/trace/trace_output.c:1039:2: warning: converting the enum constant to a boolean [-Wint-in-bool-context]
../kernel/trace/trace.h:338:3: note: expanded from macro 'trace_assign_type'
                IF_ASSIGN(var, ent, struct ftrace_graph_ent_entry,      \
                ^
../kernel/trace/trace.h:303:14: note: expanded from macro 'IF_ASSIGN'
                WARN_ON(id && (entry)->type != id);     \
                           ^
../kernel/trace/trace_output.c:1039:2: warning: converting the enum constant to a boolean [-Wint-in-bool-context]
../kernel/trace/trace.h:340:3: note: expanded from macro 'trace_assign_type'
                IF_ASSIGN(var, ent, struct ftrace_graph_ret_entry,      \
                ^
../kernel/trace/trace.h:303:14: note: expanded from macro 'IF_ASSIGN'
                WARN_ON(id && (entry)->type != id);     \
                           ^
../kernel/trace/trace_output.c:1074:2: warning: converting the enum constant to a boolean [-Wint-in-bool-context]
        trace_assign_type(field, iter->ent);
        ^
../kernel/trace/trace.h:327:3: note: expanded from macro 'trace_assign_type'
                IF_ASSIGN(var, ent, struct stack_entry, TRACE_STACK);   \
                ^
../kernel/trace/trace.h:303:14: note: expanded from macro 'IF_ASSIGN'
                WARN_ON(id && (entry)->type != id);     \
                           ^
../kernel/trace/trace_output.c:1074:2: warning: converting the enum constant to a boolean [-Wint-in-bool-context]
../kernel/trace/trace.h:328:3: note: expanded from macro 'trace_assign_type'
                IF_ASSIGN(var, ent, struct userstack_entry, TRACE_USER_STACK);\
                ^
../kernel/trace/trace.h:303:14: note: expanded from macro 'IF_ASSIGN'
                WARN_ON(id && (entry)->type != id);     \
                           ^
../kernel/trace/trace_output.c:1074:2: warning: converting the enum constant to a boolean [-Wint-in-bool-context]
../kernel/trace/trace.h:329:3: note: expanded from macro 'trace_assign_type'
                IF_ASSIGN(var, ent, struct print_entry, TRACE_PRINT);   \
                ^
../kernel/trace/trace.h:303:14: note: expanded from macro 'IF_ASSIGN'
                WARN_ON(id && (entry)->type != id);     \
                           ^
../kernel/trace/trace_output.c:1074:2: warning: converting the enum constant to a boolean [-Wint-in-bool-context]
../kernel/trace/trace.h:330:3: note: expanded from macro 'trace_assign_type'
                IF_ASSIGN(var, ent, struct bprint_entry, TRACE_BPRINT); \
                ^
../kernel/trace/trace.h:303:14: note: expanded from macro 'IF_ASSIGN'
                WARN_ON(id && (entry)->type != id);     \
                           ^
../kernel/trace/trace_output.c:1074:2: warning: converting the enum constant to a boolean [-Wint-in-bool-context]
../kernel/trace/trace.h:331:3: note: expanded from macro 'trace_assign_type'
                IF_ASSIGN(var, ent, struct bputs_entry, TRACE_BPUTS);   \
                ^
../kernel/trace/trace.h:303:14: note: expanded from macro 'IF_ASSIGN'
                WARN_ON(id && (entry)->type != id);     \
                           ^
../kernel/trace/trace_output.c:1074:2: warning: converting the enum constant to a boolean [-Wint-in-bool-context]
../kernel/trace/trace.h:332:3: note: expanded from macro 'trace_assign_type'
                IF_ASSIGN(var, ent, struct hwlat_entry, TRACE_HWLAT);   \
                ^
../kernel/trace/trace.h:303:14: note: expanded from macro 'IF_ASSIGN'
                WARN_ON(id && (entry)->type != id);     \
                           ^
../kernel/trace/trace_output.c:1074:2: warning: converting the enum constant to a boolean [-Wint-in-bool-context]
../kernel/trace/trace.h:333:3: note: expanded from macro 'trace_assign_type'
                IF_ASSIGN(var, ent, struct trace_mmiotrace_rw,          \
                ^
../kernel/trace/trace.h:303:14: note: expanded from macro 'IF_ASSIGN'
                WARN_ON(id && (entry)->type != id);     \
                           ^
../kernel/trace/trace_output.c:1074:2: warning: converting the enum constant to a boolean [-Wint-in-bool-context]
../kernel/trace/trace.h:335:3: note: expanded from macro 'trace_assign_type'
                IF_ASSIGN(var, ent, struct trace_mmiotrace_map,         \
                ^
../kernel/trace/trace.h:303:14: note: expanded from macro 'IF_ASSIGN'
                WARN_ON(id && (entry)->type != id);     \
                           ^
../kernel/trace/trace_output.c:1074:2: warning: converting the enum constant to a boolean [-Wint-in-bool-context]
../kernel/trace/trace.h:337:3: note: expanded from macro 'trace_assign_type'
                IF_ASSIGN(var, ent, struct trace_branch, TRACE_BRANCH); \
                ^
../kernel/trace/trace.h:303:14: note: expanded from macro 'IF_ASSIGN'
                WARN_ON(id && (entry)->type != id);     \
                           ^
../kernel/trace/trace_output.c:1074:2: warning: converting the enum constant to a boolean [-Wint-in-bool-context]
../kernel/trace/trace.h:338:3: note: expanded from macro 'trace_assign_type'
                IF_ASSIGN(var, ent, struct ftrace_graph_ent_entry,      \
                ^
../kernel/trace/trace.h:303:14: note: expanded from macro 'IF_ASSIGN'
                WARN_ON(id && (entry)->type != id);     \
                           ^
../kernel/trace/trace_output.c:1074:2: warning: converting the enum constant to a boolean [-Wint-in-bool-context]
../kernel/trace/trace.h:340:3: note: expanded from macro 'trace_assign_type'
                IF_ASSIGN(var, ent, struct ftrace_graph_ret_entry,      \
                ^
../kernel/trace/trace.h:303:14: note: expanded from macro 'IF_ASSIGN'
                WARN_ON(id && (entry)->type != id);     \
                           ^
../kernel/trace/trace_output.c:1110:2: warning: converting the enum constant to a boolean [-Wint-in-bool-context]
        trace_assign_type(field, iter->ent);
        ^
../kernel/trace/trace.h:327:3: note: expanded from macro 'trace_assign_type'
                IF_ASSIGN(var, ent, struct stack_entry, TRACE_STACK);   \
                ^
../kernel/trace/trace.h:303:14: note: expanded from macro 'IF_ASSIGN'
                WARN_ON(id && (entry)->type != id);     \
                           ^
../kernel/trace/trace_output.c:1110:2: warning: converting the enum constant to a boolean [-Wint-in-bool-context]
../kernel/trace/trace.h:328:3: note: expanded from macro 'trace_assign_type'
                IF_ASSIGN(var, ent, struct userstack_entry, TRACE_USER_STACK);\
                ^
../kernel/trace/trace.h:303:14: note: expanded from macro 'IF_ASSIGN'
                WARN_ON(id && (entry)->type != id);     \
                           ^
../kernel/trace/trace_output.c:1110:2: warning: converting the enum constant to a boolean [-Wint-in-bool-context]
../kernel/trace/trace.h:329:3: note: expanded from macro 'trace_assign_type'
                IF_ASSIGN(var, ent, struct print_entry, TRACE_PRINT);   \
                ^
../kernel/trace/trace.h:303:14: note: expanded from macro 'IF_ASSIGN'
                WARN_ON(id && (entry)->type != id);     \
                           ^
../kernel/trace/trace_output.c:1110:2: warning: converting the enum constant to a boolean [-Wint-in-bool-context]
../kernel/trace/trace.h:330:3: note: expanded from macro 'trace_assign_type'
                IF_ASSIGN(var, ent, struct bprint_entry, TRACE_BPRINT); \
                ^
../kernel/trace/trace.h:303:14: note: expanded from macro 'IF_ASSIGN'
                WARN_ON(id && (entry)->type != id);     \
                           ^
../kernel/trace/trace_output.c:1110:2: warning: converting the enum constant to a boolean [-Wint-in-bool-context]
../kernel/trace/trace.h:331:3: note: expanded from macro 'trace_assign_type'
                IF_ASSIGN(var, ent, struct bputs_entry, TRACE_BPUTS);   \
                ^
../kernel/trace/trace.h:303:14: note: expanded from macro 'IF_ASSIGN'
                WARN_ON(id && (entry)->type != id);     \
                           ^
../kernel/trace/trace_output.c:1110:2: warning: converting the enum constant to a boolean [-Wint-in-bool-context]
../kernel/trace/trace.h:332:3: note: expanded from macro 'trace_assign_type'
                IF_ASSIGN(var, ent, struct hwlat_entry, TRACE_HWLAT);   \
                ^
../kernel/trace/trace.h:303:14: note: expanded from macro 'IF_ASSIGN'
                WARN_ON(id && (entry)->type != id);     \
                           ^
../kernel/trace/trace_output.c:1110:2: warning: converting the enum constant to a boolean [-Wint-in-bool-context]
../kernel/trace/trace.h:333:3: note: expanded from macro 'trace_assign_type'
                IF_ASSIGN(var, ent, struct trace_mmiotrace_rw,          \
                ^
../kernel/trace/trace.h:303:14: note: expanded from macro 'IF_ASSIGN'
                WARN_ON(id && (entry)->type != id);     \
                           ^
../kernel/trace/trace_output.c:1110:2: warning: converting the enum constant to a boolean [-Wint-in-bool-context]
../kernel/trace/trace.h:335:3: note: expanded from macro 'trace_assign_type'
                IF_ASSIGN(var, ent, struct trace_mmiotrace_map,         \
                ^
../kernel/trace/trace.h:303:14: note: expanded from macro 'IF_ASSIGN'
                WARN_ON(id && (entry)->type != id);     \
                           ^
../kernel/trace/trace_output.c:1110:2: warning: converting the enum constant to a boolean [-Wint-in-bool-context]
../kernel/trace/trace.h:337:3: note: expanded from macro 'trace_assign_type'
                IF_ASSIGN(var, ent, struct trace_branch, TRACE_BRANCH); \
                ^
../kernel/trace/trace.h:303:14: note: expanded from macro 'IF_ASSIGN'
                WARN_ON(id && (entry)->type != id);     \
                           ^
../kernel/trace/trace_output.c:1110:2: warning: converting the enum constant to a boolean [-Wint-in-bool-context]
../kernel/trace/trace.h:338:3: note: expanded from macro 'trace_assign_type'
                IF_ASSIGN(var, ent, struct ftrace_graph_ent_entry,      \
                ^
../kernel/trace/trace.h:303:14: note: expanded from macro 'IF_ASSIGN'
                WARN_ON(id && (entry)->type != id);     \
                           ^
../kernel/trace/trace_output.c:1110:2: warning: converting the enum constant to a boolean [-Wint-in-bool-context]
../kernel/trace/trace.h:340:3: note: expanded from macro 'trace_assign_type'
                IF_ASSIGN(var, ent, struct ftrace_graph_ret_entry,      \
                ^
../kernel/trace/trace.h:303:14: note: expanded from macro 'IF_ASSIGN'
                WARN_ON(id && (entry)->type != id);     \
                           ^
../kernel/trace/trace_output.c:1145:2: warning: converting the enum constant to a boolean [-Wint-in-bool-context]
        trace_assign_type(field, iter->ent);
        ^
../kernel/trace/trace.h:327:3: note: expanded from macro 'trace_assign_type'
                IF_ASSIGN(var, ent, struct stack_entry, TRACE_STACK);   \
                ^
../kernel/trace/trace.h:303:14: note: expanded from macro 'IF_ASSIGN'
                WARN_ON(id && (entry)->type != id);     \
                           ^
../kernel/trace/trace_output.c:1145:2: warning: converting the enum constant to a boolean [-Wint-in-bool-context]
../kernel/trace/trace.h:328:3: note: expanded from macro 'trace_assign_type'
                IF_ASSIGN(var, ent, struct userstack_entry, TRACE_USER_STACK);\
                ^
../kernel/trace/trace.h:303:14: note: expanded from macro 'IF_ASSIGN'
                WARN_ON(id && (entry)->type != id);     \
                           ^
../kernel/trace/trace_output.c:1145:2: warning: converting the enum constant to a boolean [-Wint-in-bool-context]
../kernel/trace/trace.h:329:3: note: expanded from macro 'trace_assign_type'
                IF_ASSIGN(var, ent, struct print_entry, TRACE_PRINT);   \
                ^
../kernel/trace/trace.h:303:14: note: expanded from macro 'IF_ASSIGN'
                WARN_ON(id && (entry)->type != id);     \
                           ^
../kernel/trace/trace_output.c:1145:2: warning: converting the enum constant to a boolean [-Wint-in-bool-context]
../kernel/trace/trace.h:330:3: note: expanded from macro 'trace_assign_type'
                IF_ASSIGN(var, ent, struct bprint_entry, TRACE_BPRINT); \
                ^
../kernel/trace/trace.h:303:14: note: expanded from macro 'IF_ASSIGN'
                WARN_ON(id && (entry)->type != id);     \
                           ^
../kernel/trace/trace_output.c:1145:2: warning: converting the enum constant to a boolean [-Wint-in-bool-context]
../kernel/trace/trace.h:331:3: note: expanded from macro 'trace_assign_type'
                IF_ASSIGN(var, ent, struct bputs_entry, TRACE_BPUTS);   \
                ^
../kernel/trace/trace.h:303:14: note: expanded from macro 'IF_ASSIGN'
                WARN_ON(id && (entry)->type != id);     \
                           ^
../kernel/trace/trace_output.c:1145:2: warning: converting the enum constant to a boolean [-Wint-in-bool-context]
../kernel/trace/trace.h:332:3: note: expanded from macro 'trace_assign_type'
                IF_ASSIGN(var, ent, struct hwlat_entry, TRACE_HWLAT);   \
                ^
../kernel/trace/trace.h:303:14: note: expanded from macro 'IF_ASSIGN'
                WARN_ON(id && (entry)->type != id);     \
                           ^
../kernel/trace/trace_output.c:1145:2: warning: converting the enum constant to a boolean [-Wint-in-bool-context]
../kernel/trace/trace.h:333:3: note: expanded from macro 'trace_assign_type'
                IF_ASSIGN(var, ent, struct trace_mmiotrace_rw,          \
                ^
../kernel/trace/trace.h:303:14: note: expanded from macro 'IF_ASSIGN'
                WARN_ON(id && (entry)->type != id);     \
                           ^
../kernel/trace/trace_output.c:1145:2: warning: converting the enum constant to a boolean [-Wint-in-bool-context]
../kernel/trace/trace.h:335:3: note: expanded from macro 'trace_assign_type'
                IF_ASSIGN(var, ent, struct trace_mmiotrace_map,         \
                ^
../kernel/trace/trace.h:303:14: note: expanded from macro 'IF_ASSIGN'
                WARN_ON(id && (entry)->type != id);     \
                           ^
../kernel/trace/trace_output.c:1145:2: warning: converting the enum constant to a boolean [-Wint-in-bool-context]
../kernel/trace/trace.h:337:3: note: expanded from macro 'trace_assign_type'
                IF_ASSIGN(var, ent, struct trace_branch, TRACE_BRANCH); \
                ^
../kernel/trace/trace.h:303:14: note: expanded from macro 'IF_ASSIGN'
                WARN_ON(id && (entry)->type != id);     \
                           ^
../kernel/trace/trace_output.c:1145:2: warning: converting the enum constant to a boolean [-Wint-in-bool-context]
../kernel/trace/trace.h:338:3: note: expanded from macro 'trace_assign_type'
                IF_ASSIGN(var, ent, struct ftrace_graph_ent_entry,      \
                ^
../kernel/trace/trace.h:303:14: note: expanded from macro 'IF_ASSIGN'
                WARN_ON(id && (entry)->type != id);     \
                           ^
../kernel/trace/trace_output.c:1145:2: warning: converting the enum constant to a boolean [-Wint-in-bool-context]
../kernel/trace/trace.h:340:3: note: expanded from macro 'trace_assign_type'
                IF_ASSIGN(var, ent, struct ftrace_graph_ret_entry,      \
                ^
../kernel/trace/trace.h:303:14: note: expanded from macro 'IF_ASSIGN'
                WARN_ON(id && (entry)->type != id);     \
                           ^
../kernel/trace/trace_output.c:1192:2: warning: converting the enum constant to a boolean [-Wint-in-bool-context]
        trace_assign_type(field, iter->ent);
        ^
../kernel/trace/trace.h:327:3: note: expanded from macro 'trace_assign_type'
                IF_ASSIGN(var, ent, struct stack_entry, TRACE_STACK);   \
                ^
../kernel/trace/trace.h:303:14: note: expanded from macro 'IF_ASSIGN'
                WARN_ON(id && (entry)->type != id);     \
                           ^
../kernel/trace/trace_output.c:1192:2: warning: converting the enum constant to a boolean [-Wint-in-bool-context]
../kernel/trace/trace.h:328:3: note: expanded from macro 'trace_assign_type'
                IF_ASSIGN(var, ent, struct userstack_entry, TRACE_USER_STACK);\
                ^
../kernel/trace/trace.h:303:14: note: expanded from macro 'IF_ASSIGN'
                WARN_ON(id && (entry)->type != id);     \
                           ^
../kernel/trace/trace_output.c:1192:2: warning: converting the enum constant to a boolean [-Wint-in-bool-context]
../kernel/trace/trace.h:329:3: note: expanded from macro 'trace_assign_type'
                IF_ASSIGN(var, ent, struct print_entry, TRACE_PRINT);   \
                ^
../kernel/trace/trace.h:303:14: note: expanded from macro 'IF_ASSIGN'
                WARN_ON(id && (entry)->type != id);     \
                           ^
../kernel/trace/trace_output.c:1192:2: warning: converting the enum constant to a boolean [-Wint-in-bool-context]
../kernel/trace/trace.h:330:3: note: expanded from macro 'trace_assign_type'
                IF_ASSIGN(var, ent, struct bprint_entry, TRACE_BPRINT); \
                ^
../kernel/trace/trace.h:303:14: note: expanded from macro 'IF_ASSIGN'
                WARN_ON(id && (entry)->type != id);     \
                           ^
../kernel/trace/trace_output.c:1192:2: warning: converting the enum constant to a boolean [-Wint-in-bool-context]
../kernel/trace/trace.h:331:3: note: expanded from macro 'trace_assign_type'
                IF_ASSIGN(var, ent, struct bputs_entry, TRACE_BPUTS);   \
                ^
../kernel/trace/trace.h:303:14: note: expanded from macro 'IF_ASSIGN'
                WARN_ON(id && (entry)->type != id);     \
                           ^
../kernel/trace/trace_output.c:1192:2: warning: converting the enum constant to a boolean [-Wint-in-bool-context]
../kernel/trace/trace.h:332:3: note: expanded from macro 'trace_assign_type'
                IF_ASSIGN(var, ent, struct hwlat_entry, TRACE_HWLAT);   \
                ^
../kernel/trace/trace.h:303:14: note: expanded from macro 'IF_ASSIGN'
                WARN_ON(id && (entry)->type != id);     \
                           ^
../kernel/trace/trace_output.c:1192:2: warning: converting the enum constant to a boolean [-Wint-in-bool-context]
../kernel/trace/trace.h:333:3: note: expanded from macro 'trace_assign_type'
                IF_ASSIGN(var, ent, struct trace_mmiotrace_rw,          \
                ^
../kernel/trace/trace.h:303:14: note: expanded from macro 'IF_ASSIGN'
                WARN_ON(id && (entry)->type != id);     \
                           ^
../kernel/trace/trace_output.c:1192:2: warning: converting the enum constant to a boolean [-Wint-in-bool-context]
../kernel/trace/trace.h:335:3: note: expanded from macro 'trace_assign_type'
                IF_ASSIGN(var, ent, struct trace_mmiotrace_map,         \
                ^
../kernel/trace/trace.h:303:14: note: expanded from macro 'IF_ASSIGN'
                WARN_ON(id && (entry)->type != id);     \
                           ^
../kernel/trace/trace_output.c:1192:2: warning: converting the enum constant to a boolean [-Wint-in-bool-context]
../kernel/trace/trace.h:337:3: note: expanded from macro 'trace_assign_type'
                IF_ASSIGN(var, ent, struct trace_branch, TRACE_BRANCH); \
                ^
../kernel/trace/trace.h:303:14: note: expanded from macro 'IF_ASSIGN'
                WARN_ON(id && (entry)->type != id);     \
                           ^
../kernel/trace/trace_output.c:1192:2: warning: converting the enum constant to a boolean [-Wint-in-bool-context]
../kernel/trace/trace.h:338:3: note: expanded from macro 'trace_assign_type'
                IF_ASSIGN(var, ent, struct ftrace_graph_ent_entry,      \
                ^
../kernel/trace/trace.h:303:14: note: expanded from macro 'IF_ASSIGN'
                WARN_ON(id && (entry)->type != id);     \
                           ^
../kernel/trace/trace_output.c:1192:2: warning: converting the enum constant to a boolean [-Wint-in-bool-context]
../kernel/trace/trace.h:340:3: note: expanded from macro 'trace_assign_type'
                IF_ASSIGN(var, ent, struct ftrace_graph_ret_entry,      \
                ^
../kernel/trace/trace.h:303:14: note: expanded from macro 'IF_ASSIGN'
                WARN_ON(id && (entry)->type != id);     \
                           ^
../kernel/trace/trace_output.c:1229:2: warning: converting the enum constant to a boolean [-Wint-in-bool-context]
        trace_assign_type(field, iter->ent);
        ^
../kernel/trace/trace.h:327:3: note: expanded from macro 'trace_assign_type'
                IF_ASSIGN(var, ent, struct stack_entry, TRACE_STACK);   \
                ^
../kernel/trace/trace.h:303:14: note: expanded from macro 'IF_ASSIGN'
                WARN_ON(id && (entry)->type != id);     \
                           ^
../kernel/trace/trace_output.c:1229:2: warning: converting the enum constant to a boolean [-Wint-in-bool-context]
../kernel/trace/trace.h:328:3: note: expanded from macro 'trace_assign_type'
                IF_ASSIGN(var, ent, struct userstack_entry, TRACE_USER_STACK);\
                ^
../kernel/trace/trace.h:303:14: note: expanded from macro 'IF_ASSIGN'
                WARN_ON(id && (entry)->type != id);     \
                           ^
../kernel/trace/trace_output.c:1229:2: warning: converting the enum constant to a boolean [-Wint-in-bool-context]
../kernel/trace/trace.h:329:3: note: expanded from macro 'trace_assign_type'
                IF_ASSIGN(var, ent, struct print_entry, TRACE_PRINT);   \
                ^
../kernel/trace/trace.h:303:14: note: expanded from macro 'IF_ASSIGN'
                WARN_ON(id && (entry)->type != id);     \
                           ^
../kernel/trace/trace_output.c:1229:2: warning: converting the enum constant to a boolean [-Wint-in-bool-context]
../kernel/trace/trace.h:330:3: note: expanded from macro 'trace_assign_type'
                IF_ASSIGN(var, ent, struct bprint_entry, TRACE_BPRINT); \
                ^
../kernel/trace/trace.h:303:14: note: expanded from macro 'IF_ASSIGN'
                WARN_ON(id && (entry)->type != id);     \
                           ^
../kernel/trace/trace_output.c:1229:2: warning: converting the enum constant to a boolean [-Wint-in-bool-context]
../kernel/trace/trace.h:331:3: note: expanded from macro 'trace_assign_type'
                IF_ASSIGN(var, ent, struct bputs_entry, TRACE_BPUTS);   \
                ^
../kernel/trace/trace.h:303:14: note: expanded from macro 'IF_ASSIGN'
                WARN_ON(id && (entry)->type != id);     \
                           ^
../kernel/trace/trace_output.c:1229:2: warning: converting the enum constant to a boolean [-Wint-in-bool-context]
../kernel/trace/trace.h:332:3: note: expanded from macro 'trace_assign_type'
                IF_ASSIGN(var, ent, struct hwlat_entry, TRACE_HWLAT);   \
                ^
../kernel/trace/trace.h:303:14: note: expanded from macro 'IF_ASSIGN'
                WARN_ON(id && (entry)->type != id);     \
                           ^
../kernel/trace/trace_output.c:1229:2: warning: converting the enum constant to a boolean [-Wint-in-bool-context]
../kernel/trace/trace.h:333:3: note: expanded from macro 'trace_assign_type'
                IF_ASSIGN(var, ent, struct trace_mmiotrace_rw,          \
                ^
../kernel/trace/trace.h:303:14: note: expanded from macro 'IF_ASSIGN'
                WARN_ON(id && (entry)->type != id);     \
                           ^
../kernel/trace/trace_output.c:1229:2: warning: converting the enum constant to a boolean [-Wint-in-bool-context]
../kernel/trace/trace.h:335:3: note: expanded from macro 'trace_assign_type'
                IF_ASSIGN(var, ent, struct trace_mmiotrace_map,         \
                ^
../kernel/trace/trace.h:303:14: note: expanded from macro 'IF_ASSIGN'
                WARN_ON(id && (entry)->type != id);     \
                           ^
../kernel/trace/trace_output.c:1229:2: warning: converting the enum constant to a boolean [-Wint-in-bool-context]
../kernel/trace/trace.h:337:3: note: expanded from macro 'trace_assign_type'
                IF_ASSIGN(var, ent, struct trace_branch, TRACE_BRANCH); \
                ^
../kernel/trace/trace.h:303:14: note: expanded from macro 'IF_ASSIGN'
                WARN_ON(id && (entry)->type != id);     \
                           ^
../kernel/trace/trace_output.c:1229:2: warning: converting the enum constant to a boolean [-Wint-in-bool-context]
../kernel/trace/trace.h:338:3: note: expanded from macro 'trace_assign_type'
                IF_ASSIGN(var, ent, struct ftrace_graph_ent_entry,      \
                ^
../kernel/trace/trace.h:303:14: note: expanded from macro 'IF_ASSIGN'
                WARN_ON(id && (entry)->type != id);     \
                           ^
../kernel/trace/trace_output.c:1229:2: warning: converting the enum constant to a boolean [-Wint-in-bool-context]
../kernel/trace/trace.h:340:3: note: expanded from macro 'trace_assign_type'
                IF_ASSIGN(var, ent, struct ftrace_graph_ret_entry,      \
                ^
../kernel/trace/trace.h:303:14: note: expanded from macro 'IF_ASSIGN'
                WARN_ON(id && (entry)->type != id);     \
                           ^
../kernel/trace/trace_output.c:1288:2: warning: converting the enum constant to a boolean [-Wint-in-bool-context]
        trace_assign_type(field, entry);
        ^
../kernel/trace/trace.h:327:3: note: expanded from macro 'trace_assign_type'
                IF_ASSIGN(var, ent, struct stack_entry, TRACE_STACK);   \
                ^
../kernel/trace/trace.h:303:14: note: expanded from macro 'IF_ASSIGN'
                WARN_ON(id && (entry)->type != id);     \
                           ^
../kernel/trace/trace_output.c:1288:2: warning: converting the enum constant to a boolean [-Wint-in-bool-context]
../kernel/trace/trace.h:328:3: note: expanded from macro 'trace_assign_type'
                IF_ASSIGN(var, ent, struct userstack_entry, TRACE_USER_STACK);\
                ^
../kernel/trace/trace.h:303:14: note: expanded from macro 'IF_ASSIGN'
                WARN_ON(id && (entry)->type != id);     \
                           ^
../kernel/trace/trace_output.c:1288:2: warning: converting the enum constant to a boolean [-Wint-in-bool-context]
../kernel/trace/trace.h:329:3: note: expanded from macro 'trace_assign_type'
                IF_ASSIGN(var, ent, struct print_entry, TRACE_PRINT);   \
                ^
../kernel/trace/trace.h:303:14: note: expanded from macro 'IF_ASSIGN'
                WARN_ON(id && (entry)->type != id);     \
                           ^
../kernel/trace/trace_output.c:1288:2: warning: converting the enum constant to a boolean [-Wint-in-bool-context]
../kernel/trace/trace.h:330:3: note: expanded from macro 'trace_assign_type'
                IF_ASSIGN(var, ent, struct bprint_entry, TRACE_BPRINT); \
                ^
../kernel/trace/trace.h:303:14: note: expanded from macro 'IF_ASSIGN'
                WARN_ON(id && (entry)->type != id);     \
                           ^
../kernel/trace/trace_output.c:1288:2: warning: converting the enum constant to a boolean [-Wint-in-bool-context]
../kernel/trace/trace.h:331:3: note: expanded from macro 'trace_assign_type'
                IF_ASSIGN(var, ent, struct bputs_entry, TRACE_BPUTS);   \
                ^
../kernel/trace/trace.h:303:14: note: expanded from macro 'IF_ASSIGN'
                WARN_ON(id && (entry)->type != id);     \
                           ^
../kernel/trace/trace_output.c:1288:2: warning: converting the enum constant to a boolean [-Wint-in-bool-context]
../kernel/trace/trace.h:332:3: note: expanded from macro 'trace_assign_type'
                IF_ASSIGN(var, ent, struct hwlat_entry, TRACE_HWLAT);   \
                ^
../kernel/trace/trace.h:303:14: note: expanded from macro 'IF_ASSIGN'
                WARN_ON(id && (entry)->type != id);     \
                           ^
../kernel/trace/trace_output.c:1288:2: warning: converting the enum constant to a boolean [-Wint-in-bool-context]
../kernel/trace/trace.h:333:3: note: expanded from macro 'trace_assign_type'
                IF_ASSIGN(var, ent, struct trace_mmiotrace_rw,          \
                ^
../kernel/trace/trace.h:303:14: note: expanded from macro 'IF_ASSIGN'
                WARN_ON(id && (entry)->type != id);     \
                           ^
../kernel/trace/trace_output.c:1288:2: warning: converting the enum constant to a boolean [-Wint-in-bool-context]
../kernel/trace/trace.h:335:3: note: expanded from macro 'trace_assign_type'
                IF_ASSIGN(var, ent, struct trace_mmiotrace_map,         \
                ^
../kernel/trace/trace.h:303:14: note: expanded from macro 'IF_ASSIGN'
                WARN_ON(id && (entry)->type != id);     \
                           ^
../kernel/trace/trace_output.c:1288:2: warning: converting the enum constant to a boolean [-Wint-in-bool-context]
../kernel/trace/trace.h:337:3: note: expanded from macro 'trace_assign_type'
                IF_ASSIGN(var, ent, struct trace_branch, TRACE_BRANCH); \
                ^
../kernel/trace/trace.h:303:14: note: expanded from macro 'IF_ASSIGN'
                WARN_ON(id && (entry)->type != id);     \
                           ^
../kernel/trace/trace_output.c:1288:2: warning: converting the enum constant to a boolean [-Wint-in-bool-context]
../kernel/trace/trace.h:338:3: note: expanded from macro 'trace_assign_type'
                IF_ASSIGN(var, ent, struct ftrace_graph_ent_entry,      \
                ^
../kernel/trace/trace.h:303:14: note: expanded from macro 'IF_ASSIGN'
                WARN_ON(id && (entry)->type != id);     \
                           ^
../kernel/trace/trace_output.c:1288:2: warning: converting the enum constant to a boolean [-Wint-in-bool-context]
../kernel/trace/trace.h:340:3: note: expanded from macro 'trace_assign_type'
                IF_ASSIGN(var, ent, struct ftrace_graph_ret_entry,      \
                ^
../kernel/trace/trace.h:303:14: note: expanded from macro 'IF_ASSIGN'
                WARN_ON(id && (entry)->type != id);     \
                           ^
../kernel/trace/trace_output.c:1322:2: warning: converting the enum constant to a boolean [-Wint-in-bool-context]
        trace_assign_type(field, iter->ent);
        ^
../kernel/trace/trace.h:327:3: note: expanded from macro 'trace_assign_type'
                IF_ASSIGN(var, ent, struct stack_entry, TRACE_STACK);   \
                ^
../kernel/trace/trace.h:303:14: note: expanded from macro 'IF_ASSIGN'
                WARN_ON(id && (entry)->type != id);     \
                           ^
../kernel/trace/trace_output.c:1322:2: warning: converting the enum constant to a boolean [-Wint-in-bool-context]
../kernel/trace/trace.h:328:3: note: expanded from macro 'trace_assign_type'
                IF_ASSIGN(var, ent, struct userstack_entry, TRACE_USER_STACK);\
                ^
../kernel/trace/trace.h:303:14: note: expanded from macro 'IF_ASSIGN'
                WARN_ON(id && (entry)->type != id);     \
                           ^
../kernel/trace/trace_output.c:1322:2: warning: converting the enum constant to a boolean [-Wint-in-bool-context]
../kernel/trace/trace.h:329:3: note: expanded from macro 'trace_assign_type'
                IF_ASSIGN(var, ent, struct print_entry, TRACE_PRINT);   \
                ^
../kernel/trace/trace.h:303:14: note: expanded from macro 'IF_ASSIGN'
                WARN_ON(id && (entry)->type != id);     \
                           ^
../kernel/trace/trace_output.c:1322:2: warning: converting the enum constant to a boolean [-Wint-in-bool-context]
../kernel/trace/trace.h:330:3: note: expanded from macro 'trace_assign_type'
                IF_ASSIGN(var, ent, struct bprint_entry, TRACE_BPRINT); \
                ^
../kernel/trace/trace.h:303:14: note: expanded from macro 'IF_ASSIGN'
                WARN_ON(id && (entry)->type != id);     \
                           ^
../kernel/trace/trace_output.c:1322:2: warning: converting the enum constant to a boolean [-Wint-in-bool-context]
../kernel/trace/trace.h:331:3: note: expanded from macro 'trace_assign_type'
                IF_ASSIGN(var, ent, struct bputs_entry, TRACE_BPUTS);   \
                ^
../kernel/trace/trace.h:303:14: note: expanded from macro 'IF_ASSIGN'
                WARN_ON(id && (entry)->type != id);     \
                           ^
../kernel/trace/trace_output.c:1322:2: warning: converting the enum constant to a boolean [-Wint-in-bool-context]
../kernel/trace/trace.h:332:3: note: expanded from macro 'trace_assign_type'
                IF_ASSIGN(var, ent, struct hwlat_entry, TRACE_HWLAT);   \
                ^
../kernel/trace/trace.h:303:14: note: expanded from macro 'IF_ASSIGN'
                WARN_ON(id && (entry)->type != id);     \
                           ^
../kernel/trace/trace_output.c:1322:2: warning: converting the enum constant to a boolean [-Wint-in-bool-context]
../kernel/trace/trace.h:333:3: note: expanded from macro 'trace_assign_type'
                IF_ASSIGN(var, ent, struct trace_mmiotrace_rw,          \
                ^
../kernel/trace/trace.h:303:14: note: expanded from macro 'IF_ASSIGN'
                WARN_ON(id && (entry)->type != id);     \
                           ^
../kernel/trace/trace_output.c:1322:2: warning: converting the enum constant to a boolean [-Wint-in-bool-context]
../kernel/trace/trace.h:335:3: note: expanded from macro 'trace_assign_type'
                IF_ASSIGN(var, ent, struct trace_mmiotrace_map,         \
                ^
../kernel/trace/trace.h:303:14: note: expanded from macro 'IF_ASSIGN'
                WARN_ON(id && (entry)->type != id);     \
                           ^
../kernel/trace/trace_output.c:1322:2: warning: converting the enum constant to a boolean [-Wint-in-bool-context]
../kernel/trace/trace.h:337:3: note: expanded from macro 'trace_assign_type'
                IF_ASSIGN(var, ent, struct trace_branch, TRACE_BRANCH); \
                ^
../kernel/trace/trace.h:303:14: note: expanded from macro 'IF_ASSIGN'
                WARN_ON(id && (entry)->type != id);     \
                           ^
../kernel/trace/trace_output.c:1322:2: warning: converting the enum constant to a boolean [-Wint-in-bool-context]
../kernel/trace/trace.h:338:3: note: expanded from macro 'trace_assign_type'
                IF_ASSIGN(var, ent, struct ftrace_graph_ent_entry,      \
                ^
../kernel/trace/trace.h:303:14: note: expanded from macro 'IF_ASSIGN'
                WARN_ON(id && (entry)->type != id);     \
                           ^
../kernel/trace/trace_output.c:1322:2: warning: converting the enum constant to a boolean [-Wint-in-bool-context]
../kernel/trace/trace.h:340:3: note: expanded from macro 'trace_assign_type'
                IF_ASSIGN(var, ent, struct ftrace_graph_ret_entry,      \
                ^
../kernel/trace/trace.h:303:14: note: expanded from macro 'IF_ASSIGN'
                WARN_ON(id && (entry)->type != id);     \
                           ^
../kernel/trace/trace_output.c:1353:2: warning: converting the enum constant to a boolean [-Wint-in-bool-context]
        trace_assign_type(field, entry);
        ^
../kernel/trace/trace.h:327:3: note: expanded from macro 'trace_assign_type'
                IF_ASSIGN(var, ent, struct stack_entry, TRACE_STACK);   \
                ^
../kernel/trace/trace.h:303:14: note: expanded from macro 'IF_ASSIGN'
                WARN_ON(id && (entry)->type != id);     \
                           ^
../kernel/trace/trace_output.c:1353:2: warning: converting the enum constant to a boolean [-Wint-in-bool-context]
../kernel/trace/trace.h:328:3: note: expanded from macro 'trace_assign_type'
                IF_ASSIGN(var, ent, struct userstack_entry, TRACE_USER_STACK);\
                ^
../kernel/trace/trace.h:303:14: note: expanded from macro 'IF_ASSIGN'
                WARN_ON(id && (entry)->type != id);     \
                           ^
../kernel/trace/trace_output.c:1353:2: warning: converting the enum constant to a boolean [-Wint-in-bool-context]
../kernel/trace/trace.h:329:3: note: expanded from macro 'trace_assign_type'
                IF_ASSIGN(var, ent, struct print_entry, TRACE_PRINT);   \
                ^
../kernel/trace/trace.h:303:14: note: expanded from macro 'IF_ASSIGN'
                WARN_ON(id && (entry)->type != id);     \
                           ^
../kernel/trace/trace_output.c:1353:2: warning: converting the enum constant to a boolean [-Wint-in-bool-context]
../kernel/trace/trace.h:330:3: note: expanded from macro 'trace_assign_type'
                IF_ASSIGN(var, ent, struct bprint_entry, TRACE_BPRINT); \
                ^
../kernel/trace/trace.h:303:14: note: expanded from macro 'IF_ASSIGN'
                WARN_ON(id && (entry)->type != id);     \
                           ^
../kernel/trace/trace_output.c:1353:2: warning: converting the enum constant to a boolean [-Wint-in-bool-context]
../kernel/trace/trace.h:331:3: note: expanded from macro 'trace_assign_type'
                IF_ASSIGN(var, ent, struct bputs_entry, TRACE_BPUTS);   \
                ^
../kernel/trace/trace.h:303:14: note: expanded from macro 'IF_ASSIGN'
                WARN_ON(id && (entry)->type != id);     \
                           ^
../kernel/trace/trace_output.c:1353:2: warning: converting the enum constant to a boolean [-Wint-in-bool-context]
../kernel/trace/trace.h:332:3: note: expanded from macro 'trace_assign_type'
                IF_ASSIGN(var, ent, struct hwlat_entry, TRACE_HWLAT);   \
                ^
../kernel/trace/trace.h:303:14: note: expanded from macro 'IF_ASSIGN'
                WARN_ON(id && (entry)->type != id);     \
                           ^
../kernel/trace/trace_output.c:1353:2: warning: converting the enum constant to a boolean [-Wint-in-bool-context]
../kernel/trace/trace.h:333:3: note: expanded from macro 'trace_assign_type'
                IF_ASSIGN(var, ent, struct trace_mmiotrace_rw,          \
                ^
../kernel/trace/trace.h:303:14: note: expanded from macro 'IF_ASSIGN'
                WARN_ON(id && (entry)->type != id);     \
                           ^
../kernel/trace/trace_output.c:1353:2: warning: converting the enum constant to a boolean [-Wint-in-bool-context]
../kernel/trace/trace.h:335:3: note: expanded from macro 'trace_assign_type'
                IF_ASSIGN(var, ent, struct trace_mmiotrace_map,         \
                ^
../kernel/trace/trace.h:303:14: note: expanded from macro 'IF_ASSIGN'
                WARN_ON(id && (entry)->type != id);     \
                           ^
../kernel/trace/trace_output.c:1353:2: warning: converting the enum constant to a boolean [-Wint-in-bool-context]
../kernel/trace/trace.h:337:3: note: expanded from macro 'trace_assign_type'
                IF_ASSIGN(var, ent, struct trace_branch, TRACE_BRANCH); \
                ^
../kernel/trace/trace.h:303:14: note: expanded from macro 'IF_ASSIGN'
                WARN_ON(id && (entry)->type != id);     \
                           ^
../kernel/trace/trace_output.c:1353:2: warning: converting the enum constant to a boolean [-Wint-in-bool-context]
../kernel/trace/trace.h:338:3: note: expanded from macro 'trace_assign_type'
                IF_ASSIGN(var, ent, struct ftrace_graph_ent_entry,      \
                ^
../kernel/trace/trace.h:303:14: note: expanded from macro 'IF_ASSIGN'
                WARN_ON(id && (entry)->type != id);     \
                           ^
../kernel/trace/trace_output.c:1353:2: warning: converting the enum constant to a boolean [-Wint-in-bool-context]
../kernel/trace/trace.h:340:3: note: expanded from macro 'trace_assign_type'
                IF_ASSIGN(var, ent, struct ftrace_graph_ret_entry,      \
                ^
../kernel/trace/trace.h:303:14: note: expanded from macro 'IF_ASSIGN'
                WARN_ON(id && (entry)->type != id);     \
                           ^
../kernel/trace/trace_output.c:1370:2: warning: converting the enum constant to a boolean [-Wint-in-bool-context]
        trace_assign_type(field, iter->ent);
        ^
../kernel/trace/trace.h:327:3: note: expanded from macro 'trace_assign_type'
                IF_ASSIGN(var, ent, struct stack_entry, TRACE_STACK);   \
                ^
../kernel/trace/trace.h:303:14: note: expanded from macro 'IF_ASSIGN'
                WARN_ON(id && (entry)->type != id);     \
                           ^
../kernel/trace/trace_output.c:1370:2: warning: converting the enum constant to a boolean [-Wint-in-bool-context]
../kernel/trace/trace.h:328:3: note: expanded from macro 'trace_assign_type'
                IF_ASSIGN(var, ent, struct userstack_entry, TRACE_USER_STACK);\
                ^
../kernel/trace/trace.h:303:14: note: expanded from macro 'IF_ASSIGN'
                WARN_ON(id && (entry)->type != id);     \
                           ^
../kernel/trace/trace_output.c:1370:2: warning: converting the enum constant to a boolean [-Wint-in-bool-context]
../kernel/trace/trace.h:329:3: note: expanded from macro 'trace_assign_type'
                IF_ASSIGN(var, ent, struct print_entry, TRACE_PRINT);   \
                ^
../kernel/trace/trace.h:303:14: note: expanded from macro 'IF_ASSIGN'
                WARN_ON(id && (entry)->type != id);     \
                           ^
../kernel/trace/trace_output.c:1370:2: warning: converting the enum constant to a boolean [-Wint-in-bool-context]
../kernel/trace/trace.h:330:3: note: expanded from macro 'trace_assign_type'
                IF_ASSIGN(var, ent, struct bprint_entry, TRACE_BPRINT); \
                ^
../kernel/trace/trace.h:303:14: note: expanded from macro 'IF_ASSIGN'
                WARN_ON(id && (entry)->type != id);     \
                           ^
../kernel/trace/trace_output.c:1370:2: warning: converting the enum constant to a boolean [-Wint-in-bool-context]
../kernel/trace/trace.h:331:3: note: expanded from macro 'trace_assign_type'
                IF_ASSIGN(var, ent, struct bputs_entry, TRACE_BPUTS);   \
                ^
../kernel/trace/trace.h:303:14: note: expanded from macro 'IF_ASSIGN'
                WARN_ON(id && (entry)->type != id);     \
                           ^
../kernel/trace/trace_output.c:1370:2: warning: converting the enum constant to a boolean [-Wint-in-bool-context]
../kernel/trace/trace.h:332:3: note: expanded from macro 'trace_assign_type'
                IF_ASSIGN(var, ent, struct hwlat_entry, TRACE_HWLAT);   \
                ^
../kernel/trace/trace.h:303:14: note: expanded from macro 'IF_ASSIGN'
                WARN_ON(id && (entry)->type != id);     \
                           ^
../kernel/trace/trace_output.c:1370:2: warning: converting the enum constant to a boolean [-Wint-in-bool-context]
../kernel/trace/trace.h:333:3: note: expanded from macro 'trace_assign_type'
                IF_ASSIGN(var, ent, struct trace_mmiotrace_rw,          \
                ^
../kernel/trace/trace.h:303:14: note: expanded from macro 'IF_ASSIGN'
                WARN_ON(id && (entry)->type != id);     \
                           ^
../kernel/trace/trace_output.c:1370:2: warning: converting the enum constant to a boolean [-Wint-in-bool-context]
../kernel/trace/trace.h:335:3: note: expanded from macro 'trace_assign_type'
                IF_ASSIGN(var, ent, struct trace_mmiotrace_map,         \
                ^
../kernel/trace/trace.h:303:14: note: expanded from macro 'IF_ASSIGN'
                WARN_ON(id && (entry)->type != id);     \
                           ^
../kernel/trace/trace_output.c:1370:2: warning: converting the enum constant to a boolean [-Wint-in-bool-context]
../kernel/trace/trace.h:337:3: note: expanded from macro 'trace_assign_type'
                IF_ASSIGN(var, ent, struct trace_branch, TRACE_BRANCH); \
                ^
../kernel/trace/trace.h:303:14: note: expanded from macro 'IF_ASSIGN'
                WARN_ON(id && (entry)->type != id);     \
                           ^
../kernel/trace/trace_output.c:1370:2: warning: converting the enum constant to a boolean [-Wint-in-bool-context]
../kernel/trace/trace.h:338:3: note: expanded from macro 'trace_assign_type'
                IF_ASSIGN(var, ent, struct ftrace_graph_ent_entry,      \
                ^
../kernel/trace/trace.h:303:14: note: expanded from macro 'IF_ASSIGN'
                WARN_ON(id && (entry)->type != id);     \
                           ^
../kernel/trace/trace_output.c:1370:2: warning: converting the enum constant to a boolean [-Wint-in-bool-context]
../kernel/trace/trace.h:340:3: note: expanded from macro 'trace_assign_type'
                IF_ASSIGN(var, ent, struct ftrace_graph_ret_entry,      \
                ^
../kernel/trace/trace.h:303:14: note: expanded from macro 'IF_ASSIGN'
                WARN_ON(id && (entry)->type != id);     \
                           ^
../kernel/trace/trace_output.c:1397:2: warning: converting the enum constant to a boolean [-Wint-in-bool-context]
        trace_assign_type(field, entry);
        ^
../kernel/trace/trace.h:327:3: note: expanded from macro 'trace_assign_type'
                IF_ASSIGN(var, ent, struct stack_entry, TRACE_STACK);   \
                ^
../kernel/trace/trace.h:303:14: note: expanded from macro 'IF_ASSIGN'
                WARN_ON(id && (entry)->type != id);     \
                           ^
../kernel/trace/trace_output.c:1397:2: warning: converting the enum constant to a boolean [-Wint-in-bool-context]
../kernel/trace/trace.h:328:3: note: expanded from macro 'trace_assign_type'
                IF_ASSIGN(var, ent, struct userstack_entry, TRACE_USER_STACK);\
                ^
../kernel/trace/trace.h:303:14: note: expanded from macro 'IF_ASSIGN'
                WARN_ON(id && (entry)->type != id);     \
                           ^
../kernel/trace/trace_output.c:1397:2: warning: converting the enum constant to a boolean [-Wint-in-bool-context]
../kernel/trace/trace.h:329:3: note: expanded from macro 'trace_assign_type'
                IF_ASSIGN(var, ent, struct print_entry, TRACE_PRINT);   \
                ^
../kernel/trace/trace.h:303:14: note: expanded from macro 'IF_ASSIGN'
                WARN_ON(id && (entry)->type != id);     \
                           ^
../kernel/trace/trace_output.c:1397:2: warning: converting the enum constant to a boolean [-Wint-in-bool-context]
../kernel/trace/trace.h:330:3: note: expanded from macro 'trace_assign_type'
                IF_ASSIGN(var, ent, struct bprint_entry, TRACE_BPRINT); \
                ^
../kernel/trace/trace.h:303:14: note: expanded from macro 'IF_ASSIGN'
                WARN_ON(id && (entry)->type != id);     \
                           ^
../kernel/trace/trace_output.c:1397:2: warning: converting the enum constant to a boolean [-Wint-in-bool-context]
../kernel/trace/trace.h:331:3: note: expanded from macro 'trace_assign_type'
                IF_ASSIGN(var, ent, struct bputs_entry, TRACE_BPUTS);   \
                ^
../kernel/trace/trace.h:303:14: note: expanded from macro 'IF_ASSIGN'
                WARN_ON(id && (entry)->type != id);     \
                           ^
../kernel/trace/trace_output.c:1397:2: warning: converting the enum constant to a boolean [-Wint-in-bool-context]
../kernel/trace/trace.h:332:3: note: expanded from macro 'trace_assign_type'
                IF_ASSIGN(var, ent, struct hwlat_entry, TRACE_HWLAT);   \
                ^
../kernel/trace/trace.h:303:14: note: expanded from macro 'IF_ASSIGN'
                WARN_ON(id && (entry)->type != id);     \
                           ^
../kernel/trace/trace_output.c:1397:2: warning: converting the enum constant to a boolean [-Wint-in-bool-context]
../kernel/trace/trace.h:333:3: note: expanded from macro 'trace_assign_type'
                IF_ASSIGN(var, ent, struct trace_mmiotrace_rw,          \
                ^
../kernel/trace/trace.h:303:14: note: expanded from macro 'IF_ASSIGN'
                WARN_ON(id && (entry)->type != id);     \
                           ^
../kernel/trace/trace_output.c:1397:2: warning: converting the enum constant to a boolean [-Wint-in-bool-context]
../kernel/trace/trace.h:335:3: note: expanded from macro 'trace_assign_type'
                IF_ASSIGN(var, ent, struct trace_mmiotrace_map,         \
                ^
../kernel/trace/trace.h:303:14: note: expanded from macro 'IF_ASSIGN'
                WARN_ON(id && (entry)->type != id);     \
                           ^
../kernel/trace/trace_output.c:1397:2: warning: converting the enum constant to a boolean [-Wint-in-bool-context]
../kernel/trace/trace.h:337:3: note: expanded from macro 'trace_assign_type'
                IF_ASSIGN(var, ent, struct trace_branch, TRACE_BRANCH); \
                ^
../kernel/trace/trace.h:303:14: note: expanded from macro 'IF_ASSIGN'
                WARN_ON(id && (entry)->type != id);     \
                           ^
../kernel/trace/trace_output.c:1397:2: warning: converting the enum constant to a boolean [-Wint-in-bool-context]
../kernel/trace/trace.h:338:3: note: expanded from macro 'trace_assign_type'
                IF_ASSIGN(var, ent, struct ftrace_graph_ent_entry,      \
                ^
../kernel/trace/trace.h:303:14: note: expanded from macro 'IF_ASSIGN'
                WARN_ON(id && (entry)->type != id);     \
                           ^
../kernel/trace/trace_output.c:1397:2: warning: converting the enum constant to a boolean [-Wint-in-bool-context]
../kernel/trace/trace.h:340:3: note: expanded from macro 'trace_assign_type'
                IF_ASSIGN(var, ent, struct ftrace_graph_ret_entry,      \
                ^
../kernel/trace/trace.h:303:14: note: expanded from macro 'IF_ASSIGN'
                WARN_ON(id && (entry)->type != id);     \
                           ^
../kernel/trace/trace_output.c:1414:2: warning: converting the enum constant to a boolean [-Wint-in-bool-context]
        trace_assign_type(field, iter->ent);
        ^
../kernel/trace/trace.h:327:3: note: expanded from macro 'trace_assign_type'
                IF_ASSIGN(var, ent, struct stack_entry, TRACE_STACK);   \
                ^
../kernel/trace/trace.h:303:14: note: expanded from macro 'IF_ASSIGN'
                WARN_ON(id && (entry)->type != id);     \
                           ^
../kernel/trace/trace_output.c:1414:2: warning: converting the enum constant to a boolean [-Wint-in-bool-context]
../kernel/trace/trace.h:328:3: note: expanded from macro 'trace_assign_type'
                IF_ASSIGN(var, ent, struct userstack_entry, TRACE_USER_STACK);\
                ^
../kernel/trace/trace.h:303:14: note: expanded from macro 'IF_ASSIGN'
                WARN_ON(id && (entry)->type != id);     \
                           ^
../kernel/trace/trace_output.c:1414:2: warning: converting the enum constant to a boolean [-Wint-in-bool-context]
../kernel/trace/trace.h:329:3: note: expanded from macro 'trace_assign_type'
                IF_ASSIGN(var, ent, struct print_entry, TRACE_PRINT);   \
                ^
../kernel/trace/trace.h:303:14: note: expanded from macro 'IF_ASSIGN'
                WARN_ON(id && (entry)->type != id);     \
                           ^
../kernel/trace/trace_output.c:1414:2: warning: converting the enum constant to a boolean [-Wint-in-bool-context]
../kernel/trace/trace.h:330:3: note: expanded from macro 'trace_assign_type'
                IF_ASSIGN(var, ent, struct bprint_entry, TRACE_BPRINT); \
                ^
../kernel/trace/trace.h:303:14: note: expanded from macro 'IF_ASSIGN'
                WARN_ON(id && (entry)->type != id);     \
                           ^
../kernel/trace/trace_output.c:1414:2: warning: converting the enum constant to a boolean [-Wint-in-bool-context]
../kernel/trace/trace.h:331:3: note: expanded from macro 'trace_assign_type'
                IF_ASSIGN(var, ent, struct bputs_entry, TRACE_BPUTS);   \
                ^
../kernel/trace/trace.h:303:14: note: expanded from macro 'IF_ASSIGN'
                WARN_ON(id && (entry)->type != id);     \
                           ^
../kernel/trace/trace_output.c:1414:2: warning: converting the enum constant to a boolean [-Wint-in-bool-context]
../kernel/trace/trace.h:332:3: note: expanded from macro 'trace_assign_type'
                IF_ASSIGN(var, ent, struct hwlat_entry, TRACE_HWLAT);   \
                ^
../kernel/trace/trace.h:303:14: note: expanded from macro 'IF_ASSIGN'
                WARN_ON(id && (entry)->type != id);     \
                           ^
../kernel/trace/trace_output.c:1414:2: warning: converting the enum constant to a boolean [-Wint-in-bool-context]
../kernel/trace/trace.h:333:3: note: expanded from macro 'trace_assign_type'
                IF_ASSIGN(var, ent, struct trace_mmiotrace_rw,          \
                ^
../kernel/trace/trace.h:303:14: note: expanded from macro 'IF_ASSIGN'
                WARN_ON(id && (entry)->type != id);     \
                           ^
../kernel/trace/trace_output.c:1414:2: warning: converting the enum constant to a boolean [-Wint-in-bool-context]
../kernel/trace/trace.h:335:3: note: expanded from macro 'trace_assign_type'
                IF_ASSIGN(var, ent, struct trace_mmiotrace_map,         \
                ^
../kernel/trace/trace.h:303:14: note: expanded from macro 'IF_ASSIGN'
                WARN_ON(id && (entry)->type != id);     \
                           ^
../kernel/trace/trace_output.c:1414:2: warning: converting the enum constant to a boolean [-Wint-in-bool-context]
../kernel/trace/trace.h:337:3: note: expanded from macro 'trace_assign_type'
                IF_ASSIGN(var, ent, struct trace_branch, TRACE_BRANCH); \
                ^
../kernel/trace/trace.h:303:14: note: expanded from macro 'IF_ASSIGN'
                WARN_ON(id && (entry)->type != id);     \
                           ^
../kernel/trace/trace_output.c:1414:2: warning: converting the enum constant to a boolean [-Wint-in-bool-context]
../kernel/trace/trace.h:338:3: note: expanded from macro 'trace_assign_type'
                IF_ASSIGN(var, ent, struct ftrace_graph_ent_entry,      \
                ^
../kernel/trace/trace.h:303:14: note: expanded from macro 'IF_ASSIGN'
                WARN_ON(id && (entry)->type != id);     \
                           ^
../kernel/trace/trace_output.c:1414:2: warning: converting the enum constant to a boolean [-Wint-in-bool-context]
../kernel/trace/trace.h:340:3: note: expanded from macro 'trace_assign_type'
                IF_ASSIGN(var, ent, struct ftrace_graph_ret_entry,      \
                ^
../kernel/trace/trace.h:303:14: note: expanded from macro 'IF_ASSIGN'
                WARN_ON(id && (entry)->type != id);     \
                           ^
../kernel/trace/trace_output.c:1439:2: warning: converting the enum constant to a boolean [-Wint-in-bool-context]
        trace_assign_type(field, iter->ent);
        ^
../kernel/trace/trace.h:327:3: note: expanded from macro 'trace_assign_type'
                IF_ASSIGN(var, ent, struct stack_entry, TRACE_STACK);   \
                ^
../kernel/trace/trace.h:303:14: note: expanded from macro 'IF_ASSIGN'
                WARN_ON(id && (entry)->type != id);     \
                           ^
../kernel/trace/trace_output.c:1439:2: warning: converting the enum constant to a boolean [-Wint-in-bool-context]
../kernel/trace/trace.h:328:3: note: expanded from macro 'trace_assign_type'
                IF_ASSIGN(var, ent, struct userstack_entry, TRACE_USER_STACK);\
                ^
../kernel/trace/trace.h:303:14: note: expanded from macro 'IF_ASSIGN'
                WARN_ON(id && (entry)->type != id);     \
                           ^
../kernel/trace/trace_output.c:1439:2: warning: converting the enum constant to a boolean [-Wint-in-bool-context]
../kernel/trace/trace.h:329:3: note: expanded from macro 'trace_assign_type'
                IF_ASSIGN(var, ent, struct print_entry, TRACE_PRINT);   \
                ^
../kernel/trace/trace.h:303:14: note: expanded from macro 'IF_ASSIGN'
                WARN_ON(id && (entry)->type != id);     \
                           ^
../kernel/trace/trace_output.c:1439:2: warning: converting the enum constant to a boolean [-Wint-in-bool-context]
../kernel/trace/trace.h:330:3: note: expanded from macro 'trace_assign_type'
                IF_ASSIGN(var, ent, struct bprint_entry, TRACE_BPRINT); \
                ^
../kernel/trace/trace.h:303:14: note: expanded from macro 'IF_ASSIGN'
                WARN_ON(id && (entry)->type != id);     \
                           ^
../kernel/trace/trace_output.c:1439:2: warning: converting the enum constant to a boolean [-Wint-in-bool-context]
../kernel/trace/trace.h:331:3: note: expanded from macro 'trace_assign_type'
                IF_ASSIGN(var, ent, struct bputs_entry, TRACE_BPUTS);   \
                ^
../kernel/trace/trace.h:303:14: note: expanded from macro 'IF_ASSIGN'
                WARN_ON(id && (entry)->type != id);     \
                           ^
../kernel/trace/trace_output.c:1439:2: warning: converting the enum constant to a boolean [-Wint-in-bool-context]
../kernel/trace/trace.h:332:3: note: expanded from macro 'trace_assign_type'
                IF_ASSIGN(var, ent, struct hwlat_entry, TRACE_HWLAT);   \
                ^
../kernel/trace/trace.h:303:14: note: expanded from macro 'IF_ASSIGN'
                WARN_ON(id && (entry)->type != id);     \
                           ^
../kernel/trace/trace_output.c:1439:2: warning: converting the enum constant to a boolean [-Wint-in-bool-context]
../kernel/trace/trace.h:333:3: note: expanded from macro 'trace_assign_type'
                IF_ASSIGN(var, ent, struct trace_mmiotrace_rw,          \
                ^
../kernel/trace/trace.h:303:14: note: expanded from macro 'IF_ASSIGN'
                WARN_ON(id && (entry)->type != id);     \
                           ^
../kernel/trace/trace_output.c:1439:2: warning: converting the enum constant to a boolean [-Wint-in-bool-context]
../kernel/trace/trace.h:335:3: note: expanded from macro 'trace_assign_type'
                IF_ASSIGN(var, ent, struct trace_mmiotrace_map,         \
                ^
../kernel/trace/trace.h:303:14: note: expanded from macro 'IF_ASSIGN'
                WARN_ON(id && (entry)->type != id);     \
                           ^
../kernel/trace/trace_output.c:1439:2: warning: converting the enum constant to a boolean [-Wint-in-bool-context]
../kernel/trace/trace.h:337:3: note: expanded from macro 'trace_assign_type'
                IF_ASSIGN(var, ent, struct trace_branch, TRACE_BRANCH); \
                ^
../kernel/trace/trace.h:303:14: note: expanded from macro 'IF_ASSIGN'
                WARN_ON(id && (entry)->type != id);     \
                           ^
../kernel/trace/trace_output.c:1439:2: warning: converting the enum constant to a boolean [-Wint-in-bool-context]
../kernel/trace/trace.h:338:3: note: expanded from macro 'trace_assign_type'
                IF_ASSIGN(var, ent, struct ftrace_graph_ent_entry,      \
                ^
../kernel/trace/trace.h:303:14: note: expanded from macro 'IF_ASSIGN'
                WARN_ON(id && (entry)->type != id);     \
                           ^
../kernel/trace/trace_output.c:1439:2: warning: converting the enum constant to a boolean [-Wint-in-bool-context]
../kernel/trace/trace.h:340:3: note: expanded from macro 'trace_assign_type'
                IF_ASSIGN(var, ent, struct ftrace_graph_ret_entry,      \
                ^
../kernel/trace/trace.h:303:14: note: expanded from macro 'IF_ASSIGN'
                WARN_ON(id && (entry)->type != id);     \
                           ^
../kernel/trace/trace_output.c:1452:2: warning: converting the enum constant to a boolean [-Wint-in-bool-context]
        trace_assign_type(field, iter->ent);
        ^
../kernel/trace/trace.h:327:3: note: expanded from macro 'trace_assign_type'
                IF_ASSIGN(var, ent, struct stack_entry, TRACE_STACK);   \
                ^
../kernel/trace/trace.h:303:14: note: expanded from macro 'IF_ASSIGN'
                WARN_ON(id && (entry)->type != id);     \
                           ^
../kernel/trace/trace_output.c:1452:2: warning: converting the enum constant to a boolean [-Wint-in-bool-context]
../kernel/trace/trace.h:328:3: note: expanded from macro 'trace_assign_type'
                IF_ASSIGN(var, ent, struct userstack_entry, TRACE_USER_STACK);\
                ^
../kernel/trace/trace.h:303:14: note: expanded from macro 'IF_ASSIGN'
                WARN_ON(id && (entry)->type != id);     \
                           ^
../kernel/trace/trace_output.c:1452:2: warning: converting the enum constant to a boolean [-Wint-in-bool-context]
../kernel/trace/trace.h:329:3: note: expanded from macro 'trace_assign_type'
                IF_ASSIGN(var, ent, struct print_entry, TRACE_PRINT);   \
                ^
../kernel/trace/trace.h:303:14: note: expanded from macro 'IF_ASSIGN'
                WARN_ON(id && (entry)->type != id);     \
                           ^
../kernel/trace/trace_output.c:1452:2: warning: converting the enum constant to a boolean [-Wint-in-bool-context]
../kernel/trace/trace.h:330:3: note: expanded from macro 'trace_assign_type'
                IF_ASSIGN(var, ent, struct bprint_entry, TRACE_BPRINT); \
                ^
../kernel/trace/trace.h:303:14: note: expanded from macro 'IF_ASSIGN'
                WARN_ON(id && (entry)->type != id);     \
                           ^
../kernel/trace/trace_output.c:1452:2: warning: converting the enum constant to a boolean [-Wint-in-bool-context]
../kernel/trace/trace.h:331:3: note: expanded from macro 'trace_assign_type'
                IF_ASSIGN(var, ent, struct bputs_entry, TRACE_BPUTS);   \
                ^
../kernel/trace/trace.h:303:14: note: expanded from macro 'IF_ASSIGN'
                WARN_ON(id && (entry)->type != id);     \
                           ^
../kernel/trace/trace_output.c:1452:2: warning: converting the enum constant to a boolean [-Wint-in-bool-context]
../kernel/trace/trace.h:332:3: note: expanded from macro 'trace_assign_type'
                IF_ASSIGN(var, ent, struct hwlat_entry, TRACE_HWLAT);   \
                ^
../kernel/trace/trace.h:303:14: note: expanded from macro 'IF_ASSIGN'
                WARN_ON(id && (entry)->type != id);     \
                           ^
../kernel/trace/trace_output.c:1452:2: warning: converting the enum constant to a boolean [-Wint-in-bool-context]
../kernel/trace/trace.h:333:3: note: expanded from macro 'trace_assign_type'
                IF_ASSIGN(var, ent, struct trace_mmiotrace_rw,          \
                ^
../kernel/trace/trace.h:303:14: note: expanded from macro 'IF_ASSIGN'
                WARN_ON(id && (entry)->type != id);     \
                           ^
../kernel/trace/trace_output.c:1452:2: warning: converting the enum constant to a boolean [-Wint-in-bool-context]
../kernel/trace/trace.h:335:3: note: expanded from macro 'trace_assign_type'
                IF_ASSIGN(var, ent, struct trace_mmiotrace_map,         \
                ^
../kernel/trace/trace.h:303:14: note: expanded from macro 'IF_ASSIGN'
                WARN_ON(id && (entry)->type != id);     \
                           ^
../kernel/trace/trace_output.c:1452:2: warning: converting the enum constant to a boolean [-Wint-in-bool-context]
../kernel/trace/trace.h:337:3: note: expanded from macro 'trace_assign_type'
                IF_ASSIGN(var, ent, struct trace_branch, TRACE_BRANCH); \
                ^
../kernel/trace/trace.h:303:14: note: expanded from macro 'IF_ASSIGN'
                WARN_ON(id && (entry)->type != id);     \
                           ^
../kernel/trace/trace_output.c:1452:2: warning: converting the enum constant to a boolean [-Wint-in-bool-context]
../kernel/trace/trace.h:338:3: note: expanded from macro 'trace_assign_type'
                IF_ASSIGN(var, ent, struct ftrace_graph_ent_entry,      \
                ^
../kernel/trace/trace.h:303:14: note: expanded from macro 'IF_ASSIGN'
                WARN_ON(id && (entry)->type != id);     \
                           ^
../kernel/trace/trace_output.c:1452:2: warning: converting the enum constant to a boolean [-Wint-in-bool-context]
../kernel/trace/trace.h:340:3: note: expanded from macro 'trace_assign_type'
                IF_ASSIGN(var, ent, struct ftrace_graph_ret_entry,      \
                ^
../kernel/trace/trace.h:303:14: note: expanded from macro 'IF_ASSIGN'
                WARN_ON(id && (entry)->type != id);     \
                           ^
  CC      fs/fat/misc.o
  CC      net/core/sock.o
  CC      net/bridge/br_sysfs_if.o
319 warnings generated.
  CC      drivers/cpufreq/qcom-cpufreq.o
  CC      net/core/request_sock.o
  CC      kernel/trace/trace_seq.o
  CC      lib/gcd.o
  CC      fs/fat/nfs.o
  LD      kernel/sched/built-in.o
  CC      lib/lcm.o
  CC      lib/list_sort.o
  CC      drivers/cpuidle/cpuidle.o
  LD      drivers/cpufreq/built-in.o
  CC      lib/uuid.o
  CC      net/bridge/br_sysfs_br.o
  CC      drivers/crypto/msm/qce50.o
  CC      kernel/trace/trace_stat.o
  CC      fs/fat/namei_vfat.o
  CC      lib/flex_array.o
  CC      lib/iov_iter.o
  CC      kernel/trace/trace_printk.o
  CC      net/ethernet/eth.o
  CC      fs/fat/namei_msdos.o
  CC      drivers/cpuidle/driver.o
  CC      net/bridge/br_multicast.o
  LD      fs/fat/fat.o
  CC      kernel/trace/trace_sched_switch.o
  CC      net/core/skbuff.o
  LD      fs/fat/vfat.o
  CC      drivers/cpuidle/governor.o
  LD      fs/fat/msdos.o
  LD      fs/fat/built-in.o
  CC      fs/fuse/dev.o
  CC      drivers/cpuidle/sysfs.o
  LD      net/ethernet/built-in.o
  CC      drivers/cpuidle/governors/menu.o
  CC      kernel/trace/trace_cpu_freq_switch.o
  CC      lib/clz_ctz.o
  CC      lib/bsearch.o
  CC      kernel/stacktrace.o
  LD      drivers/cpuidle/governors/built-in.o
  CC      drivers/cpuidle/lpm-levels.o
  CC      drivers/crypto/msm/qcedev_smmu.o
  CC      kernel/trace/trace_nop.o
  CC      lib/find_bit.o
  CC      lib/llist.o
  CC      net/bridge/br_mdb.o
  CC      net/core/datagram.o
  CC      kernel/trace/blktrace.o
  CC      lib/memweight.o
  CC      lib/kfifo.o
  CC      drivers/crypto/msm/qcedev.o
  CC      fs/fuse/dir.o
  CC      lib/percpu-refcount.o
  CC      net/bridge/netfilter/ebtables.o
  CC      kernel/trace/trace_events.o
  CC      drivers/cpuidle/lpm-levels-of.o
  CC      fs/fuse/file.o
  CC      lib/percpu_ida.o
  CC      net/core/stream.o
  CC      net/ipc_router/ipc_router_core.o
  CC      lib/rhashtable.o
  LD      drivers/cpuidle/built-in.o
  CC      drivers/devfreq/devfreq.o
  CC      net/core/scm.o
  CC      kernel/trace/trace_export.o
  CC      drivers/devfreq/governor_simpleondemand.o
  CC      lib/reciprocal_div.o
  CC      net/bridge/netfilter/ebtable_broute.o
  CC      lib/once.o
  CC      kernel/trace/trace_event_perf.o
  CC      drivers/devfreq/governor_performance.o
  CC      fs/fuse/inode.o
  CC      net/ipc_router/ipc_router_socket.o
  CC      drivers/crypto/msm/qcrypto.o
  CC      drivers/devfreq/governor_powersave.o
  CC      lib/string_helpers.o
  LD      net/bridge/netfilter/built-in.o
  CC      net/core/gen_stats.o
  LD      net/bridge/bridge.o
  CC      drivers/devfreq/governor_userspace.o
  LD      net/bridge/built-in.o
  CC      kernel/trace/trace_events_filter.o
  CC      net/ipv4/route.o
  CC      lib/hexdump.o
  CC      drivers/devfreq/governor_cpufreq.o
  CC      fs/fuse/control.o
  CC      lib/kstrtox.o
  CC      net/ipc_router/ipc_router_security.o
  CC      drivers/devfreq/governor_msm_adreno_tz.o
  CC      fs/fuse/xattr.o
  CC      net/core/gen_estimator.o
  CC      lib/pci_iomap.o
  CC      drivers/devfreq/governor_bw_vbif.o
  CC      lib/iomap_copy.o
  CC      fs/fuse/acl.o
  CC      kernel/trace/trace_events_trigger.o
  CC      lib/devres.o
  CC      drivers/devfreq/governor_gpubw_mon.o
  LD      net/ipc_router/built-in.o
  CC      kernel/trace/power-traces.o
  CC      drivers/crypto/msm/ice.o
  CC      fs/fuse/passthrough.o
  CC      net/core/net_namespace.o
  CC      drivers/devfreq/bimc-bwmon.o
  CC      net/ipv4/inetpeer.o
  CC      lib/hweight.o
  LD      fs/fuse/fuse.o
  LD      fs/fuse/built-in.o
  CC      lib/assoc_array.o
  CC      fs/jbd2/transaction.o
  CC      drivers/dma/dmaengine.o
  CC      drivers/devfreq/governor_bw_hwmon.o
  LD      drivers/crypto/msm/qcedevice.o
  LD      drivers/crypto/msm/built-in.o
  LD      drivers/crypto/built-in.o
  CC      lib/bitrev.o
  CC      drivers/devfreq/governor_spdm_bw_hyp.o
  CC      lib/rational.o
  CC      net/core/secure_seq.o
  CC      lib/crc-ccitt.o
  CC      kernel/trace/rpm-traces.o
  CC      fs/jbd2/commit.o
  CC      drivers/devfreq/devfreq_devbw.o
  CC      drivers/dma/of-dma.o
  CC      net/ipv4/protocol.o
  CC      lib/crc16.o
  CC      net/core/flow_dissector.o
  CC      net/core/sysctl_net_core.o
  CC      drivers/devfreq/devfreq_simple_dev.o
  HOSTCC  lib/gen_crc32table
  CC      kernel/trace/ipc_logging.o
  CC      drivers/dma/qcom-sps-dma.o
  CC      lib/libcrc32c.o
  CC      fs/jbd2/recovery.o
  CC      net/ipv4/ip_input.o
  CC      drivers/devfreq/devfreq_spdm.o
  CC      lib/genalloc.o
  CC      drivers/dma-buf/dma-buf.o
  LD      drivers/dma/qcom/built-in.o
  LD      drivers/dma/xilinx/built-in.o
  LD      drivers/dma/built-in.o
  CC      kernel/trace/ipc_logging_debug.o
  CC      drivers/edac/edac_stub.o
  CC      fs/jbd2/checkpoint.o
  CC      drivers/devfreq/devfreq_spdm_debugfs.o
  CC      net/core/dev.o
  CC      lib/lz4/lz4_compress.o
  CC      drivers/edac/edac_mc.o
  CC      net/ipv4/ip_fragment.o
  LD      kernel/trace/built-in.o
  LD      drivers/devfreq/built-in.o
  CC      drivers/dma-buf/fence.o
  CC      kernel/futex.o
  CC      drivers/dma-buf/reservation.o
  CC      fs/jbd2/revoke.o
  CC      lib/lz4/lz4_decompress.o
  CC      lib/lzo/lzo1x_compress.o
  CC      fs/jbd2/journal.o
  CC      drivers/edac/edac_device.o
  LD      lib/lz4/built-in.o
  CC      drivers/edac/edac_mc_sysfs.o
  CC      drivers/dma-buf/seqno-fence.o
  CC      lib/lzo/lzo1x_decompress_safe.o
  CC      net/ipv4/ip_forward.o
  CC      kernel/futex_compat.o
  CC      drivers/extcon/extcon.o
  CC      drivers/edac/edac_module.o
  LD      lib/lzo/lzo_compress.o
  LD      lib/lzo/lzo_decompress.o
  LD      lib/lzo/built-in.o
  CC      drivers/dma-buf/fence-array.o
  CC      lib/mpi/generic_mpih-lshift.o
  CC      kernel/smp.o
  CC      net/ipv4/ip_options.o
  CC      lib/mpi/generic_mpih-mul1.o
  CC      drivers/dma-buf/sync_file.o
  CC      drivers/edac/edac_device_sysfs.o
  CC      lib/mpi/generic_mpih-mul2.o
  LD      fs/jbd2/jbd2.o
  CC      drivers/extcon/devres.o
  LD      fs/jbd2/built-in.o
  CC      fs/kernfs/mount.o
  CC      lib/mpi/generic_mpih-mul3.o
  CC      kernel/uid16.o
  CC      drivers/edac/wq.o
  LD      drivers/dma-buf/built-in.o
  LD      drivers/firewire/built-in.o
  CC      drivers/extcon/extcon-gpio.o
  CC      drivers/firmware/psci.o
  CC      fs/kernfs/inode.o
  CC      lib/mpi/generic_mpih-rshift.o
  CC      net/ipv4/ip_output.o
  LD      drivers/extcon/extcon-core.o
  CC      kernel/module.o
  LD      drivers/extcon/built-in.o
  CC      lib/mpi/generic_mpih-sub1.o
  CC      fs/nls/nls_base.o
  CC      drivers/firmware/dmi_scan.o
  LD      drivers/edac/edac_core.o
  CC      fs/kernfs/dir.o
  LD      drivers/edac/built-in.o
  CC      fs/notify/fsnotify.o
  CC      lib/mpi/generic_mpih-add1.o
../drivers/firmware/dmi_scan.c:392:41: warning: taking address of packed member 'handle' of class or structure 'dmi_header' may result in an unaligned pointer value [-Waddress-of-packed-member]
        dmi_memdev[nr].handle = get_unaligned(&dm->handle);
                                               ^~~~~~~~~~
../include/asm-generic/unaligned.h:21:24: note: expanded from macro 'get_unaligned'
# define get_unaligned  __get_unaligned_le
                        ^
../include/linux/unaligned/generic.h:10:52: note: expanded from macro '__get_unaligned_le'
#define __get_unaligned_le(ptr) ((__force typeof(*(ptr)))({                     \
                                                   ^~~
../drivers/firmware/dmi_scan.c:392:41: warning: taking address of packed member 'handle' of class or structure 'dmi_header' may result in an unaligned pointer value [-Waddress-of-packed-member]
        dmi_memdev[nr].handle = get_unaligned(&dm->handle);
                                               ^~~~~~~~~~
../include/asm-generic/unaligned.h:21:24: note: expanded from macro 'get_unaligned'
# define get_unaligned  __get_unaligned_le
                        ^
../include/linux/unaligned/generic.h:11:33: note: expanded from macro '__get_unaligned_le'
        __builtin_choose_expr(sizeof(*(ptr)) == 1, *(ptr),                      \
                                       ^~~
../drivers/firmware/dmi_scan.c:392:41: warning: taking address of packed member 'handle' of class or structure 'dmi_header' may result in an unaligned pointer value [-Waddress-of-packed-member]
        dmi_memdev[nr].handle = get_unaligned(&dm->handle);
                                               ^~~~~~~~~~
../include/asm-generic/unaligned.h:21:24: note: expanded from macro 'get_unaligned'
# define get_unaligned  __get_unaligned_le
                        ^
../include/linux/unaligned/generic.h:11:47: note: expanded from macro '__get_unaligned_le'
        __builtin_choose_expr(sizeof(*(ptr)) == 1, *(ptr),                      \
                                                     ^~~
../drivers/firmware/dmi_scan.c:392:41: warning: taking address of packed member 'handle' of class or structure 'dmi_header' may result in an unaligned pointer value [-Waddress-of-packed-member]
        dmi_memdev[nr].handle = get_unaligned(&dm->handle);
                                               ^~~~~~~~~~
../include/asm-generic/unaligned.h:21:24: note: expanded from macro 'get_unaligned'
# define get_unaligned  __get_unaligned_le
                        ^
../include/linux/unaligned/generic.h:12:33: note: expanded from macro '__get_unaligned_le'
        __builtin_choose_expr(sizeof(*(ptr)) == 2, get_unaligned_le16((ptr)),   \
                                       ^~~
../drivers/firmware/dmi_scan.c:392:41: warning: taking address of packed member 'handle' of class or structure 'dmi_header' may result in an unaligned pointer value [-Waddress-of-packed-member]
        dmi_memdev[nr].handle = get_unaligned(&dm->handle);
                                               ^~~~~~~~~~
../include/asm-generic/unaligned.h:21:24: note: expanded from macro 'get_unaligned'
# define get_unaligned  __get_unaligned_le
                        ^
../include/linux/unaligned/generic.h:13:33: note: expanded from macro '__get_unaligned_le'
        __builtin_choose_expr(sizeof(*(ptr)) == 4, get_unaligned_le32((ptr)),   \
                                       ^~~
../drivers/firmware/dmi_scan.c:392:41: warning: taking address of packed member 'handle' of class or structure 'dmi_header' may result in an unaligned pointer value [-Waddress-of-packed-member]
        dmi_memdev[nr].handle = get_unaligned(&dm->handle);
                                               ^~~~~~~~~~
../include/asm-generic/unaligned.h:21:24: note: expanded from macro 'get_unaligned'
# define get_unaligned  __get_unaligned_le
                        ^
../include/linux/unaligned/generic.h:13:65: note: expanded from macro '__get_unaligned_le'
        __builtin_choose_expr(sizeof(*(ptr)) == 4, get_unaligned_le32((ptr)),   \
                                                                       ^~~
../drivers/firmware/dmi_scan.c:392:41: warning: taking address of packed member 'handle' of class or structure 'dmi_header' may result in an unaligned pointer value [-Waddress-of-packed-member]
        dmi_memdev[nr].handle = get_unaligned(&dm->handle);
                                               ^~~~~~~~~~
../include/asm-generic/unaligned.h:21:24: note: expanded from macro 'get_unaligned'
# define get_unaligned  __get_unaligned_le
                        ^
../include/linux/unaligned/generic.h:14:33: note: expanded from macro '__get_unaligned_le'
        __builtin_choose_expr(sizeof(*(ptr)) == 8, get_unaligned_le64((ptr)),   \
                                       ^~~
../drivers/firmware/dmi_scan.c:392:41: warning: taking address of packed member 'handle' of class or structure 'dmi_header' may result in an unaligned pointer value [-Waddress-of-packed-member]
        dmi_memdev[nr].handle = get_unaligned(&dm->handle);
                                               ^~~~~~~~~~
../include/asm-generic/unaligned.h:21:24: note: expanded from macro 'get_unaligned'
# define get_unaligned  __get_unaligned_le
                        ^
../include/linux/unaligned/generic.h:14:65: note: expanded from macro '__get_unaligned_le'
        __builtin_choose_expr(sizeof(*(ptr)) == 8, get_unaligned_le64((ptr)),   \
                                                                       ^~~
  CC      fs/nls/nls_cp437.o
  CC      lib/mpi/mpicoder.o
  CC      net/core/ethtool.o
8 warnings generated.
  CC      fs/nls/nls_iso8859-1.o
  CC      fs/notify/notification.o
  CC      drivers/firmware/dmi-id.o
  CC      fs/kernfs/file.o
  CC      fs/nls/nls_utf8.o
  CC      lib/mpi/mpi-bit.o
  LD      fs/nls/built-in.o
  CC      fs/overlayfs/super.o
  CC      drivers/firmware/qcom_scm.o
  CC      fs/notify/group.o
  CC      lib/mpi/mpi-cmp.o
  CC      net/ipv4/ip_sockglue.o
  CC      fs/kernfs/symlink.o
  CC      fs/notify/inode_mark.o
  CC      drivers/firmware/qcom_scm-64.o
  CC      fs/overlayfs/inode.o
  LD      fs/kernfs/built-in.o
  CC      kernel/module_signing.o
  LD      drivers/firmware/broadcom/built-in.o
  CC      net/core/dev_addr_lists.o
  CC      net/core/dst.o
  CC      lib/mpi/mpih-cmp.o
  CC      kernel/kallsyms.o
  CC      fs/notify/mark.o
  CC      fs/overlayfs/dir.o
  CC      lib/mpi/mpih-div.o
  CC      drivers/firmware/efi/efi.o
  CC      fs/notify/vfsmount_mark.o
  CC      kernel/compat.o
  CC      lib/mpi/mpih-mul.o
  CC      fs/overlayfs/readdir.o
  CC      fs/notify/fdinfo.o
  CC      net/ipv4/inet_hashtables.o
  CC      lib/reed_solomon/reed_solomon.o
  CC      drivers/firmware/efi/vars.o
  CC      net/core/netevent.o
  CC      lib/mpi/mpi-pow.o
../fs/notify/fdinfo.c:144:7: error: use of undeclared identifier 'mask'; did you mean 'mark'?
                           mask, mark->ignored_mask);
                           ^~~~
                           mark
../fs/notify/fdinfo.c:91:70: note: 'mark' declared here
static void inotify_fdinfo(struct seq_file *m, struct fsnotify_mark *mark)
                                                                     ^
1 error generated.
make[3]: *** [../scripts/Makefile.build:340: fs/notify/fdinfo.o] Error 1
make[2]: *** [../scripts/Makefile.build:653: fs/notify] Error 2
make[2]: *** Waiting for unfinished jobs....
  CC      drivers/firmware/efi/reboot.o
  CC      fs/overlayfs/copy_up.o
  CC      drivers/gpio/devres.o
  LD      lib/reed_solomon/built-in.o
  CC      lib/mpi/mpiutil.o
  LD      fs/overlayfs/overlay.o
  LD      fs/overlayfs/built-in.o
make[1]: *** [/home/mhdputerapmgks/Voyager-Kernel/Makefile:1140: fs] Error 2
make[1]: *** Waiting for unfinished jobs....
  CC      net/core/neighbour.o
  CC      net/ipv6/af_inet6.o
  CC      drivers/firmware/efi/memattr.o
  CC      net/ipv4/inet_timewait_sock.o
  CC      drivers/gpio/gpiolib.o
  CC      drivers/firmware/efi/capsule.o
  CC      kernel/cgroup.o
  LD      lib/mpi/mpi.o
  LD      lib/mpi/built-in.o
  CC      lib/zlib_deflate/deflate.o
  CC      drivers/gpio/gpiolib-legacy.o
  CC      lib/zlib_deflate/deftree.o
  CC      drivers/firmware/efi/memmap.o
  LD      drivers/firmware/meson/built-in.o
  CC      net/key/af_key.o
  CC      net/ipv4/inet_connection_sock.o
  CC      lib/zlib_deflate/deflate_syms.o
  CC      net/ipv6/anycast.o
  CC      drivers/firmware/efi/esrt.o
  LD      lib/zlib_deflate/zlib_deflate.o
  LD      lib/zlib_deflate/built-in.o
  CC      lib/zlib_inflate/inffast.o
  CC      drivers/gpio/gpiolib-of.o
  CC      lib/zlib_inflate/inflate.o
  CC      drivers/firmware/efi/runtime-wrappers.o
  CC      net/ipv6/ip6_output.o
  CC      net/core/rtnetlink.o
  CC      lib/zlib_inflate/infutil.o
  CC      drivers/firmware/efi/libstub/arm-stub.o
  LD      net/key/built-in.o
  CC      drivers/gpio/gpiolib-sysfs.o
  CC      drivers/firmware/efi/arm-init.o
  CC      net/ipv4/tcp.o
  CC      lib/zlib_inflate/inftrees.o
  CC      lib/zlib_inflate/inflate_syms.o
  CC      drivers/firmware/efi/libstub/arm64-stub.o
  LD      drivers/gpu/drm/bridge/built-in.o
  LD      drivers/gpu/drm/hisilicon/built-in.o
  LD      drivers/gpu/drm/i2c/built-in.o
  LD      drivers/gpu/drm/omapdrm/displays/built-in.o
  LD      lib/zlib_inflate/zlib_inflate.o
  LD      drivers/gpu/drm/omapdrm/dss/built-in.o
  LD      drivers/gpu/drm/omapdrm/built-in.o
  LD      lib/zlib_inflate/built-in.o
  LD      drivers/gpu/drm/panel/built-in.o
  CC      lib/textsearch.o
  CC      drivers/gpio/qpnp-pin.o
  LD      drivers/gpu/drm/tilcdc/built-in.o
  LD      drivers/gpu/drm/built-in.o
  CC      drivers/firmware/efi/libstub/efi-stub-helper.o
  CC      drivers/gpu/msm/kgsl.o
  CC      kernel/cgroup_freezer.o
  CC      lib/ts_kmp.o
  CC      kernel/cpuset.o
  CC      drivers/firmware/efi/libstub/fdt.o
  CC      lib/ts_bm.o
  CC      drivers/gpio/gpio-msm-smp2p.o
  CC      net/ipv6/ip6_input.o
  CC      net/core/utils.o
  CC      drivers/firmware/efi/libstub/gop.o
  CC      lib/ts_fsm.o
  LD      drivers/gpio/built-in.o
  CC      net/core/link_watch.o
  CC      lib/percpu_counter.o
  CC      drivers/firmware/efi/libstub/lib-fdt.o
  CC      net/ipv4/tcp_input.o
  CC      drivers/firmware/efi/libstub/lib-fdt_empty_tree.o
  CC      drivers/firmware/efi/libstub/lib-fdt_ro.o
  CC      drivers/firmware/efi/libstub/lib-fdt_rw.o
  GZIP    kernel/config_data.gz
  CC      kernel/stop_machine.o
  CC      lib/audit.o
  CC      net/core/filter.o
  CC      drivers/firmware/efi/libstub/lib-fdt_sw.o
  CC      lib/compat_audit.o
  CC      net/ipv6/addrconf.o
  CC      drivers/firmware/efi/libstub/lib-fdt_wip.o
  CC      net/ipv6/addrlabel.o
  CC      lib/swiotlb.o
  CC      drivers/firmware/efi/libstub/lib-sort.o
  CC      drivers/firmware/efi/libstub/random.o
  CC      kernel/audit.o
  CC      drivers/gpu/msm/kgsl_trace.o
  CC      drivers/firmware/efi/libstub/string.o
  STUBCPY drivers/firmware/efi/libstub/arm-stub.stub.o
  STUBCPY drivers/firmware/efi/libstub/arm64-stub.stub.o
  STUBCPY drivers/firmware/efi/libstub/efi-stub-helper.stub.o
  STUBCPY drivers/firmware/efi/libstub/fdt.stub.o
  STUBCPY drivers/firmware/efi/libstub/gop.stub.o
  STUBCPY drivers/firmware/efi/libstub/lib-fdt.stub.o
  STUBCPY drivers/firmware/efi/libstub/lib-fdt_empty_tree.stub.o
  STUBCPY drivers/firmware/efi/libstub/lib-fdt_ro.stub.o
  STUBCPY drivers/firmware/efi/libstub/lib-fdt_rw.stub.o
  STUBCPY drivers/firmware/efi/libstub/lib-fdt_sw.stub.o
  STUBCPY drivers/firmware/efi/libstub/lib-fdt_wip.stub.o
  CC      net/core/sock_diag.o
  STUBCPY drivers/firmware/efi/libstub/lib-sort.stub.o
  STUBCPY drivers/firmware/efi/libstub/random.stub.o
  STUBCPY drivers/firmware/efi/libstub/string.stub.o
  AR      drivers/firmware/efi/libstub/lib.a
  EXPORTS drivers/firmware/efi/libstub/lib-ksyms.o
  LD      drivers/firmware/efi/libstub/built-in.o
  CC      drivers/firmware/efi/arm-runtime.o
  CC      lib/iommu-helper.o
  CC      lib/iommu-common.o
  LD      drivers/firmware/efi/built-in.o
  CC      drivers/firmware/qcom/tz_log.o
  LD      drivers/gpu/vga/built-in.o
  CC      drivers/hid/hid-core.o
  CC      lib/syscall.o
  CC      kernel/auditfilter.o
  CC      net/core/dev_ioctl.o
  LD      drivers/firmware/qcom/built-in.o
  LD      drivers/firmware/built-in.o
  CC      net/core/tso.o
  CC      lib/nlattr.o
  CC      drivers/gpu/msm/kgsl_drawobj.o
  CC      net/ipv4/tcp_output.o
  CC      net/ipv6/route.o
  CC      drivers/hid/hid-input.o
  CC      kernel/seccomp.o
  CC      net/l2tp/l2tp_core.o
  CC      lib/checksum.o
  CC      net/core/sock_reuseport.o
  CC      lib/cpu_rmap.o
  CC      drivers/gpu/msm/kgsl_ioctl.o
  CC      kernel/utsname_sysctl.o
  CC      lib/dynamic_queue_limits.o
  CC      kernel/delayacct.o
  CC      lib/strncpy_from_user.o
  CC      drivers/gpu/msm/kgsl_sharedmem.o
  CC      drivers/hid/hid-debug.o
  CC      net/core/flow.o
  CC      kernel/taskstats.o
  CC      lib/strnlen_user.o
  CC      net/l2tp/l2tp_ppp.o
  CC      net/ipv4/tcp_timer.o
  CC      net/ipv6/ip6_fib.o
  CC      lib/net_utils.o
  CC      drivers/hid/hidraw.o
  CC      drivers/gpu/msm/kgsl_pwrctrl.o
  CC      kernel/tsacct.o
  CC      net/core/net-sysfs.o
  CC      kernel/tracepoint.o
  CC      net/l2tp/l2tp_ip.o
  CC      lib/sg_pool.o
  CC      drivers/hid/uhid.o
  CC      net/ipv4/tcp_ipv4.o
  CC      kernel/elfcore.o
../drivers/hid/uhid.c:245:48: warning: taking address of packed member 'id' of class or structure 'uhid_get_report_req' may result in an unaligned pointer value [-Waddress-of-packed-member]
        ret = __uhid_report_queue_and_wait(uhid, ev, &ev->u.get_report.id);
                                                      ^~~~~~~~~~~~~~~~~~~
../drivers/hid/uhid.c:289:48: warning: taking address of packed member 'id' of class or structure 'uhid_set_report_req' may result in an unaligned pointer value [-Waddress-of-packed-member]
        ret = __uhid_report_queue_and_wait(uhid, ev, &ev->u.set_report.id);
                                                      ^~~~~~~~~~~~~~~~~~~
2 warnings generated.
  CC      drivers/hid/hid-generic.o
  CC      lib/asn1_decoder.o
  CC      kernel/irq_work.o
  CC      net/ipv6/ipv6_sockglue.o
  CC      net/core/net-procfs.o
  CC      drivers/hid/hid-a4tech.o
  GEN     lib/oid_registry_data.c
  CC      lib/ucs2_string.o
  CC      drivers/gpu/msm/kgsl_pwrscale.o
  CC      net/l2tp/l2tp_netlink.o
  CC      kernel/cpu_pm.o
  CC      drivers/hid/hid-axff.o
  CC      lib/sbitmap.o
  CC      net/core/fib_rules.o
  CC      drivers/hid/hid-apple.o
  CC      kernel/jump_label.o
  CC      drivers/hid/hid-belkin.o
  CC      lib/qmi_encdec.o
  CC      net/ipv4/tcp_minisocks.o
  CC      net/ipv6/ndisc.o
  CC      drivers/gpu/msm/kgsl_mmu.o
  CC      kernel/membarrier.o
  CC      drivers/hid/hid-cherry.o
  CC      net/l2tp/l2tp_eth.o
  CC      drivers/hid/hid-chicony.o
  CC      lib/argv_split.o
  CC      kernel/memremap.o
  CC      net/core/net-traces.o
  CC      drivers/hid/hid-cypress.o
  CC      lib/bug.o
  CC      drivers/gpu/msm/kgsl_snapshot.o
  CC      net/l2tp/l2tp_ip6.o
  CC      lib/chacha.o
  CHK     kernel/config_data.h
  CC      drivers/hid/hid-dr.o
  CC      net/ipv4/tcp_cong.o
  UPD     kernel/config_data.h
  CC      kernel/configs.o
../drivers/gpu/msm/kgsl_snapshot.c:181:43: warning: taking address of packed member 'current_context' of class or structure 'kgsl_snapshot_linux_v2' may result in an unaligned pointer value [-Waddress-of-packed-member]
        kgsl_sharedmem_readl(&device->memstore, &header->current_context,
                                                 ^~~~~~~~~~~~~~~~~~~~~~~
../drivers/gpu/msm/kgsl_snapshot.c:698:38: warning: taking address of packed member 'chipid' of class or structure 'kgsl_snapshot_header' may result in an unaligned pointer value [-Waddress-of-packed-member]
        header->gpuid = kgsl_gpuid(device, &header->chipid);
                                            ^~~~~~~~~~~~~~
  CC      net/ipv6/udp.o
  LD      kernel/built-in.o
  CC      drivers/hid/hid-emsff.o
  CC      lib/clz_tab.o
  CC      lib/cmdline.o
2 warnings generated.
  CC      lib/cpumask.o
  CC      net/llc/llc_core.o
  CC      drivers/hid/hid-elecom.o
  CC      drivers/gpu/msm/kgsl_events.o
  LD      net/l2tp/built-in.o
  CC      lib/ctype.o
  CC      drivers/hid/hid-ezkey.o
  CC      lib/dec_and_lock.o
  CC      net/netfilter/core.o
  CC      net/core/dst_cache.o
  CC      net/ipv4/tcp_metrics.o
  CC      lib/decompress.o
  CC      lib/decompress_inflate.o
  CC      drivers/hid/hid-gyration.o
  CC      net/llc/llc_input.o
  CC      lib/dma-noop.o
  CC      drivers/gpu/msm/kgsl_pool.o
  CC      drivers/hid/hid-holtek-kbd.o
  CC      drivers/hid/hid-holtek-mouse.o
  CC      net/ipv6/udplite.o
  CC      lib/dump_stack.o
  CC      drivers/gpu/msm/kgsl_gmu.o
  LD      net/core/built-in.o
  CC      net/netfilter/nf_log.o
  CC      drivers/hid/hid-holtekff.o
  CC      net/llc/llc_output.o
  CC      lib/earlycpio.o
  CC      net/ipv4/tcp_fastopen.o
  CC      drivers/hwmon/hwmon.o
  CC      lib/extable.o
  CC      drivers/hid/hid-kensington.o
  CC      net/ipv6/raw.o
  CC      lib/fdt.o
  CC      drivers/hid/hid-keytouch.o
  CC      lib/fdt_empty_tree.o
  CC      drivers/gpu/msm/kgsl_hfi.o
  CC      lib/fdt_ro.o
  LD      net/llc/llc.o
  LD      net/llc/built-in.o
  CC      drivers/gpu/msm/kgsl_iommu.o
  CC      drivers/hid/hid-kye.o
  CC      drivers/hwmon/qpnp-adc-voltage.o
  CC      lib/fdt_rw.o
  CC      net/netfilter/nf_queue.o
  CC      drivers/hid/hid-lcpower.o
  CC      lib/fdt_strerror.o
  CC      lib/fdt_sw.o
  CC      net/ipv4/tcp_rate.o
  CC      drivers/hwspinlock/hwspinlock_core.o
  CC      lib/fdt_wip.o
  CC      drivers/hid/hid-lg.o
  CC      lib/flex_proportions.o
  CC      lib/idr.o
  CC      drivers/hwspinlock/msm_remote_spinlock.o
  CC      drivers/hid/hid-lgff.o
  CC      net/ipv6/icmp.o
  CC      net/ipv4/tcp_recovery.o
  CC      drivers/hwmon/qpnp-adc-common.o
  CC      net/netfilter/nf_sockopt.o
  CC      drivers/gpu/msm/kgsl_debugfs.o
  CC      drivers/hid/hid-lg2ff.o
  CC      lib/int_sqrt.o
  LD      drivers/hwspinlock/built-in.o
  LD      drivers/hwtracing/intel_th/built-in.o
  CC      lib/ioremap.o
  CC      net/netlabel/netlabel_user.o
  CC      drivers/gpu/msm/kgsl_sync.o
  CC      drivers/hid/hid-lg3ff.o
  CC      net/ipv4/tcp_offload.o
  CC      drivers/hid/hid-lg4ff.o
  CC      lib/irq_regs.o
  LD      drivers/hwmon/built-in.o
  CC      net/netfilter/nfnetlink.o
  CC      net/ipv4/datagram.o
  CC      net/netlabel/netlabel_kapi.o
  CC      lib/is_single_threaded.o
  CC      drivers/gpu/msm/kgsl_compat.o
  CC      net/ipv6/mcast.o
  CC      lib/klist.o
  CC      drivers/hid/hid-logitech-dj.o
  CC      drivers/gpu/msm/adreno_ioctl.o
  CC      lib/kobject.o
  CC      net/netfilter/nfnetlink_queue.o
  CC      drivers/hid/hid-logitech-hidpp.o
  CC      net/netlink/af_netlink.o
  CC      net/ipv4/raw.o
  CC      drivers/gpu/msm/adreno_ringbuffer.o
  CC      net/netlabel/netlabel_domainhash.o
../net/netfilter/nfnetlink_queue.c:466:21: warning: taking address of packed member 'packet_id' of class or structure 'nfqnl_msg_packet_hdr' may result in an unaligned pointer value [-Waddress-of-packed-member]
        *packet_id_ptr          = &pmsg->packet_id;
                                   ^~~~~~~~~~~~~~~
  CC      lib/kobject_uevent.o
1 warning generated.
  CC      net/netfilter/nfnetlink_log.o
  CC      drivers/hid/hid-magicmouse.o
  CC      drivers/gpu/msm/adreno_drawctxt.o
  CC      net/netlabel/netlabel_addrlist.o
  CC      net/ipv6/reassembly.o
  CC      drivers/hid/hid-microsoft.o
  CC      lib/md5.o
  CC      net/ipv4/udp.o
  CC      drivers/hid/hid-monterey.o
  CC      lib/nmi_backtrace.o
  CC      drivers/gpu/msm/adreno_dispatch.o
  CC      net/netlabel/netlabel_mgmt.o
  CC      drivers/hid/hid-multitouch.o
  CC      lib/nodemask.o
  CC      net/ipv6/tcp_ipv6.o
  CC      net/netfilter/nf_conntrack_core.o
  CC      net/netlink/genetlink.o
  CC      lib/plist.o
  CC      drivers/hid/hid-ntrig.o
  CC      lib/radix-tree.o
  CC      net/netlabel/netlabel_unlabeled.o
  CC      drivers/hid/hid-ortek.o
  CC      drivers/gpu/msm/adreno_snapshot.o
  CC      drivers/hid/hid-prodikeys.o
  CC      net/ipv6/ping.o
  CC      lib/ratelimit.o
  LD      net/netlink/built-in.o
  CC      net/ipv6/exthdrs.o
../drivers/gpu/msm/adreno_snapshot.c:463:7: warning: taking address of packed member 'timestamp_queued' of class or structure 'kgsl_snapshot_rb_v2' may result in an unaligned pointer value [-Waddress-of-packed-member]
                                        &header->timestamp_queued);
                                         ^~~~~~~~~~~~~~~~~~~~~~~~
../drivers/gpu/msm/adreno_snapshot.c:465:7: warning: taking address of packed member 'timestamp_retired' of class or structure 'kgsl_snapshot_rb_v2' may result in an unaligned pointer value [-Waddress-of-packed-member]
                                        &header->timestamp_retired);
                                         ^~~~~~~~~~~~~~~~~~~~~~~~~
  CC      net/netlabel/netlabel_cipso_v4.o
  CC      lib/rbtree.o
  CC      drivers/hid/hid-pl.o
  CC      net/ipv4/udplite.o
2 warnings generated.
  CC      drivers/gpu/msm/adreno_coresight.o
../net/ipv6/exthdrs.c:202:24: warning: taking address of packed member 'addr' of class or structure 'ipv6_destopt_hao' may result in an unaligned pointer value [-Waddress-of-packed-member]
        if (!(ipv6_addr_type(&hao->addr) & IPV6_ADDR_UNICAST)) {
                              ^~~~~~~~~
../net/ipv6/exthdrs.c:204:10: warning: taking address of packed member 'addr' of class or structure 'ipv6_destopt_hao' may result in an unaligned pointer value [-Waddress-of-packed-member]
                                    &hao->addr);
                                     ^~~~~~~~~
../include/linux/net.h:271:40: note: expanded from macro 'net_dbg_ratelimited'
                        no_printk(KERN_DEBUG pr_fmt(fmt), ##__VA_ARGS__); \
                                                            ^~~~~~~~~~~
../include/linux/printk.h:121:18: note: expanded from macro 'no_printk'
                        printk(fmt, ##__VA_ARGS__);     \
                                      ^~~~~~~~~~~
../net/ipv6/exthdrs.c:209:30: warning: taking address of packed member 'addr' of class or structure 'ipv6_destopt_hao' may result in an unaligned pointer value [-Waddress-of-packed-member]
                               (xfrm_address_t *)&hao->addr, IPPROTO_DSTOPTS);
                                                  ^~~~~~~~~
  CC      net/netfilter/nf_conntrack_standalone.o
  CC      lib/seq_buf.o
  CC      drivers/hid/hid-petalynx.o
3 warnings generated.
  CC      lib/sha1.o
  CC      net/ipv6/datagram.o
  CC      drivers/gpu/msm/adreno_trace.o
  CC      drivers/hid/hid-picolcd_core.o
  CC      net/netlabel/netlabel_calipso.o
  CC      lib/show_mem.o
  CC      drivers/hwtracing/stm/core.o
  CC      lib/siphash.o
  CC      net/ipv4/udp_offload.o
  CC      drivers/hid/hid-picolcd_debugfs.o
  CC      net/netfilter/nf_conntrack_expect.o
  CC      lib/string.o
  CC      drivers/gpu/msm/adreno_a3xx.o
  CC      drivers/hid/hid-primax.o
  CC      drivers/hwtracing/stm/policy.o
  LD      net/netlabel/built-in.o
  CC      drivers/i2c/i2c-boardinfo.o
  CC      net/ipv6/ip6_flowlabel.o
  CC      lib/timerqueue.o
  CC      drivers/hid/hid-roccat.o
  LD      drivers/hwtracing/stm/stm_core.o
  LD      drivers/hwtracing/stm/built-in.o
  LD      drivers/idle/built-in.o
  CC      lib/vsprintf.o
  CC      net/netfilter/nf_conntrack_helper.o
  CC      net/ipv4/arp.o
  CC      drivers/i2c/i2c-core.o
  CC      drivers/gpu/msm/adreno_a4xx.o
  CC      drivers/hid/hid-roccat-common.o
  CC      net/ipv6/inet6_connection_sock.o
  CC      net/ipv6/udp_offload.o
  CC      drivers/hid/hid-roccat-arvo.o
  CC      net/netfilter/nf_conntrack_proto.o
  CC      net/ipv4/icmp.o
  CC      drivers/hid/hid-roccat-isku.o
  CC      drivers/gpu/msm/adreno_a5xx.o
  CC      lib/win_minmax.o
  CC      drivers/i2c/i2c-dev.o
  CC      net/ipv6/sysctl_net_ipv6.o
  CC      net/packet/af_packet.o
  CC      drivers/hid/hid-roccat-kone.o
  GEN     lib/crc32table.h
  CC      lib/oid_registry.o
  CC      drivers/i2c/i2c-mux.o
  CC      net/ipv6/xfrm6_policy.o
  CC      net/netfilter/nf_conntrack_l3proto_generic.o
  CC      drivers/hid/hid-roccat-koneplus.o
  AR      lib/lib.a
  CC      lib/crc32.o
  LD      drivers/i2c/algos/built-in.o
  CC      drivers/i2c/busses/i2c-msm-v2.o
  CC      net/ipv4/devinet.o
  CC      drivers/hid/hid-roccat-konepure.o
  CC      net/ipv6/xfrm6_state.o
  CC      drivers/hid/hid-roccat-kovaplus.o
  EXPORTS lib/lib-ksyms.o
  LD      lib/built-in.o
  CC      drivers/gpu/msm/adreno_a6xx.o
  CC      net/netfilter/nf_conntrack_proto_generic.o
  CC      net/rfkill/core.o
  CC      drivers/hid/hid-roccat-lua.o
  CC      net/ipv6/xfrm6_input.o
  LD      drivers/i2c/busses/built-in.o
  LD      drivers/i2c/muxes/built-in.o
  LD      drivers/i2c/built-in.o
  CC      drivers/gpu/msm/adreno_a3xx_snapshot.o
  LD      net/packet/built-in.o
  CC      net/ipv4/af_inet.o
  CC      drivers/hid/hid-roccat-pyra.o
  CC      net/netfilter/nf_conntrack_proto_tcp.o
  LD      net/rfkill/rfkill.o
  LD      net/rfkill/built-in.o
  CC      net/rmnet_data/rmnet_data_main.o
  CC      drivers/gpu/msm/adreno_a4xx_snapshot.o
  CC      drivers/hid/hid-roccat-ryos.o
  CC      net/ipv6/xfrm6_output.o
  CC      drivers/gpu/msm/adreno_a5xx_snapshot.o
  CC      drivers/hid/hid-roccat-savu.o
  CC      drivers/gpu/msm/adreno_a6xx_snapshot.o
  CC      net/ipv6/xfrm6_protocol.o
  CC      net/rmnet_data/rmnet_data_config.o
  CC      drivers/hid/hid-saitek.o
  CC      net/netfilter/nf_conntrack_proto_udp.o
  CC      net/ipv4/igmp.o
  CC      drivers/iio/industrialio-core.o
  CC      drivers/hid/hid-samsung.o
  CC      drivers/input/input.o
  CC      drivers/gpu/msm/adreno_a4xx_preempt.o
  CC      net/rmnet_data/rmnet_data_vnd.o
  CC      drivers/hid/hid-sjoy.o
  CC      net/ipv6/netfilter.o
  CC      drivers/hid/hid-sony.o
  CC      net/netfilter/nf_conntrack_extend.o
  CC      drivers/iio/industrialio-event.o
  CC      drivers/gpu/msm/adreno_a5xx_preempt.o
  CC      net/rmnet_data/rmnet_data_handlers.o
  CC      drivers/input/input-compat.o
  CC      drivers/hid/hid-speedlink.o
  CC      drivers/iio/inkern.o
  CC      net/ipv6/fib6_rules.o
  CC      drivers/gpu/msm/adreno_a6xx_preempt.o
  CC      drivers/input/input-mt.o
  CC      net/ipv4/fib_frontend.o
  CC      drivers/hid/hid-sunplus.o
  CC      net/netfilter/nf_conntrack_acct.o
  CC      net/rmnet_data/rmnet_map_data.o
  CC      drivers/hid/hid-gaff.o
  CC      net/ipv6/proc.o
  LD      drivers/iio/accel/built-in.o
  LD      drivers/iio/adc/built-in.o
  CC      drivers/gpu/msm/adreno_sysfs.o
  CC      drivers/input/ff-core.o
  LD      drivers/iio/amplifiers/built-in.o
  LD      drivers/iio/buffer/built-in.o
  LD      drivers/iio/chemical/built-in.o
  LD      drivers/iio/common/hid-sensors/built-in.o
  LD      drivers/iio/common/ms_sensors/built-in.o
  CC      drivers/hid/hid-tmff.o
  LD      drivers/iio/common/ssp_sensors/built-in.o
  LD      drivers/iio/common/st_sensors/built-in.o
  LD      drivers/iio/common/built-in.o
  LD      drivers/iio/dac/built-in.o
  LD      drivers/iio/dummy/built-in.o
  LD      drivers/iio/frequency/built-in.o
  LD      drivers/iio/gyro/built-in.o
  LD      drivers/iio/health/built-in.o
  LD      drivers/iio/humidity/built-in.o
  LD      drivers/iio/imu/bmi160/built-in.o
  LD      drivers/iio/imu/inv_icm20602/built-in.o
  LD      drivers/iio/imu/inv_mpu/inv_test/built-in.o
  LD      drivers/iio/imu/inv_mpu/built-in.o
  LD      drivers/iio/imu/inv_mpu6050/built-in.o
  LD      drivers/iio/imu/st_asm330lhh/built-in.o
  CC      drivers/hid/hid-tivo.o
  LD      drivers/iio/imu/built-in.o
  LD      drivers/iio/light/built-in.o
  LD      drivers/iio/magnetometer/built-in.o
  LD      drivers/iio/orientation/built-in.o
  CC      net/rmnet_data/rmnet_map_command.o
  CC      drivers/input/ff-memless.o
  LD      drivers/iio/potentiometer/built-in.o
  LD      drivers/iio/pressure/built-in.o
  CC      drivers/gpu/msm/adreno.o
  LD      drivers/iio/proximity/built-in.o
  LD      drivers/iio/temperature/built-in.o
  LD      drivers/iio/trigger/built-in.o
  LD      drivers/iio/industrialio.o
  CC      net/ipv6/calipso.o
  CC      net/netfilter/nf_conntrack_seqadj.o
  LD      drivers/iio/built-in.o
  CC      drivers/hid/hid-topseed.o
  CC      net/sched/sch_generic.o
  CC      net/ipv4/fib_semantics.o
  CC      drivers/hid/hid-twinhan.o
  CC      net/rmnet_data/rmnet_data_stats.o
  CC      drivers/input/input-leds.o
  CC      drivers/hid/hid-uclogic.o
  CC      drivers/input/mousedev.o
  LD      net/rmnet_data/rmnet_data.o
  CC      net/ipv6/ah6.o
  LD      net/rmnet_data/built-in.o
  CC      net/ipv6/esp6.o
  CC      drivers/hid/hid-zpff.o
  CC      net/netfilter/nf_conntrack_ecache.o
  CC      drivers/input/evdev.o
  CC      net/sched/sch_mq.o
  CC      drivers/hid/hid-zydacron.o
  CC      drivers/gpu/msm/adreno_cp_parser.o
  CC      net/ipv4/fib_trie.o
  CC      drivers/hid/wacom_wac.o
  CC      drivers/input/fingerprint/fpc_tissot/fpc1020_tee.o
  CC      net/ipv6/ipcomp6.o
  CC      net/sched/sch_api.o
  CC      drivers/input/serio/serio.o
  CC      drivers/gpu/msm/adreno_perfcounter.o
  CC      net/netfilter/nf_conntrack_proto_dccp.o
  LD      drivers/input/fingerprint/fpc_tissot/built-in.o
  CC      drivers/input/fingerprint/goodix_tissot/gf_spi.o
  CC      net/ipv6/xfrm6_tunnel.o
  CC      drivers/hid/wacom_sys.o
  CC      drivers/input/serio/libps2.o
  CC      drivers/input/fingerprint/goodix_tissot/platform.o
  CC      net/netfilter/nf_conntrack_proto_gre.o
  CC      drivers/gpu/msm/adreno_iommu.o
  CC      drivers/input/fingerprint/goodix_tissot/netlink.o
  LD      drivers/input/serio/built-in.o
  CC      drivers/iommu/iommu.o
  CC      net/ipv4/inet_fragment.o
  CC      net/ipv6/tunnel6.o
  CC      drivers/hid/hid-waltop.o
  CC      drivers/gpu/msm/adreno_debugfs.o
  LD      drivers/input/fingerprint/goodix_tissot/built-in.o
  CC      net/sched/sch_blackhole.o
  LD      drivers/input/fingerprint/built-in.o
  CC      drivers/input/joystick/xpad.o
  CC      drivers/hid/hid-wiimote-core.o
  CC      net/netfilter/nf_conntrack_proto_sctp.o
  CC      drivers/gpu/msm/adreno_profile.o
  CC      drivers/iommu/iommu-traces.o
  CC      net/sched/cls_api.o
  LD      drivers/input/joystick/built-in.o
  CC      drivers/input/keyboard/atkbd.o
  CC      drivers/hid/hid-wiimote-modules.o
  CC      net/ipv6/xfrm6_mode_transport.o
  CC      net/ipv4/ping.o
  CC      net/netfilter/nf_conntrack_proto_udplite.o
  CC      drivers/gpu/msm/adreno_compat.o
  CC      drivers/input/keyboard/gpio_keys.o
  CC      drivers/iommu/iommu-sysfs.o
  CC      drivers/hid/hid-wiimote-debug.o
  CC      net/ipv6/xfrm6_mode_tunnel.o
  LD      drivers/gpu/msm/msm_kgsl_core.o
  CC      net/netfilter/nf_conntrack_netlink.o
  CC      net/sched/act_api.o
  LD      drivers/gpu/msm/msm_adreno.o
  LD      drivers/input/keyboard/built-in.o
  LD      drivers/gpu/msm/built-in.o
  CC      drivers/input/misc/gpio_event.o
  CC      drivers/iommu/dma-iommu.o
  LD      drivers/gpu/built-in.o
  CC      drivers/hid/usbhid/hid-core.o
  CC      drivers/input/tablet/acecad.o
  CC      drivers/input/misc/gpio_matrix.o
  CC      net/ipv6/xfrm6_mode_beet.o
  CC      net/ipv4/ip_tunnel_core.o
  CC      drivers/input/tablet/aiptek.o
  CC      drivers/hid/usbhid/hid-quirks.o
  CC      drivers/iommu/msm_dma_iommu_mapping.o
  CC      drivers/input/misc/gpio_input.o
  CC      drivers/input/tablet/gtco.o
  CC      net/ipv6/mip6.o
  CC      net/sched/sch_fifo.o
  CC      net/netfilter/nf_conntrack_amanda.o
  CC      drivers/input/misc/gpio_output.o
  CC      drivers/hid/usbhid/hiddev.o
  CC      drivers/iommu/io-pgtable.o
  CC      drivers/input/tablet/hanwang.o
  CC      net/ipv4/gre_offload.o
../net/ipv6/mip6.c:234:14: warning: taking address of packed member 'addr' of class or structure 'ipv6_destopt_hao' may result in an unaligned pointer value [-Waddress-of-packed-member]
                                  hao ? &hao->addr : &ipv6_hdr(skb)->saddr,
                                         ^~~~~~~~~
../net/ipv6/mip6.c:256:30: warning: taking address of packed member 'addr' of class or structure 'ipv6_destopt_hao' may result in an unaligned pointer value [-Waddress-of-packed-member]
                        (hao ? (xfrm_address_t *)&hao->addr : NULL));
                                                  ^~~~~~~~~
  CC      drivers/input/misc/gpio_axis.o
2 warnings generated.
  CC      net/ipv6/netfilter/ip6_tables.o
  CC      drivers/input/tablet/kbtab.o
  CC      drivers/iommu/io-pgtable-arm.o
  CC      drivers/input/misc/hbtp_input.o
  CC      net/sched/sch_htb.o
  LD      drivers/hid/usbhid/usbhid.o
  LD      drivers/hid/usbhid/built-in.o
  LD      drivers/hid/hid.o
  LD      drivers/hid/hid-logitech.o
  CC      net/netfilter/nf_conntrack_ftp.o
  LD      drivers/hid/hid-picolcd.o
  LD      drivers/hid/wacom.o
  LD      drivers/hid/hid-wiimote.o
  LD      drivers/hid/built-in.o
  LD      drivers/input/tablet/built-in.o
  CC      net/sched/sch_ingress.o
  CC      net/ipv4/ip_tunnel.o
  CC      net/ipv4/sysctl_net_ipv4.o
  CC      drivers/input/misc/qpnp-power-on.o
  CC      drivers/iommu/iova.o
  CC      net/unix/af_unix.o
  CC      net/sched/sch_prio.o
  CC      net/ipv4/proc.o
  CC      net/netfilter/nf_conntrack_h323_main.o
  CC      drivers/iommu/io-pgtable-msm-secure.o
  CC      net/ipv6/netfilter/ip6table_filter.o
  CC      drivers/input/misc/uinput.o
  CC      net/sched/cls_u32.o
  CC      net/ipv4/fib_rules.o
  CC      net/wireless/core.o
  CC      net/ipv6/netfilter/ip6table_mangle.o
  CC      drivers/iommu/of_iommu.o
  LD      drivers/input/misc/built-in.o
  CC      drivers/input/touchscreen/of_touchscreen.o
  CC      net/unix/garbage.o
  CC      net/sched/cls_fw.o
  CC      drivers/iommu/arm-smmu.o
  CC      net/ipv6/netfilter/ip6table_raw.o
  CC      drivers/input/touchscreen/cyttsp5/cyttsp5_core.o
  CC      net/netfilter/nf_conntrack_h323_asn1.o
  CC      net/ipv4/gre_demux.o
  CC      net/netfilter/nf_conntrack_irc.o
  CC      net/unix/sysctl_net_unix.o
  CC      net/sched/cls_flow.o
  CC      net/ipv6/netfilter/nf_conntrack_l3proto_ipv6.o
  LD      net/unix/unix.o
  LD      net/unix/built-in.o
  CC      drivers/irqchip/irqchip.o
  CC      net/wireless/sysfs.o
  CC      net/ipv4/udp_tunnel.o
  CC      net/sched/cls_bpf.o
  CC      net/ipv6/netfilter/nf_conntrack_proto_icmpv6.o
  CC      net/netfilter/nf_conntrack_broadcast.o
  CC      drivers/irqchip/irq-gic.o
  CC      drivers/iommu/arm-smmu-errata.o
  LD      drivers/iommu/built-in.o
  CC      net/xfrm/xfrm_policy.o
  CC      drivers/irqchip/irq-gic-common.o
  CC      net/sched/ematch.o
  CC      net/wireless/radiotap.o
  CC      drivers/input/touchscreen/cyttsp5/cyttsp5_mt_common.o
  CC      net/ipv6/netfilter/nf_defrag_ipv6_hooks.o
  CC      net/ipv4/ip_vti.o
  CC      drivers/irqchip/irq-gic-v3.o
  CC      net/netfilter/nf_conntrack_netbios_ns.o
../net/wireless/radiotap.c:119:28: warning: taking address of packed member 'it_present' of class or structure 'ieee80211_radiotap_header' may result in an unaligned pointer value [-Waddress-of-packed-member]
        iterator->_next_bitmap = &radiotap_header->it_present;
                                  ^~~~~~~~~~~~~~~~~~~~~~~~~~~
1 warning generated.
  CC      drivers/input/touchscreen/cyttsp5/cyttsp5_mtb.o
  CC      net/wireless/util.o
  CC      net/ipv4/ah4.o
  CC      net/sched/em_cmp.o
  CC      drivers/irqchip/irq-partition-percpu.o
  CC      drivers/input/touchscreen/cyttsp5/cyttsp5_btn.o
  CC      net/netfilter/nf_conntrack_pptp.o
  CC      net/ipv6/netfilter/nf_conntrack_reasm.o
  CC      drivers/irqchip/msm_show_resume_irq.o
  CC      drivers/input/touchscreen/cyttsp5/cyttsp5_proximity.o
  CC      net/sched/em_nbyte.o
  CC      drivers/irqchip/qcom/mpm.o
  CC      net/ipv4/esp4.o
  CC      drivers/input/touchscreen/cyttsp5/cyttsp5_devtree.o
  CC      net/ipv6/netfilter/nf_log_ipv6.o
  CC      net/sched/em_u32.o
  CC      net/netfilter/nf_conntrack_sane.o
  CC      net/xfrm/xfrm_state.o
  CC      drivers/irqchip/qcom/mpm-8909.o
  CC      drivers/irqchip/qcom/mpm-8953.o
  CC      net/ipv4/ipcomp.o
  CC      net/sched/em_meta.o
  CC      net/netfilter/nf_conntrack_tftp.o
  CC      net/ipv6/netfilter/nf_reject_ipv6.o
  CC      drivers/irqchip/qcom/mpm-8937.o
  CC      drivers/input/touchscreen/cyttsp5/cyttsp5_platform.o
  CC      net/wireless/reg.o
  LD      drivers/irqchip/qcom/built-in.o
  LD      drivers/irqchip/built-in.o
  CC      drivers/input/keyreset.o
  CC      net/ipv4/xfrm4_tunnel.o
  CC      drivers/input/touchscreen/cyttsp5/cyttsp5_i2c.o
  CC      net/sched/em_text.o
  CC      net/ipv6/ip6_vti.o
  CC      drivers/input/touchscreen/cyttsp5/cyttsp5_loader.o
  CC      net/xfrm/xfrm_hash.o
  CC      net/netfilter/nf_log_common.o
  CC      net/ipv6/netfilter/nf_dup_ipv6.o
  CC      net/ipv4/xfrm4_mode_beet.o
  LD      net/sched/built-in.o
  CC      drivers/input/touchscreen/ft5435/ft5435_ts.o
  CC      net/xfrm/xfrm_input.o
  CC      drivers/input/touchscreen/cyttsp5/cyttsp5_device_access.o
  CC      net/ipv6/netfilter/ip6t_rpfilter.o
  CC      net/ipv4/tunnel4.o
  CC      net/netfilter/nf_nat_core.o
  CC      net/ipv6/netfilter/ip6t_REJECT.o
  CC      net/wireless/scan.o
-- KernelSU-Next version (GitHub): 12702
-- KernelSU-Next version: 12702
-- KernelSU-Next Manager signature size: 0x3e6
-- KernelSU-Next Manager signature hash: 79e590113c4c4c0c222978e413a5faa801666957b1212a328e46c00c69821bf7
-- KSU_NEXT: Neither atomic_inc_not_zero nor atomic_long_inc_not_zero found in kernel/cred.c
-- KSU_NEXT: Using  in get_cred_rcu patch.
  CC      net/xfrm/xfrm_output.o
  CC      drivers/kernelsu/ksu.o
  CC      drivers/kernelsu/allowlist.o
  LD      drivers/input/touchscreen/ft5435/built-in.o
  CC      net/ipv4/xfrm4_mode_transport.o
  CC      drivers/input/keycombo.o
  LD      net/ipv6/netfilter/nf_conntrack_ipv6.o
  LD      net/ipv6/netfilter/nf_defrag_ipv6.o
  LD      net/ipv6/netfilter/built-in.o
  CC      net/ipv6/sit.o
  LD      drivers/input/input-core.o
  LD      drivers/input/touchscreen/cyttsp5/cyttsp5.o
  CC      net/netfilter/nf_nat_proto_unknown.o
  LD      drivers/input/touchscreen/cyttsp5/built-in.o
  CC      drivers/input/touchscreen/ft8716/focaltech_core.o
  CC      net/ipv6/ip6_tunnel.o
  CC      drivers/kernelsu/apk_sign.o
  CC      net/ipv4/xfrm4_mode_tunnel.o
  CC      net/xfrm/xfrm_sysctl.o
  CC      net/netfilter/nf_nat_proto_common.o
  CC      drivers/input/touchscreen/ft8716/focaltech_ex_fun.o
  CC      drivers/kernelsu/sucompat.o
  CC      net/ipv4/ipconfig.o
  CC      net/xfrm/xfrm_replay.o
  CC      drivers/input/touchscreen/synaptics_dsx/synaptics_dsx_i2c.o
  CC      net/wireless/nl80211.o
  CC      drivers/input/touchscreen/ft8716/focaltech_ex_mode.o
  CC      drivers/kernelsu/throne_tracker.o
  CC      net/netfilter/nf_nat_proto_udp.o
  LD      drivers/input/touchscreen/synaptics_dsx/built-in.o
  CC      drivers/kernelsu/core_hook.o
  CC      net/ipv6/addrconf_core.o
  CC      net/ipv4/netfilter.o
  CC      drivers/input/touchscreen/ft8716/focaltech_flash.o
  CC      net/xfrm/xfrm_proc.o
  CC      net/wireless/mlme.o
  CC      net/netfilter/nf_nat_proto_tcp.o
  CC      drivers/kernelsu/ksud.o
  CC      drivers/input/touchscreen/ft8716/focaltech_gesture.o
  CC      net/xfrm/xfrm_algo.o
  CC      net/ipv6/exthdrs_core.o
  CC      net/netfilter/nf_nat_helper.o
  CC      net/ipv4/netfilter/nf_conntrack_l3proto_ipv4.o
  CC      drivers/kernelsu/embed_ksud.o
  CC      drivers/kernelsu/kernel_compat.o
  CC      drivers/input/touchscreen/ft8716/focaltech_esdcheck.o
  CC      net/ipv4/netfilter/nf_conntrack_proto_icmp.o
  CC      net/ipv6/ip6_checksum.o
  CC      drivers/kernelsu/selinux/selinux.o
  CC      net/xfrm/xfrm_user.o
  CC      drivers/input/touchscreen/ft8716/focaltech_i2c.o
  CC      net/netfilter/nf_nat_redirect.o
  CC      net/compat.o
  CC      drivers/kernelsu/selinux/sepolicy.o
  CC      net/ipv4/netfilter/nf_nat_l3proto_ipv4.o
  CC      drivers/input/touchscreen/ft8716/focaltech_sensor.o
  CC      net/ipv6/ip6_icmp.o
  CC      drivers/kernelsu/selinux/rules.o
  CC      drivers/input/touchscreen/ft8716/focaltech_point_report_check.o
  CC      net/netfilter/nf_nat_proto_dccp.o
  CC      net/xfrm/xfrm_ipcomp.o
  CC      net/ipv4/netfilter/nf_nat_proto_icmp.o
  CC      drivers/input/touchscreen/ft8716/focaltech_flash/focaltech_upgrade_idc.o
  LD      drivers/kernelsu/kernelsu.o
  CC      net/netfilter/nf_nat_proto_udplite.o
  CC      drivers/input/touchscreen/ft8716/focaltech_flash/focaltech_upgrade_ft8716.o
  LD      drivers/kernelsu/built-in.o
  CC      drivers/input/touchscreen/ft8716/focaltech_flash/focaltech_upgrade_test.o
  CC      net/ipv6/output_core.o
  CC      net/ipv4/netfilter/nf_defrag_ipv4.o
  CC      net/netfilter/nf_nat_proto_sctp.o
  LD      drivers/input/touchscreen/ft8716/focaltech_flash/built-in.o
  CC      drivers/input/touchscreen/synaptics_dsx_2.6/synaptics_dsx_i2c.o
  LD      drivers/input/touchscreen/ft8716/built-in.o
  CC      net/sysctl_net.o
  CC      net/xfrm/xfrm_interface.o
  CC      net/wireless/ibss.o
  CC      net/netfilter/nf_nat_amanda.o
  CC      net/ipv6/protocol.o
  LD      drivers/input/touchscreen/synaptics_dsx_2.6/built-in.o
  LD      drivers/input/touchscreen/built-in.o
  CC      net/ipv4/netfilter/nf_log_ipv4.o
  LD      drivers/input/built-in.o
  LD      net/xfrm/built-in.o
  CC      net/netfilter/nf_nat_ftp.o
  LD      drivers/lguest/built-in.o
  CC      net/ipv4/netfilter/nf_reject_ipv4.o
  CC      drivers/leds/led-core.o
  CC      net/ipv6/ip6_offload.o
  CC      net/ipv4/inet_diag.o
  CC      net/ipv4/netfilter/nf_nat_h323.o
  CC      drivers/leds/led-class.o
  CC      net/netfilter/nf_nat_irc.o
  LD      drivers/macintosh/built-in.o
  CC      net/ipv4/netfilter/nf_nat_pptp.o
  CC      net/wireless/sme.o
  CC      net/ipv6/tcpv6_offload.o
  CC      net/ipv4/tcp_diag.o
  CC      drivers/leds/led-triggers.o
  CC      net/netfilter/nf_nat_tftp.o
  CC      drivers/mailbox/mailbox.o
  CC      net/ipv4/netfilter/nf_nat_masquerade_ipv4.o
  CC      net/ipv6/exthdrs_offload.o
  CC      net/ipv4/udp_diag.o
  CC      drivers/leds/leds-qti-tri-led.o
  CC      net/netfilter/x_tables.o
  LD      drivers/mailbox/built-in.o
  CC      net/wireless/chan.o
  CC      net/ipv4/tcp_cubic.o
  CC      net/ipv6/inet6_hashtables.o
  CC      drivers/leds/leds-qpnp.o
  CC      net/ipv4/netfilter/nf_nat_proto_gre.o
  CC      net/ipv4/netfilter/ip_tables.o
  CC      drivers/md/linear.o
  CC      net/ipv4/netfilter/iptable_filter.o
  CC      drivers/md/md.o
  CC      net/netfilter/xt_tcpudp.o
  CC      net/ipv6/ip6_udp_tunnel.o
  LD      drivers/media/common/b2c2/built-in.o
  LD      drivers/media/common/saa7146/built-in.o
  CC      drivers/leds/leds-qpnp-flash.o
  LD      drivers/media/common/siano/built-in.o
  CC      drivers/leds/leds-qpnp-flash-common.o
  LD      drivers/media/common/v4l2-tpg/built-in.o
  LD      drivers/media/common/built-in.o
  CC      drivers/media/dvb-core/dvbdev.o
  CC      net/wireless/ethtool.o
  LD      drivers/media/dvb-frontends/built-in.o
  CC      drivers/leds/leds-qpnp-flash-v2.o
  CC      net/netfilter/xt_mark.o
  CC      net/ipv4/netfilter/iptable_mangle.o
  CC      drivers/media/dvb-core/dmxdev.o
  CC      drivers/leds/leds-qpnp-wled.o
  CC      net/ipv6/mcast_snoop.o
  CC      net/netfilter/xt_connmark.o
  LD      drivers/media/firewire/built-in.o
  CC      drivers/media/dvb-core/dvb_demux.o
  CC      net/ipv4/netfilter/iptable_nat.o
  CC      drivers/leds/leds-qpnp-haptics.o
  CC      net/wireless/mesh.o
  CC      net/netfilter/xt_nat.o
  CC      net/ipv4/netfilter/iptable_raw.o
  LD      net/ipv6/ipv6.o
  LD      net/ipv6/built-in.o
  CC      net/ipv4/cipso_ipv4.o
  CC      drivers/md/bitmap.o
  CC      drivers/leds/leds-qpnp-vibrator-ldo.o
  CC      net/netfilter/xt_CLASSIFY.o
  CC      net/ipv4/xfrm4_policy.o
  CC      drivers/media/dvb-core/dvb_filter.o
  CC      net/wireless/ap.o
  CC      net/ipv4/netfilter/iptable_security.o
  CC      drivers/leds/leds-aw2013.o
  CC      drivers/media/dvb-core/dvb_ca_en50221.o
  CC      net/netfilter/xt_CONNSECMARK.o
  CC      net/ipv4/netfilter/ipt_ah.o
  CC      drivers/leds/trigger/ledtrig-timer.o
  CC      drivers/md/dm-uevent.o
  CC      drivers/media/dvb-core/dvb_frontend.o
  CC      net/wireless/trace.o
  LD      drivers/leds/trigger/built-in.o
  LD      drivers/leds/built-in.o
  LD      drivers/media/i2c/soc_camera/built-in.o
  LD      drivers/media/i2c/built-in.o
  CC      net/netfilter/xt_CT.o
  LD      drivers/media/mmc/siano/built-in.o
  CC      net/ipv4/netfilter/ipt_rpfilter.o
  LD      drivers/media/mmc/built-in.o
  CC      net/ipv4/netfilter/ipt_MASQUERADE.o
  CC      drivers/media/dvb-core/dvb_net.o
  LD      drivers/media/pci/b2c2/built-in.o
  LD      drivers/media/pci/ddbridge/built-in.o
  LD      drivers/media/pci/dm1105/built-in.o
  LD      drivers/media/pci/mantis/built-in.o
  CC      drivers/md/dm.o
  LD      drivers/media/pci/netup_unidvb/built-in.o
  LD      drivers/media/pci/ngene/built-in.o
  LD      drivers/media/pci/pluto2/built-in.o
  LD      drivers/media/pci/pt1/built-in.o
  LD      drivers/media/pci/pt3/built-in.o
  LD      drivers/media/pci/saa7146/built-in.o
  LD      drivers/media/pci/smipcie/built-in.o
  LD      drivers/media/pci/ttpci/built-in.o
  LD      drivers/media/pci/built-in.o
  CC      net/ipv4/netfilter/ipt_REJECT.o
  CC      drivers/mfd/mfd-core.o
  CC      drivers/mfd/qcom-i2c-pmic.o
  CC      net/netfilter/xt_HL.o
  LD      drivers/misc/cb710/built-in.o
  LD      drivers/misc/eeprom/built-in.o
  LD      drivers/misc/lis3lv02d/built-in.o
  LD      drivers/misc/mic/bus/built-in.o
  LD      drivers/misc/mic/built-in.o
  LD      drivers/misc/ti-st/built-in.o
  CC      drivers/misc/hdcp_qseecom.o
  CC      net/ipv4/netfilter/arp_tables.o
  CC      net/ipv4/xfrm4_state.o
  CC      drivers/media/dvb-core/dvb_ringbuffer.o
  CC      drivers/mfd/qcom-spmi-pmic.o
  CC      net/netfilter/xt_LOG.o
  CC      drivers/md/dm-table.o
  CC      drivers/misc/msm_hdcp.o
  CC      drivers/mfd/syscon.o
  CC      drivers/media/dvb-core/dvb_math.o
  CC      net/ipv4/xfrm4_input.o
  CC      drivers/misc/qseecom.o
  CC      net/netfilter/xt_NETMAP.o
  LD      drivers/media/dvb-core/dvb-core.o
  LD      drivers/mfd/built-in.o
  LD      drivers/media/dvb-core/built-in.o
  CC      drivers/misc/uid_sys_stats.o
  CC      drivers/media/platform/msm/adsp_shmem/adsp-shmem-device.o
  CC      net/ipv4/netfilter/arpt_mangle.o
  LD      drivers/media/platform/msm/adsp_shmem/built-in.o
  LD      drivers/media/platform/msm/broadcast/built-in.o
  CC      net/netfilter/xt_NFLOG.o
  CC      drivers/md/dm-target.o
  CC      drivers/media/platform/msm/camera_v2-legacy/camera/camera.o
  CC      drivers/media/platform/msm/camera_v2-legacy/common/msm_camera_io_util.o
  CC      drivers/mmc/card/block.o
  CC      net/ipv4/netfilter/arptable_filter.o
  CC      net/netfilter/xt_NFQUEUE.o
  LD      drivers/media/platform/msm/camera_v2-legacy/camera/built-in.o
  CC      net/wireless/ocb.o
  CC      drivers/media/platform/msm/camera_v2-legacy/common/cam_smmu_api.o
  CC      drivers/md/dm-linear.o
  CC      net/ipv4/netfilter/nf_dup_ipv4.o
  CC      net/netfilter/xt_REDIRECT.o
  CC      drivers/media/radio/radio-iris.o
  CC      drivers/md/dm-stripe.o
  CC      drivers/media/platform/msm/camera_v2-legacy/common/cam_hw_ops.o
  CC      net/wireless/wext-core.o
  CC      net/netfilter/xt_SECMARK.o
  CC      drivers/mmc/card/queue.o
  LD      net/ipv4/netfilter/nf_conntrack_ipv4.o
  CC      drivers/md/dm-ioctl.o
  LD      net/ipv4/netfilter/nf_nat_ipv4.o
  CC      drivers/media/platform/msm/camera_v2-legacy/common/cam_soc_api.o
  LD      net/ipv4/netfilter/built-in.o
  CC      net/ipv4/xfrm4_output.o
  CC      net/netfilter/xt_TPROXY.o
  CC      net/wireless/wext-proc.o
  LD      drivers/mmc/card/mmc_block.o
  LD      drivers/media/platform/msm/camera_v2-legacy/common/built-in.o
  LD      drivers/mmc/card/built-in.o
../scripts/gcc-version.sh: line 25: aarch64-linux-gnu-gcc: command not found
../scripts/gcc-version.sh: line 26: aarch64-linux-gnu-gcc: command not found
  CC      drivers/media/platform/msm/camera_v2-legacy/fd/msm_fd_dev.o
  CC      drivers/mmc/core/core.o
  CC      drivers/md/dm-io.o
  CC      drivers/media/radio/radio-iris-transport.o
  LD      drivers/misc/built-in.o
  CC      net/ipv4/xfrm4_protocol.o
  CC      net/netfilter/xt_TCPMSS.o
  LD      drivers/media/platform/omap/built-in.o
  CC      drivers/mmc/core/bus.o
  CC      net/wireless/wext-spy.o
  CC      drivers/media/platform/msm/camera_v2-legacy/fd/msm_fd_hw.o
  LD      drivers/media/radio/built-in.o
  CC      drivers/mmc/core/host.o
  CC      drivers/md/dm-kcopyd.o
  CC      net/netfilter/xt_TEE.o
  CC      drivers/media/platform/msm/sde/rotator/sde_rotator_dev.o
  LD      drivers/media/platform/msm/camera_v2-legacy/fd/built-in.o
  CC      drivers/media/platform/msm/camera_v2-legacy/isp/msm_isp.o
  CC      net/wireless/wext-priv.o
  LD      net/ipv4/gre.o
  LD      net/ipv4/built-in.o
  CC      net/netfilter/xt_TRACE.o
  CC      drivers/media/platform/msm/sde/rotator/sde_rotator_core.o
  CC      drivers/net/dummy.o
  CC      drivers/media/platform/msm/camera_v2-legacy/isp/msm_buf_mgr.o
  CC      drivers/md/dm-sysfs.o
  CC      net/wireless/regdb.o
  CC      drivers/mmc/core/mmc.o
  CC      net/netfilter/xt_IDLETIMER.o
  CC      drivers/md/dm-stats.o
  CC      drivers/net/mii.o
  LD      net/wireless/cfg80211.o
  LD      net/wireless/built-in.o
  CC      drivers/media/platform/msm/camera_v2-legacy/ispif/msm_ispif.o
../scripts/gcc-version.sh: line 25: aarch64-linux-gnu-gcc: command not found
../scripts/gcc-version.sh: line 26: aarch64-linux-gnu-gcc: command not found
  CC      drivers/media/platform/msm/camera_v2-legacy/isp/msm_isp_util.o
  CC      drivers/media/platform/msm/camera_v2-legacy/jpeg_10/msm_jpeg_dev.o
  CC      net/netfilter/xt_HARDIDLETIMER.o
  CC      drivers/media/platform/msm/sde/rotator/sde_rotator_base.o
  CC      drivers/media/platform/msm/camera_v2-legacy/jpeg_10/msm_jpeg_sync.o
  CC      drivers/md/dm-rq.o
  CC      drivers/net/Space.o
  CC      net/netfilter/xt_bpf.o
  CC      drivers/mmc/core/mmc_ops.o
  LD      drivers/media/platform/msm/camera_v2-legacy/ispif/built-in.o
  CC      net/netfilter/xt_comment.o
  CC      drivers/media/platform/msm/sde/rotator/sde_rotator_formats.o
  CC      drivers/net/loopback.o
  CC      drivers/media/platform/msm/camera_v2-legacy/isp/msm_isp_axi_util.o
  CC      drivers/mmc/host/sdhci.o
  CC      drivers/media/platform/msm/camera_v2-legacy/jpeg_10/msm_jpeg_core.o
  CC      drivers/md/dm-builtin.o
  CC      net/netfilter/xt_connlimit.o
  CC      drivers/media/platform/msm/sde/rotator/sde_rotator_util.o
  CC      drivers/mmc/core/sd.o
  CC      drivers/media/platform/msm/camera_v2-legacy/jpeg_10/msm_jpeg_hw.o
  LD      drivers/net/ethernet/8390/built-in.o
  LD      drivers/net/ethernet/amd/built-in.o
  LD      drivers/net/ethernet/arc/built-in.o
  LD      drivers/net/ethernet/broadcom/built-in.o
  LD      drivers/net/ethernet/i825xx/built-in.o
  LD      drivers/net/ethernet/intel/built-in.o
  LD      drivers/net/ethernet/micrel/built-in.o
  LD      drivers/net/ethernet/microchip/built-in.o
  LD      drivers/net/ethernet/natsemi/built-in.o
  LD      drivers/net/ethernet/qualcomm/emac/built-in.o
  LD      drivers/net/ethernet/qualcomm/built-in.o
  LD      drivers/net/ethernet/renesas/built-in.o
  LD      drivers/net/ethernet/samsung/built-in.o
  LD      drivers/net/ethernet/seeq/built-in.o
  CC      drivers/media/platform/msm/sde/rotator/sde_rotator_io_util.o
  CC      drivers/md/dm-bufio.o
  LD      drivers/net/ethernet/smsc/built-in.o
  LD      drivers/net/ethernet/stmicro/built-in.o
  LD      drivers/net/ethernet/via/built-in.o
  LD      drivers/net/ethernet/wiznet/built-in.o
  LD      drivers/net/ethernet/built-in.o
  CC      drivers/mmc/core/sd_ops.o
  CC      drivers/net/phy/phy.o
  CC      net/netfilter/xt_conntrack.o
  CC      drivers/media/platform/msm/camera_v2-legacy/jpeg_10/msm_jpeg_platform.o
  CC      drivers/media/platform/msm/sde/rotator/sde_rotator_smmu.o
  LD      drivers/media/platform/msm/camera_v2-legacy/jpeg_10/built-in.o
  CC      drivers/media/platform/msm/camera_v2-legacy/isp/msm_isp_stats_util.o
  CC      drivers/nfc/nq-nci.o
  CC      drivers/mmc/core/sdio.o
  CC      net/netfilter/xt_dscp.o
  CC      drivers/media/platform/msm/sde/rotator/sde_rotator_r1_wb.o
  CC      drivers/mmc/host/sdhci-pltfm.o
  CC      drivers/md/dm-crypt.o
  CC      drivers/net/phy/phy_device.o
  LD      drivers/nfc/built-in.o
  CC      drivers/net/ppp/ppp_generic.o
  CC      drivers/media/platform/msm/camera_v2-legacy/isp/msm_isp47.o
  CC      drivers/media/platform/msm/sde/rotator/sde_rotator_r1_pipe.o
  CC      net/netfilter/xt_ecn.o
  CC      drivers/mmc/core/sdio_ops.o
  CC      drivers/mmc/host/sdhci-msm.o
  CC      drivers/media/platform/msm/sde/rotator/sde_rotator_r1_ctl.o
  CC      drivers/md/dm-verity-fec.o
  CC      drivers/mmc/core/sdio_bus.o
  CC      net/netfilter/xt_esp.o
  CC      drivers/media/platform/msm/sde/rotator/sde_rotator_r1.o
  CC      drivers/net/phy/mdio_bus.o
  CC      drivers/media/platform/msm/camera_v2-legacy/isp/msm_isp46.o
  CC      net/netfilter/xt_hashlimit.o
  CC      drivers/md/dm-verity-target.o
  CC      drivers/mmc/core/sdio_cis.o
  CC      drivers/media/platform/msm/sde/rotator/sde_rotator_r3.o
../drivers/mmc/core/sdio_cis.c:58:31: warning: size argument in 'strlcpy' call appears to be size of the source; expected the size of the destination [-Wstrlcpy-strlcat-size]
                strlcpy(string, buf, strlen(buf) + 1);
                                     ~~~~~~~^~~~~~~~
  CC      drivers/net/ppp/ppp_async.o
1 warning generated.
  CC      drivers/mmc/core/sdio_io.o
  CC      drivers/net/phy/mdio_device.o
  CC      drivers/mmc/host/sdhci-msm-ice.o
  CC      drivers/media/platform/msm/camera_v2-legacy/isp/msm_isp44.o
  CC      net/netfilter/xt_helper.o
  CC      drivers/md/dm-req-crypt.o
  CC      drivers/net/ppp/bsd_comp.o
  CC      drivers/mmc/host/cmdq_hci.o
  CC      drivers/media/platform/msm/sde/rotator/sde_rotator_sync.o
  CC      drivers/net/phy/swphy.o
  CC      drivers/mmc/core/sdio_irq.o
  CC      drivers/net/ppp/ppp_deflate.o
  CC      net/netfilter/xt_hl.o
  CC      drivers/media/platform/msm/sde/rotator/sde_rotator_debug.o
  CC      drivers/net/ppp/ppp_mppe.o
  CC      drivers/net/phy/fixed_phy.o
  CC      drivers/media/platform/msm/camera_v2-legacy/isp/msm_isp40.o
  CC      drivers/mmc/core/quirks.o
  CC      net/netfilter/xt_iprange.o
  LD      drivers/mmc/host/built-in.o
  CC      drivers/md/dm-android-verity.o
  CC      drivers/md/dm-bow.o
  CC      drivers/net/ppp/ppp_synctty.o
  CC      drivers/media/platform/msm/sde/rotator/sde_rotator_r1_debug.o
  CC      drivers/mmc/core/slot-gpio.o
  LD      drivers/net/phy/libphy.o
  LD      drivers/net/phy/built-in.o
  LD      drivers/media/rc/keymaps/built-in.o
  CC      drivers/media/rc/peelir.o
  CC      drivers/media/platform/msm/sde/rotator/sde_rotator_r3_debug.o
  CC      net/netfilter/xt_length.o
  CC      drivers/media/platform/msm/vidc_3x/msm_v4l2_vidc.o
  LD      drivers/md/md-mod.o
  LD      drivers/md/dm-mod.o
  LD      drivers/md/dm-verity.o
  LD      drivers/media/platform/msm/camera_v2-legacy/isp/built-in.o
  LD      drivers/md/built-in.o
  CC      drivers/mmc/core/pwrseq.o
  CC      drivers/media/platform/msm/camera_v2-legacy/msm_buf_mgr/msm_generic_buf_mgr.o
  CC      drivers/net/ppp/pppox.o
  CC      net/netfilter/xt_limit.o
  LD      drivers/media/rc/built-in.o
  LD      drivers/media/platform/msm/sde/rotator/built-in.o
  LD      drivers/media/spi/built-in.o
  LD      drivers/media/platform/msm/sde/built-in.o
  CC      drivers/net/slip/slhc.o
  CC      drivers/media/platform/msm/vidc_3x/msm_vidc_common.o
  CC      drivers/media/platform/msm/camera_v2-legacy/msm_vb2/msm_vb2.o
  CC      drivers/media/platform/msm/camera_v2-legacy/pproc/cpp/msm_cpp_soc.o
  CC      net/netfilter/xt_mac.o
  LD      drivers/media/platform/msm/camera_v2-legacy/msm_buf_mgr/built-in.o
  CC      drivers/net/ppp/pppoe.o
  CC      drivers/mmc/core/debugfs.o
  CC      drivers/media/platform/msm/camera_v2-legacy/pproc/cpp/msm_cpp.o
  CC      drivers/media/tuners/tuner-xc2028.o
  CC      net/netfilter/xt_multiport.o
  LD      drivers/media/platform/msm/camera_v2-legacy/msm_vb2/built-in.o
  LD      drivers/nvme/host/built-in.o
  LD      drivers/nvme/target/built-in.o
  LD      drivers/nvme/built-in.o
  CC      drivers/media/platform/msm/vidc_3x/msm_vidc.o
  LD      drivers/mmc/core/mmc_core.o
  LD      drivers/mmc/core/built-in.o
  LD      drivers/net/slip/built-in.o
  LD      drivers/mmc/built-in.o
  CC      drivers/net/usb/r8152.o
  CC      drivers/media/platform/msm/camera_v2-legacy/sensor/actuator/msm_actuator.o
  CC      drivers/net/ppp/pptp.o
  CC      net/netfilter/xt_pkttype.o
../drivers/net/ppp/pptp.c:398:20: warning: taking address of packed member 'sa_addr' of class or structure 'sockaddr_pppox' may result in an unaligned pointer value [-Waddress-of-packed-member]
        if (add_chan(po, &sp->sa_addr.pptp))
                          ^~~~~~~~~~~~~~~~
  CC      drivers/media/tuners/tuner-simple.o
  LD      drivers/media/platform/msm/camera_v2-legacy/sensor/actuator/built-in.o
1 warning generated.
  CC      drivers/media/platform/msm/camera_v2-legacy/sensor/cci/msm_cci.o
  CC      drivers/net/ppp/pppolac.o
  CC      drivers/media/platform/msm/camera_v2-legacy/sensor/csid/msm_csid.o
  CC      drivers/media/platform/msm/vidc_3x/msm_vdec.o
  CC      net/netfilter/xt_policy.o
  LD      drivers/media/platform/msm/camera_v2-legacy/pproc/cpp/built-in.o
  LD      drivers/media/platform/msm/camera_v2-legacy/pproc/built-in.o
  CC      drivers/net/wireless/cnss_prealloc/cnss_prealloc.o
  LD      drivers/media/platform/msm/camera_v2-legacy/sensor/csid/built-in.o
  CC      drivers/media/tuners/tuner-types.o
  CC      drivers/media/platform/msm/camera_v2-legacy/sensor/csiphy/msm_csiphy.o
  CC      drivers/net/ppp/pppopns.o
  LD      drivers/net/wireless/cnss_prealloc/built-in.o
  CC      net/netfilter/xt_qtaguid_print.o
  CC      drivers/net/wireless/cnss_utils/cnss_utils.o
  LD      drivers/media/platform/msm/camera_v2-legacy/sensor/cci/built-in.o
  CC      drivers/media/tuners/mt20xx.o
  CC      drivers/media/platform/msm/vidc_3x/msm_venc.o
  CC      drivers/nvmem/core.o
  LD      drivers/net/ppp/built-in.o
  LD      drivers/media/platform/msm/camera_v2-legacy/sensor/csiphy/built-in.o
  CC      drivers/net/usb/asix_devices.o
  CC      drivers/media/platform/msm/camera_v2-legacy/sensor/eeprom/msm_eeprom.o
  LD      drivers/media/usb/b2c2/built-in.o
  CC      net/netfilter/xt_qtaguid.o
  LD      drivers/media/usb/dvb-usb/built-in.o
  LD      drivers/media/usb/dvb-usb-v2/built-in.o
  LD      drivers/media/usb/s2255/built-in.o
  LD      drivers/media/usb/siano/built-in.o
  LD      drivers/media/usb/stkwebcam/built-in.o
  CC      drivers/media/tuners/tda8290.o
  LD      drivers/media/usb/ttusb-budget/built-in.o
  LD      drivers/media/usb/ttusb-dec/built-in.o
  LD      drivers/media/usb/zr364xx/built-in.o
  LD      drivers/media/usb/built-in.o
  LD      drivers/net/wireless/cnss_utils/built-in.o
  LD      drivers/net/wireless/built-in.o
  CC      drivers/media/platform/msm/vidc_3x/msm_smem.o
  CC      drivers/of/base.o
  CC      drivers/nvmem/nvmem-sysfs.o
  CC      drivers/net/usb/asix_common.o
  LD      drivers/media/platform/msm/camera_v2-legacy/sensor/eeprom/built-in.o
  CC      drivers/nvmem/qcom-spmi-sdam.o
  CC      drivers/media/platform/msm/camera_v2-legacy/sensor/flash/msm_flash.o
  CC      drivers/media/platform/msm/camera_v2-legacy/sensor/io/msm_camera_cci_i2c.o
  CC      drivers/media/tuners/tda9887.o
  LD      drivers/nvmem/nvmem_core.o
  LD      drivers/nvmem/nvmem_sysfs.o
  LD      drivers/nvmem/built-in.o
  CC      drivers/media/platform/msm/camera_v2-legacy/sensor/ir_cut/msm_ir_cut.o
  CC      drivers/media/platform/msm/vidc_3x/msm_vidc_debug.o
  CC      drivers/media/platform/msm/camera_v2-legacy/sensor/flash/msm_led_flash.o
  CC      drivers/net/usb/ax88172a.o
  CC      drivers/of/device.o
  CC      net/netfilter/xt_quota.o
  CC      drivers/media/platform/msm/camera_v2-legacy/sensor/io/msm_camera_qup_i2c.o
  LD      drivers/media/platform/msm/camera_v2-legacy/sensor/ir_cut/built-in.o
  CC      drivers/media/tuners/tda827x.o
  CC      drivers/media/platform/msm/camera_v2-legacy/sensor/ir_led/msm_ir_led.o
  CC      drivers/media/platform/msm/camera_v2-legacy/sensor/flash/msm_led_trigger.o
  CC      drivers/media/platform/msm/vidc_3x/msm_vidc_res_parse.o
  CC      drivers/net/usb/ax88179_178a.o
  CC      net/netfilter/xt_quota2.o
  CC      drivers/media/platform/msm/camera_v2-legacy/sensor/io/msm_camera_spi.o
  LD      drivers/media/platform/msm/camera_v2-legacy/sensor/ir_led/built-in.o
  CC      drivers/of/platform.o
  CC      drivers/media/platform/msm/vidc_3x/venus_hfi.o
  CC      drivers/media/platform/msm/camera_v2-legacy/sensor/flash/msm_led_i2c_trigger.o
  CC      drivers/media/tuners/tda18271-maps.o
  CC      net/netfilter/xt_socket.o
  CC      drivers/media/platform/msm/camera_v2-legacy/sensor/io/msm_camera_dt_util.o
  CC      drivers/media/tuners/tda18271-common.o
  CC      drivers/media/platform/msm/camera_v2-legacy/sensor/flash/adp1660.o
  CC      drivers/net/usb/cdc_ether.o
  CC      drivers/of/kobj.o
  CC      drivers/media/v4l2-core/v4l2-dev.o
  CC      drivers/of/fdt.o
  CC      drivers/media/platform/msm/camera_v2-legacy/sensor/flash/msm_led_torch.o
  CC      drivers/media/tuners/tda18271-fe.o
  CC      drivers/media/platform/msm/camera_v2-legacy/sensor/io/msm_camera_tz_i2c.o
  LD      drivers/media/platform/msm/camera_v2-legacy/sensor/flash/built-in.o
  CC      drivers/media/platform/msm/camera_v2-legacy/msm.o
  CC      drivers/net/usb/net1080.o
  CC      drivers/media/v4l2-core/v4l2-ioctl.o
  CC      net/netfilter/xt_state.o
  CC      drivers/of/fdt_address.o
  CC      drivers/media/tuners/xc5000.o
  CC      drivers/media/platform/msm/vidc_3x/hfi_response_handler.o
  LD      drivers/media/platform/msm/camera_v2-legacy/sensor/io/built-in.o
  CC      drivers/media/platform/msm/camera_v2-legacy/sensor/ois/msm_ois.o
../drivers/net/usb/net1080.c:381:26: warning: taking address of packed member 'hdr_len' of class or structure 'nc_header' may result in an unaligned pointer value [-Waddress-of-packed-member]
        hdr_len = le16_to_cpup(&header->hdr_len);
                                ^~~~~~~~~~~~~~~
../drivers/net/usb/net1080.c:382:29: warning: taking address of packed member 'packet_len' of class or structure 'nc_header' may result in an unaligned pointer value [-Waddress-of-packed-member]
        packet_len = le16_to_cpup(&header->packet_len);
                                   ^~~~~~~~~~~~~~~~~~
../drivers/net/usb/net1080.c:420:42: warning: taking address of packed member 'packet_id' of class or structure 'nc_trailer' may result in an unaligned pointer value [-Waddress-of-packed-member]
        if (header->packet_id != get_unaligned(&trailer->packet_id)) {
                                                ^~~~~~~~~~~~~~~~~~
../include/asm-generic/unaligned.h:21:24: note: expanded from macro 'get_unaligned'
# define get_unaligned  __get_unaligned_le
                        ^
../include/linux/unaligned/generic.h:10:52: note: expanded from macro '__get_unaligned_le'
#define __get_unaligned_le(ptr) ((__force typeof(*(ptr)))({                     \
                                                   ^~~
../drivers/net/usb/net1080.c:420:42: warning: taking address of packed member 'packet_id' of class or structure 'nc_trailer' may result in an unaligned pointer value [-Waddress-of-packed-member]
        if (header->packet_id != get_unaligned(&trailer->packet_id)) {
                                                ^~~~~~~~~~~~~~~~~~
../include/asm-generic/unaligned.h:21:24: note: expanded from macro 'get_unaligned'
# define get_unaligned  __get_unaligned_le
                        ^
../include/linux/unaligned/generic.h:11:33: note: expanded from macro '__get_unaligned_le'
        __builtin_choose_expr(sizeof(*(ptr)) == 1, *(ptr),                      \
                                       ^~~
../drivers/net/usb/net1080.c:420:42: warning: taking address of packed member 'packet_id' of class or structure 'nc_trailer' may result in an unaligned pointer value [-Waddress-of-packed-member]
        if (header->packet_id != get_unaligned(&trailer->packet_id)) {
                                                ^~~~~~~~~~~~~~~~~~
../include/asm-generic/unaligned.h:21:24: note: expanded from macro 'get_unaligned'
# define get_unaligned  __get_unaligned_le
                        ^
../include/linux/unaligned/generic.h:11:47: note: expanded from macro '__get_unaligned_le'
        __builtin_choose_expr(sizeof(*(ptr)) == 1, *(ptr),                      \
                                                     ^~~
../drivers/net/usb/net1080.c:420:42: warning: taking address of packed member 'packet_id' of class or structure 'nc_trailer' may result in an unaligned pointer value [-Waddress-of-packed-member]
        if (header->packet_id != get_unaligned(&trailer->packet_id)) {
                                                ^~~~~~~~~~~~~~~~~~
../include/asm-generic/unaligned.h:21:24: note: expanded from macro 'get_unaligned'
# define get_unaligned  __get_unaligned_le
                        ^
../include/linux/unaligned/generic.h:12:33: note: expanded from macro '__get_unaligned_le'
        __builtin_choose_expr(sizeof(*(ptr)) == 2, get_unaligned_le16((ptr)),   \
                                       ^~~
../drivers/net/usb/net1080.c:420:42: warning: taking address of packed member 'packet_id' of class or structure 'nc_trailer' may result in an unaligned pointer value [-Waddress-of-packed-member]
        if (header->packet_id != get_unaligned(&trailer->packet_id)) {
                                                ^~~~~~~~~~~~~~~~~~
../include/asm-generic/unaligned.h:21:24: note: expanded from macro 'get_unaligned'
# define get_unaligned  __get_unaligned_le
                        ^
../include/linux/unaligned/generic.h:13:33: note: expanded from macro '__get_unaligned_le'
        __builtin_choose_expr(sizeof(*(ptr)) == 4, get_unaligned_le32((ptr)),   \
                                       ^~~
../drivers/net/usb/net1080.c:420:42: warning: taking address of packed member 'packet_id' of class or structure 'nc_trailer' may result in an unaligned pointer value [-Waddress-of-packed-member]
        if (header->packet_id != get_unaligned(&trailer->packet_id)) {
                                                ^~~~~~~~~~~~~~~~~~
../include/asm-generic/unaligned.h:21:24: note: expanded from macro 'get_unaligned'
# define get_unaligned  __get_unaligned_le
                        ^
../include/linux/unaligned/generic.h:13:65: note: expanded from macro '__get_unaligned_le'
        __builtin_choose_expr(sizeof(*(ptr)) == 4, get_unaligned_le32((ptr)),   \
                                                                       ^~~
../drivers/net/usb/net1080.c:420:42: warning: taking address of packed member 'packet_id' of class or structure 'nc_trailer' may result in an unaligned pointer value [-Waddress-of-packed-member]
        if (header->packet_id != get_unaligned(&trailer->packet_id)) {
                                                ^~~~~~~~~~~~~~~~~~
../include/asm-generic/unaligned.h:21:24: note: expanded from macro 'get_unaligned'
# define get_unaligned  __get_unaligned_le
                        ^
../include/linux/unaligned/generic.h:14:33: note: expanded from macro '__get_unaligned_le'
        __builtin_choose_expr(sizeof(*(ptr)) == 8, get_unaligned_le64((ptr)),   \
                                       ^~~
../drivers/net/usb/net1080.c:420:42: warning: taking address of packed member 'packet_id' of class or structure 'nc_trailer' may result in an unaligned pointer value [-Waddress-of-packed-member]
        if (header->packet_id != get_unaligned(&trailer->packet_id)) {
                                                ^~~~~~~~~~~~~~~~~~
../include/asm-generic/unaligned.h:21:24: note: expanded from macro 'get_unaligned'
# define get_unaligned  __get_unaligned_le
                        ^
../include/linux/unaligned/generic.h:14:65: note: expanded from macro '__get_unaligned_le'
        __builtin_choose_expr(sizeof(*(ptr)) == 8, get_unaligned_le64((ptr)),   \
                                                                       ^~~
../drivers/net/usb/net1080.c:487:36: warning: taking address of packed member 'packet_id' of class or structure 'nc_trailer' may result in an unaligned pointer value [-Waddress-of-packed-member]
        put_unaligned(header->packet_id, &trailer->packet_id);
                                          ^~~~~~~~~~~~~~~~~~
../include/asm-generic/unaligned.h:22:24: note: expanded from macro 'put_unaligned'
# define put_unaligned  __put_unaligned_le
                        ^
../include/linux/unaligned/generic.h:28:19: note: expanded from macro '__put_unaligned_le'
        switch (sizeof(*(ptr))) {                                       \
                         ^~~
11 warnings generated.
  CC      drivers/net/usb/cdc_subset.o
  CC      drivers/of/address.o
  CC      net/netfilter/xt_statistic.o
  CC      net/netfilter/xt_string.o
  LD      drivers/media/platform/msm/camera_v2-legacy/sensor/ois/built-in.o
  CC      drivers/net/usb/zaurus.o
  CC      drivers/media/platform/msm/camera_v2-legacy/sensor/msm_sensor_init.o
  CC      drivers/media/tuners/xc4000.o
  CC      drivers/media/platform/msm/vidc_3x/hfi_packetization.o
  CC      drivers/net/tun.o
  CC      drivers/of/irq.o
  CC      drivers/media/v4l2-core/v4l2-device.o
  CC      drivers/media/platform/msm/camera_v2-legacy/sensor/msm_sensor_driver.o
  CC      net/netfilter/xt_time.o
  CC      drivers/net/usb/usbnet.o
  CC      drivers/media/platform/msm/vidc_3x/vidc_hfi.o
  CC      drivers/media/tuners/mc44s803.o
  CC      drivers/media/v4l2-core/v4l2-fh.o
  CC      net/netfilter/xt_u32.o
  CC      drivers/of/of_net.o
  CC      drivers/media/platform/msm/camera_v2-legacy/sensor/msm_sensor.o
  CC      drivers/media/platform/msm/vidc_3x/venus_boot.o
  LD      drivers/media/tuners/tda18271.o
  CC      drivers/media/v4l2-core/v4l2-event.o
  LD      net/netfilter/netfilter.o
  LD      drivers/media/tuners/built-in.o
  LD      net/netfilter/nf_conntrack.o
  CC      drivers/perf/arm_pmu.o
  LD      net/netfilter/nf_conntrack_h323.o
  LD      net/netfilter/nf_nat.o
  LD      net/netfilter/built-in.o
  LD      drivers/media/platform/msm/camera_v2-legacy/sensor/built-in.o
  LD      drivers/media/platform/msm/camera_v2-legacy/built-in.o
  CC      drivers/net/usb/cdc_ncm.o
  CC      drivers/of/of_mdio.o
  CC      drivers/media/platform/msm/vidc_3x/msm_vidc_dcvs.o
  CC      drivers/media/v4l2-core/v4l2-ctrls.o
  CC      drivers/phy/phy-core.o
  LD      net/built-in.o
  CC      drivers/of/of_reserved_mem.o
  CC      drivers/phy/phy-qcom-ufs.o
  CC      drivers/media/platform/msm/vidc_3x/governors/msm_vidc_dyn_gov.o
  CC      drivers/of/of_slimbus.o
  LD      drivers/perf/built-in.o
  CC      drivers/media/media-device.o
  CC      drivers/media/platform/msm/vidc_3x/governors/msm_vidc_table_gov.o
  LD      drivers/net/usb/asix.o
  CC      drivers/media/v4l2-core/v4l2-subdev.o
  CC      drivers/of/of_batterydata.o
  LD      drivers/net/usb/built-in.o
  CC      drivers/phy/phy-qcom-ufs-qmp-14nm.o
  LD      drivers/net/built-in.o
  CC      drivers/media/media-devnode.o
  CC      drivers/media/v4l2-core/v4l2-clk.o
  CC      drivers/phy/phy-qcom-ufs-qmp-v3.o
  LD      drivers/media/platform/msm/vidc_3x/governors/built-in.o
  LD      drivers/media/platform/msm/vidc_3x/built-in.o
  LD      drivers/of/built-in.o
  LD      drivers/media/platform/msm/built-in.o
  CC      drivers/media/media-entity.o
  CC      drivers/media/v4l2-core/v4l2-async.o
  CC      drivers/phy/phy-qcom-ufs-qrbtc-sdm845.o
  CC      drivers/phy/phy-qcom-ufs-qmp-v3-660.o
  LD      drivers/media/platform/built-in.o
  CC      drivers/media/v4l2-core/v4l2-compat-ioctl32.o
  CC      drivers/pinctrl/core.o
  CC      drivers/platform/msm/ipa/ipa_clients/odu_bridge.o
  CC      drivers/pinctrl/pinctrl-utils.o
  LD      drivers/phy/built-in.o
  CC      drivers/pinctrl/pinmux.o
../drivers/media/v4l2-core/v4l2-compat-ioctl32.c:856:21: warning: taking address of packed member 'id' of class or structure 'v4l2_ext_control' may result in an unaligned pointer value [-Waddress-of-packed-member]
                if (get_user(id, &kcontrols->id))
                                  ^~~~~~~~~~~~~
../arch/arm64/include/asm/uaccess.h:355:18: note: expanded from macro 'get_user'
#define get_user        __get_user
                        ^
../arch/arm64/include/asm/uaccess.h:349:25: note: expanded from macro '__get_user'
        __get_user_check((x), (ptr), __gu_err);                         \
                               ^~~
../arch/arm64/include/asm/uaccess.h:330:15: note: expanded from macro '__get_user_check'
        __typeof__(*(ptr)) __user *__p = (ptr);                         \
                     ^~~
../drivers/media/v4l2-core/v4l2-compat-ioctl32.c:856:21: warning: taking address of packed member 'id' of class or structure 'v4l2_ext_control' may result in an unaligned pointer value [-Waddress-of-packed-member]
                if (get_user(id, &kcontrols->id))
                                  ^~~~~~~~~~~~~
../arch/arm64/include/asm/uaccess.h:355:18: note: expanded from macro 'get_user'
#define get_user        __get_user
                        ^
../arch/arm64/include/asm/uaccess.h:349:25: note: expanded from macro '__get_user'
        __get_user_check((x), (ptr), __gu_err);                         \
                               ^~~
../arch/arm64/include/asm/uaccess.h:330:36: note: expanded from macro '__get_user_check'
        __typeof__(*(ptr)) __user *__p = (ptr);                         \
                                          ^~~
../drivers/media/v4l2-core/v4l2-compat-ioctl32.c:862:21: warning: taking address of packed member '' of class or structure 'v4l2_ext_control32' may result in an unaligned pointer value [-Waddress-of-packed-member]
                        if (get_user(p, &ucontrols->string))
                                         ^~~~~~~~~~~~~~~~~
../arch/arm64/include/asm/uaccess.h:355:18: note: expanded from macro 'get_user'
#define get_user        __get_user
                        ^
../arch/arm64/include/asm/uaccess.h:349:25: note: expanded from macro '__get_user'
        __get_user_check((x), (ptr), __gu_err);                         \
                               ^~~
../arch/arm64/include/asm/uaccess.h:330:15: note: expanded from macro '__get_user_check'
        __typeof__(*(ptr)) __user *__p = (ptr);                         \
                     ^~~
../drivers/media/v4l2-core/v4l2-compat-ioctl32.c:862:21: warning: taking address of packed member '' of class or structure 'v4l2_ext_control32' may result in an unaligned pointer value [-Waddress-of-packed-member]
                        if (get_user(p, &ucontrols->string))
                                         ^~~~~~~~~~~~~~~~~
../arch/arm64/include/asm/uaccess.h:355:18: note: expanded from macro 'get_user'
#define get_user        __get_user
                        ^
../arch/arm64/include/asm/uaccess.h:349:25: note: expanded from macro '__get_user'
        __get_user_check((x), (ptr), __gu_err);                         \
                               ^~~
../arch/arm64/include/asm/uaccess.h:330:36: note: expanded from macro '__get_user_check'
        __typeof__(*(ptr)) __user *__p = (ptr);                         \
                                          ^~~
../drivers/media/v4l2-core/v4l2-compat-ioctl32.c:865:21: warning: taking address of packed member '' of class or structure 'v4l2_ext_control' may result in an unaligned pointer value [-Waddress-of-packed-member]
                        if (put_user(s, &kcontrols->string))
                                         ^~~~~~~~~~~~~~~~~
../arch/arm64/include/asm/uaccess.h:426:18: note: expanded from macro 'put_user'
#define put_user        __put_user
                        ^
../arch/arm64/include/asm/uaccess.h:420:25: note: expanded from macro '__put_user'
        __put_user_check((x), (ptr), __pu_err);                         \
                               ^~~
../arch/arm64/include/asm/uaccess.h:401:15: note: expanded from macro '__put_user_check'
        __typeof__(*(ptr)) __user *__p = (ptr);                         \
                     ^~~
../drivers/media/v4l2-core/v4l2-compat-ioctl32.c:865:21: warning: taking address of packed member '' of class or structure 'v4l2_ext_control' may result in an unaligned pointer value [-Waddress-of-packed-member]
                        if (put_user(s, &kcontrols->string))
                                         ^~~~~~~~~~~~~~~~~
../arch/arm64/include/asm/uaccess.h:426:18: note: expanded from macro 'put_user'
#define put_user        __put_user
                        ^
../arch/arm64/include/asm/uaccess.h:420:25: note: expanded from macro '__put_user'
        __put_user_check((x), (ptr), __pu_err);                         \
                               ^~~
../arch/arm64/include/asm/uaccess.h:401:36: note: expanded from macro '__put_user_check'
        __typeof__(*(ptr)) __user *__p = (ptr);                         \
                                          ^~~
../drivers/media/v4l2-core/v4l2-compat-ioctl32.c:905:21: warning: taking address of packed member 'id' of class or structure 'v4l2_ext_control' may result in an unaligned pointer value [-Waddress-of-packed-member]
                if (get_user(id, &kcontrols->id) ||
                                  ^~~~~~~~~~~~~
../arch/arm64/include/asm/uaccess.h:355:18: note: expanded from macro 'get_user'
#define get_user        __get_user
                        ^
../arch/arm64/include/asm/uaccess.h:349:25: note: expanded from macro '__get_user'
        __get_user_check((x), (ptr), __gu_err);                         \
                               ^~~
../arch/arm64/include/asm/uaccess.h:330:15: note: expanded from macro '__get_user_check'
        __typeof__(*(ptr)) __user *__p = (ptr);                         \
                     ^~~
../drivers/media/v4l2-core/v4l2-compat-ioctl32.c:905:21: warning: taking address of packed member 'id' of class or structure 'v4l2_ext_control' may result in an unaligned pointer value [-Waddress-of-packed-member]
                if (get_user(id, &kcontrols->id) ||
                                  ^~~~~~~~~~~~~
../arch/arm64/include/asm/uaccess.h:355:18: note: expanded from macro 'get_user'
#define get_user        __get_user
                        ^
../arch/arm64/include/asm/uaccess.h:349:25: note: expanded from macro '__get_user'
        __get_user_check((x), (ptr), __gu_err);                         \
                               ^~~
../arch/arm64/include/asm/uaccess.h:330:36: note: expanded from macro '__get_user_check'
        __typeof__(*(ptr)) __user *__p = (ptr);                         \
                                          ^~~
../drivers/media/v4l2-core/v4l2-compat-ioctl32.c:906:21: warning: taking address of packed member 'id' of class or structure 'v4l2_ext_control32' may result in an unaligned pointer value [-Waddress-of-packed-member]
                    put_user(id, &ucontrols->id) ||
                                  ^~~~~~~~~~~~~
../arch/arm64/include/asm/uaccess.h:426:18: note: expanded from macro 'put_user'
#define put_user        __put_user
                        ^
../arch/arm64/include/asm/uaccess.h:420:25: note: expanded from macro '__put_user'
        __put_user_check((x), (ptr), __pu_err);                         \
                               ^~~
../arch/arm64/include/asm/uaccess.h:401:15: note: expanded from macro '__put_user_check'
  CC      drivers/pinctrl/pinconf.o
        __typeof__(*(ptr)) __user *__p = (ptr);                         \
                     ^~~
../drivers/media/v4l2-core/v4l2-compat-ioctl32.c:906:21: warning: taking address of packed member 'id' of class or structure 'v4l2_ext_control32' may result in an unaligned pointer value [-Waddress-of-packed-member]
                    put_user(id, &ucontrols->id) ||
                                  ^~~~~~~~~~~~~
../arch/arm64/include/asm/uaccess.h:426:18: note: expanded from macro 'put_user'
#define put_user        __put_user
                        ^
../arch/arm64/include/asm/uaccess.h:420:25: note: expanded from macro '__put_user'
        __put_user_check((x), (ptr), __pu_err);                         \
                               ^~~
../arch/arm64/include/asm/uaccess.h:401:36: note: expanded from macro '__put_user_check'
        __typeof__(*(ptr)) __user *__p = (ptr);                         \
                                          ^~~
../drivers/media/v4l2-core/v4l2-compat-ioctl32.c:907:41: warning: taking address of packed member 'size' of class or structure 'v4l2_ext_control' may result in an unaligned pointer value [-Waddress-of-packed-member]
                    assign_in_user(&ucontrols->size, &kcontrols->size) ||
                                                      ^~~~~~~~~~~~~~~
../drivers/media/v4l2-core/v4l2-compat-ioctl32.c:28:10: note: expanded from macro 'assign_in_user'
        typeof(*from) __assign_tmp;                                     \
                ^~~~
../drivers/media/v4l2-core/v4l2-compat-ioctl32.c:907:41: warning: taking address of packed member 'size' of class or structure 'v4l2_ext_control' may result in an unaligned pointer value [-Waddress-of-packed-member]
                    assign_in_user(&ucontrols->size, &kcontrols->size) ||
                                                      ^~~~~~~~~~~~~~~
../drivers/media/v4l2-core/v4l2-compat-ioctl32.c:30:25: note: expanded from macro 'assign_in_user'
        get_user(__assign_tmp, from) || put_user(__assign_tmp, to);     \
                               ^~~~
../arch/arm64/include/asm/uaccess.h:349:25: note: expanded from macro '__get_user'
        __get_user_check((x), (ptr), __gu_err);                         \
                               ^~~
../arch/arm64/include/asm/uaccess.h:330:15: note: expanded from macro '__get_user_check'
        __typeof__(*(ptr)) __user *__p = (ptr);                         \
                     ^~~
../drivers/media/v4l2-core/v4l2-compat-ioctl32.c:907:41: warning: taking address of packed member 'size' of class or structure 'v4l2_ext_control' may result in an unaligned pointer value [-Waddress-of-packed-member]
                    assign_in_user(&ucontrols->size, &kcontrols->size) ||
                                                      ^~~~~~~~~~~~~~~
../drivers/media/v4l2-core/v4l2-compat-ioctl32.c:30:25: note: expanded from macro 'assign_in_user'
        get_user(__assign_tmp, from) || put_user(__assign_tmp, to);     \
                               ^~~~
../arch/arm64/include/asm/uaccess.h:349:25: note: expanded from macro '__get_user'
        __get_user_check((x), (ptr), __gu_err);                         \
                               ^~~
../arch/arm64/include/asm/uaccess.h:330:36: note: expanded from macro '__get_user_check'
        __typeof__(*(ptr)) __user *__p = (ptr);                         \
                                          ^~~
../drivers/media/v4l2-core/v4l2-compat-ioctl32.c:907:23: warning: taking address of packed member 'size' of class or structure 'v4l2_ext_control32' may result in an unaligned pointer value [-Waddress-of-packed-member]
                    assign_in_user(&ucontrols->size, &kcontrols->size) ||
                                    ^~~~~~~~~~~~~~~
../drivers/media/v4l2-core/v4l2-compat-ioctl32.c:30:57: note: expanded from macro 'assign_in_user'
        get_user(__assign_tmp, from) || put_user(__assign_tmp, to);     \
                                                               ^~
../arch/arm64/include/asm/uaccess.h:420:25: note: expanded from macro '__put_user'
        __put_user_check((x), (ptr), __pu_err);                         \
                               ^~~
../arch/arm64/include/asm/uaccess.h:401:15: note: expanded from macro '__put_user_check'
        __typeof__(*(ptr)) __user *__p = (ptr);                         \
                     ^~~
../drivers/media/v4l2-core/v4l2-compat-ioctl32.c:907:23: warning: taking address of packed member 'size' of class or structure 'v4l2_ext_control32' may result in an unaligned pointer value [-Waddress-of-packed-member]
                    assign_in_user(&ucontrols->size, &kcontrols->size) ||
                                    ^~~~~~~~~~~~~~~
../drivers/media/v4l2-core/v4l2-compat-ioctl32.c:30:57: note: expanded from macro 'assign_in_user'
        get_user(__assign_tmp, from) || put_user(__assign_tmp, to);     \
                                                               ^~
../arch/arm64/include/asm/uaccess.h:420:25: note: expanded from macro '__put_user'
        __put_user_check((x), (ptr), __pu_err);                         \
                               ^~~
../arch/arm64/include/asm/uaccess.h:401:36: note: expanded from macro '__put_user_check'
        __typeof__(*(ptr)) __user *__p = (ptr);                         \
                                          ^~~
  CC      drivers/platform/msm/sps/bam.o
  CC      drivers/power/qcom/apm.o
  CC      drivers/pwm/core.o
  CC      drivers/power/reset/msm-poweroff.o
  CC      drivers/platform/msm/sps/sps_bam.o
  CC      drivers/pinctrl/devicetree.o
  CC      drivers/pinctrl/pinconf-generic.o
  LD      drivers/power/qcom/built-in.o
  CC      drivers/ras/ras.o
  CC      drivers/power/reset/syscon-reboot.o
  CC      drivers/platform/msm/ipa/ipa_clients/ipa_mhi_client.o
  CC      drivers/pwm/sysfs.o
  LD      drivers/power/reset/built-in.o
  CC      drivers/power/supply/power_supply_core.o
  CC      drivers/ras/debugfs.o
  CC      drivers/pwm/pwm-qpnp.o
  LD      drivers/pinctrl/bcm/built-in.o
15 warnings generated.
  LD      drivers/pinctrl/freescale/built-in.o
  LD      drivers/pinctrl/nomadik/built-in.o
  CC      drivers/pinctrl/qcom/pinctrl-msm.o
  CC      drivers/regulator/core.o
  CC      drivers/media/v4l2-core/v4l2-of.o
  LD      drivers/ras/built-in.o
  CC      drivers/power/supply/power_supply_sysfs.o
  CC      drivers/regulator/dummy.o
  CC      drivers/power/supply/power_supply_leds.o
  CC      drivers/media/v4l2-core/vb2-trace.o
  CC      drivers/pwm/pwm-qti-lpg.o
  CC      drivers/platform/msm/sps/sps.o
  CC      drivers/platform/msm/ipa/ipa_clients/ipa_uc_offload.o
  CC      drivers/platform/msm/ipa/ipa_clients/ipa_wdi3.o
  CC      drivers/pinctrl/qcom/pinctrl-msm8953.o
  CC      drivers/power/supply/qcom/qpnp-fg.o
  CC      drivers/pinctrl/qcom/pinctrl-spmi-gpio.o
  CC      drivers/media/v4l2-core/v4l2-trace.o
  LD      drivers/pwm/built-in.o
  CC      drivers/reset/core.o
  LD      drivers/media/media.o
  CC      drivers/platform/msm/qpnp-coincell.o
  CC      drivers/platform/msm/ipa/ipa_clients/rndis_ipa.o
  CC      drivers/pinctrl/qcom/pinctrl-spmi-mpp.o
  CC      drivers/platform/msm/ipa/ipa_v2/ipa.o
  CC      drivers/regulator/fixed-helper.o
  LD      drivers/reset/hisilicon/built-in.o
  LD      drivers/reset/built-in.o
  CC      drivers/rtc/rtc-lib.o
  CC      drivers/media/v4l2-core/v4l2-mc.o
  CC      drivers/platform/msm/sps/sps_dma.o
  CC      drivers/platform/msm/sps/sps_map.o
  LD      drivers/pinctrl/qcom/built-in.o
  LD      drivers/pinctrl/built-in.o
  CC      drivers/regulator/helpers.o
  CC      drivers/scsi/scsi.o
  CC      drivers/platform/msm/sps/sps_mem.o
  CC      drivers/rtc/hctosys.o
  CC      drivers/platform/msm/sps/sps_rm.o
  CC      drivers/media/v4l2-core/v4l2-common.o
  CC      drivers/regulator/devres.o
  CC      drivers/rtc/systohc.o
  LD      drivers/platform/msm/ipa/ipa_clients/built-in.o
  CC      drivers/sensors/sensors_ssc.o
  CC      drivers/power/supply/qcom/qpnp-smbcharger.o
  CC      drivers/rtc/class.o
  LD      drivers/platform/msm/sps/built-in.o
  CC      drivers/slimbus/slimbus.o
  CC      drivers/regulator/of_regulator.o
  CC      drivers/media/v4l2-core/v4l2-dv-timings.o
  CC      drivers/scsi/hosts.o
  LD      drivers/sensors/built-in.o
  CC      drivers/platform/msm/ipa/ipa_v2/ipa_debugfs.o
  CC      drivers/rtc/interface.o
  CC      drivers/media/v4l2-core/v4l2-mem2mem.o
  CC      drivers/regulator/fixed.o
  CC      drivers/scsi/scsi_ioctl.o
  CC      drivers/rtc/rtc-dev.o
  CC      drivers/media/v4l2-core/videobuf2-core.o
  CC      drivers/regulator/rpm-smd-regulator.o
  CC      drivers/platform/msm/ipa/ipa_v2/ipa_hdr.o
  CC      drivers/slimbus/slim-msm.o
  CC      drivers/platform/msm/ipa/ipa_api.o
  CC      drivers/rtc/rtc-proc.o
  CC      drivers/scsi/scsicam.o
  CC      drivers/rtc/rtc-sysfs.o
  CC      drivers/power/supply/qcom/pmic-voter.o
  CC      drivers/regulator/spm-regulator.o
  CC      drivers/rtc/qpnp-rtc.o
  CC      drivers/slimbus/slim-msm-ngd.o
  CC      drivers/platform/msm/ipa/ipa_v2/ipa_flt.o
  CC      drivers/power/supply/qcom/smb135x-charger.o
  CC      drivers/media/v4l2-core/videobuf2-v4l2.o
  CC      drivers/scsi/scsi_error.o
  CC      drivers/scsi/scsi_lib.o
  LD      drivers/rtc/rtc-core.o
  LD      drivers/rtc/built-in.o
  CC      drivers/platform/msm/ipa/ipa_rm.o
  CC      drivers/regulator/cpr-regulator.o
  LD      drivers/slimbus/built-in.o
  CC      drivers/platform/msm/qpnp-revid.o
  LD      drivers/media/v4l2-core/videodev.o
  LD      drivers/media/v4l2-core/built-in.o
  LD      drivers/media/built-in.o
  CC      drivers/platform/msm/ipa/ipa_v2/ipa_rt.o
  CC      drivers/power/supply/qcom/smb1355-charger.o
  CC      drivers/scsi/scsi_common.o
  LD      drivers/soc/bcm/built-in.o
  LD      drivers/soc/fsl/built-in.o
  CC      drivers/spi/spi.o
  CC      drivers/soc/qcom/qpnp-pbs.o
  CC      drivers/regulator/cpr3-regulator.o
  CC      drivers/spmi/spmi.o
  CC      drivers/power/supply/qcom/smb1351-charger.o
  CC      drivers/scsi/constants.o
  CC      drivers/soc/qcom/msm-spm.o
  CC      drivers/platform/msm/ipa/ipa_v2/ipa_dp.o
  CC      drivers/soc/qcom/spm_devices.o
  CC      drivers/scsi/scsi_lib_dma.o
  CC      drivers/spmi/spmi-pmic-arb.o
  CC      drivers/power/supply/qcom/battery.o
  CC      drivers/spmi/spmi-pmic-arb-debug.o
  CC      drivers/spi/spidev.o
  CC      drivers/power/supply/qcom/qpnp-qg.o
  CC      drivers/platform/msm/msm_rmnet_bam.o
  CC      drivers/soc/qcom/scm.o
  CC      drivers/scsi/scsi_scan.o
  LD      drivers/spmi/built-in.o
  CC      drivers/staging/android/ion/ion.o
  CC      drivers/regulator/cpr3-util.o
../drivers/soc/qcom/scm.c:210:12: warning: value size does not match register size specified by the constraint and modifier [-Wasm-operand-widths]
                        : "=r" (r0)
                                ^
../drivers/soc/qcom/scm.c:202:13: note: use constraint modifier "w"
                        __asmeq("%0", R0_STR)
                                 ^
../drivers/soc/qcom/scm.c:211:11: warning: value size does not match register size specified by the constraint and modifier [-Wasm-operand-widths]
                        : "r" (r0), "r" (r1), "r" (r2)
                               ^
../drivers/soc/qcom/scm.c:203:13: note: use constraint modifier "w"
                        __asmeq("%1", R0_STR)
                                 ^
../drivers/soc/qcom/scm.c:211:21: warning: value size does not match register size specified by the constraint and modifier [-Wasm-operand-widths]
                        : "r" (r0), "r" (r1), "r" (r2)
                                         ^
../drivers/soc/qcom/scm.c:204:13: note: use constraint modifier "w"
                        __asmeq("%2", R1_STR)
                                 ^
../drivers/soc/qcom/scm.c:211:31: warning: value size does not match register size specified by the constraint and modifier [-Wasm-operand-widths]
                        : "r" (r0), "r" (r1), "r" (r2)
                                                   ^
../drivers/soc/qcom/scm.c:205:13: note: use constraint modifier "w"
                        __asmeq("%3", R2_STR)
                                 ^
../drivers/soc/qcom/scm.c:462:12: warning: value size does not match register size specified by the constraint and modifier [-Wasm-operand-widths]
                        : "=r" (r0), "=r" (r1), "=r" (r2), "=r" (r3),
                                ^
../drivers/soc/qcom/scm.c:444:13: note: use constraint modifier "w"
                        __asmeq("%0", R0_STR)
                                 ^
../drivers/soc/qcom/scm.c:462:23: warning: value size does not match register size specified by the constraint and modifier [-Wasm-operand-widths]
                        : "=r" (r0), "=r" (r1), "=r" (r2), "=r" (r3),
                                           ^
../drivers/soc/qcom/scm.c:445:13: note: use constraint modifier "w"
                        __asmeq("%1", R1_STR)
                                 ^
../drivers/soc/qcom/scm.c:462:34: warning: value size does not match register size specified by the constraint and modifier [-Wasm-operand-widths]
                        : "=r" (r0), "=r" (r1), "=r" (r2), "=r" (r3),
                                                      ^
../drivers/soc/qcom/scm.c:446:13: note: use constraint modifier "w"
                        __asmeq("%2", R2_STR)
                                 ^
../drivers/soc/qcom/scm.c:462:45: warning: value size does not match register size specified by the constraint and modifier [-Wasm-operand-widths]
                        : "=r" (r0), "=r" (r1), "=r" (r2), "=r" (r3),
                                                                 ^
../drivers/soc/qcom/scm.c:447:13: note: use constraint modifier "w"
                        __asmeq("%3", R3_STR)
                                 ^
../drivers/soc/qcom/scm.c:463:12: warning: value size does not match register size specified by the constraint and modifier [-Wasm-operand-widths]
                          "=r" (r4), "=r" (r5), "=r" (r6)
                                ^
../drivers/soc/qcom/scm.c:448:13: note: use constraint modifier "w"
                        __asmeq("%4", R4_STR)
                                 ^
../drivers/soc/qcom/scm.c:463:23: warning: value size does not match register size specified by the constraint and modifier [-Wasm-operand-widths]
                          "=r" (r4), "=r" (r5), "=r" (r6)
                                           ^
../drivers/soc/qcom/scm.c:449:13: note: use constraint modifier "w"
                        __asmeq("%5", R5_STR)
                                 ^
../drivers/soc/qcom/scm.c:463:34: warning: value size does not match register size specified by the constraint and modifier [-Wasm-operand-widths]
                          "=r" (r4), "=r" (r5), "=r" (r6)
                                                      ^
../drivers/soc/qcom/scm.c:450:13: note: use constraint modifier "w"
                        __asmeq("%6", R6_STR)
                                 ^
../drivers/soc/qcom/scm.c:464:11: warning: value size does not match register size specified by the constraint and modifier [-Wasm-operand-widths]
                        : "r" (r0), "r" (r1), "r" (r2), "r" (r3), "r" (r4),
                               ^
../drivers/soc/qcom/scm.c:451:13: note: use constraint modifier "w"
                        __asmeq("%7", R0_STR)
                                 ^
../drivers/soc/qcom/scm.c:464:21: warning: value size does not match register size specified by the constraint and modifier [-Wasm-operand-widths]
                        : "r" (r0), "r" (r1), "r" (r2), "r" (r3), "r" (r4),
                                         ^
../drivers/soc/qcom/scm.c:452:13: note: use constraint modifier "w"
                        __asmeq("%8", R1_STR)
                                 ^
../drivers/soc/qcom/scm.c:464:31: warning: value size does not match register size specified by the constraint and modifier [-Wasm-operand-widths]
                        : "r" (r0), "r" (r1), "r" (r2), "r" (r3), "r" (r4),
                                                   ^
../drivers/soc/qcom/scm.c:453:13: note: use constraint modifier "w"
                        __asmeq("%9", R2_STR)
                                 ^
../drivers/soc/qcom/scm.c:464:41: warning: value size does not match register size specified by the constraint and modifier [-Wasm-operand-widths]
                        : "r" (r0), "r" (r1), "r" (r2), "r" (r3), "r" (r4),
                                                             ^
../drivers/soc/qcom/scm.c:454:13: note: use constraint modifier "w"
                        __asmeq("%10", R3_STR)
                                 ^
../drivers/soc/qcom/scm.c:464:51: warning: value size does not match register size specified by the constraint and modifier [-Wasm-operand-widths]
                        : "r" (r0), "r" (r1), "r" (r2), "r" (r3), "r" (r4),
                                                                       ^
../drivers/soc/qcom/scm.c:455:13: note: use constraint modifier "w"
                        __asmeq("%11", R4_STR)
                                 ^
../drivers/soc/qcom/scm.c:465:11: warning: value size does not match register size specified by the constraint and modifier [-Wasm-operand-widths]
                          "r" (r5), "r" (r6)
                               ^
../drivers/soc/qcom/scm.c:456:13: note: use constraint modifier "w"
                        __asmeq("%12", R5_STR)
                                 ^
../drivers/soc/qcom/scm.c:465:21: warning: value size does not match register size specified by the constraint and modifier [-Wasm-operand-widths]
                          "r" (r5), "r" (r6)
                                         ^
../drivers/soc/qcom/scm.c:457:13: note: use constraint modifier "w"
                        __asmeq("%13", R6_STR)
                                 ^
../drivers/soc/qcom/scm.c:859:11: warning: value size does not match register size specified by the constraint and modifier [-Wasm-operand-widths]
                : "=r" (r0)
                        ^
../drivers/soc/qcom/scm.c:851:12: note: use constraint modifier "w"
                __asmeq("%0", R0_STR)
                         ^
../drivers/soc/qcom/scm.c:860:10: warning: value size does not match register size specified by the constraint and modifier [-Wasm-operand-widths]
                : "r" (r0), "r" (r1), "r" (r2)
                       ^
../drivers/soc/qcom/scm.c:852:12: note: use constraint modifier "w"
                __asmeq("%1", R0_STR)
                         ^
../drivers/soc/qcom/scm.c:860:20: warning: value size does not match register size specified by the constraint and modifier [-Wasm-operand-widths]
                : "r" (r0), "r" (r1), "r" (r2)
                                 ^
../drivers/soc/qcom/scm.c:853:12: note: use constraint modifier "w"
                __asmeq("%2", R1_STR)
                         ^
../drivers/soc/qcom/scm.c:860:30: warning: value size does not match register size specified by the constraint and modifier [-Wasm-operand-widths]
                : "r" (r0), "r" (r1), "r" (r2)
                                           ^
../drivers/soc/qcom/scm.c:854:12: note: use constraint modifier "w"
                __asmeq("%3", R2_STR)
                         ^
../drivers/soc/qcom/scm.c:893:11: warning: value size does not match register size specified by the constraint and modifier [-Wasm-operand-widths]
                : "=r" (r0), "=r" (r1)
                        ^
../drivers/soc/qcom/scm.c:884:12: note: use constraint modifier "w"
                __asmeq("%0", R0_STR)
                         ^
../drivers/soc/qcom/scm.c:893:22: warning: value size does not match register size specified by the constraint and modifier [-Wasm-operand-widths]
                : "=r" (r0), "=r" (r1)
                                   ^
../drivers/soc/qcom/scm.c:885:12: note: use constraint modifier "w"
                __asmeq("%1", R1_STR)
                         ^
../drivers/soc/qcom/scm.c:894:10: warning: value size does not match register size specified by the constraint and modifier [-Wasm-operand-widths]
                : "r" (r0), "r" (r1), "r" (r2)
                       ^
../drivers/soc/qcom/scm.c:886:12: note: use constraint modifier "w"
                __asmeq("%2", R0_STR)
                         ^
../drivers/soc/qcom/scm.c:894:20: warning: value size does not match register size specified by the constraint and modifier [-Wasm-operand-widths]
                : "r" (r0), "r" (r1), "r" (r2)
                                 ^
../drivers/soc/qcom/scm.c:887:12: note: use constraint modifier "w"
                __asmeq("%3", R1_STR)
                         ^
../drivers/soc/qcom/scm.c:894:30: warning: value size does not match register size specified by the constraint and modifier [-Wasm-operand-widths]
                : "r" (r0), "r" (r1), "r" (r2)
                                           ^
../drivers/soc/qcom/scm.c:888:12: note: use constraint modifier "w"
                __asmeq("%4", R2_STR)
                         ^
../drivers/soc/qcom/scm.c:930:11: warning: value size does not match register size specified by the constraint and modifier [-Wasm-operand-widths]
                : "=r" (r0)
                        ^
../drivers/soc/qcom/scm.c:921:12: note: use constraint modifier "w"
                __asmeq("%0", R0_STR)
                         ^
../drivers/soc/qcom/scm.c:931:10: warning: value size does not match register size specified by the constraint and modifier [-Wasm-operand-widths]
                : "r" (r0), "r" (r1), "r" (r2), "r" (r3));
                       ^
../drivers/soc/qcom/scm.c:922:12: note: use constraint modifier "w"
                __asmeq("%1", R0_STR)
                         ^
../drivers/soc/qcom/scm.c:931:20: warning: value size does not match register size specified by the constraint and modifier [-Wasm-operand-widths]
                : "r" (r0), "r" (r1), "r" (r2), "r" (r3));
                                 ^
../drivers/soc/qcom/scm.c:923:12: note: use constraint modifier "w"
                __asmeq("%2", R1_STR)
                         ^
../drivers/soc/qcom/scm.c:931:30: warning: value size does not match register size specified by the constraint and modifier [-Wasm-operand-widths]
                : "r" (r0), "r" (r1), "r" (r2), "r" (r3));
                                           ^
../drivers/soc/qcom/scm.c:924:12: note: use constraint modifier "w"
                __asmeq("%3", R2_STR)
                         ^
../drivers/soc/qcom/scm.c:931:40: warning: value size does not match register size specified by the constraint and modifier [-Wasm-operand-widths]
                : "r" (r0), "r" (r1), "r" (r2), "r" (r3));
                                                     ^
../drivers/soc/qcom/scm.c:925:12: note: use constraint modifier "w"
                __asmeq("%4", R3_STR)
                         ^
../drivers/soc/qcom/scm.c:967:11: warning: value size does not match register size specified by the constraint and modifier [-Wasm-operand-widths]
                : "=r" (r0)
                        ^
../drivers/soc/qcom/scm.c:957:12: note: use constraint modifier "w"
                __asmeq("%0", R0_STR)
                         ^
../drivers/soc/qcom/scm.c:968:10: warning: value size does not match register size specified by the constraint and modifier [-Wasm-operand-widths]
                : "r" (r0), "r" (r1), "r" (r2), "r" (r3), "r" (r4));
                       ^
../drivers/soc/qcom/scm.c:958:12: note: use constraint modifier "w"
                __asmeq("%1", R0_STR)
                         ^
../drivers/soc/qcom/scm.c:968:20: warning: value size does not match register size specified by the constraint and modifier [-Wasm-operand-widths]
                : "r" (r0), "r" (r1), "r" (r2), "r" (r3), "r" (r4));
                                 ^
../drivers/soc/qcom/scm.c:959:12: note: use constraint modifier "w"
                __asmeq("%2", R1_STR)
                         ^
../drivers/soc/qcom/scm.c:968:30: warning: value size does not match register size specified by the constraint and modifier [-Wasm-operand-widths]
                : "r" (r0), "r" (r1), "r" (r2), "r" (r3), "r" (r4));
                                           ^
../drivers/soc/qcom/scm.c:960:12: note: use constraint modifier "w"
                __asmeq("%3", R2_STR)
                         ^
../drivers/soc/qcom/scm.c:968:40: warning: value size does not match register size specified by the constraint and modifier [-Wasm-operand-widths]
                : "r" (r0), "r" (r1), "r" (r2), "r" (r3), "r" (r4));
                                                     ^
../drivers/soc/qcom/scm.c:961:12: note: use constraint modifier "w"
                __asmeq("%4", R3_STR)
                         ^
../drivers/soc/qcom/scm.c:968:50: warning: value size does not match register size specified by the constraint and modifier [-Wasm-operand-widths]
                : "r" (r0), "r" (r1), "r" (r2), "r" (r3), "r" (r4));
                                                               ^
../drivers/soc/qcom/scm.c:962:12: note: use constraint modifier "w"
                __asmeq("%5", R4_STR)
                         ^
../drivers/soc/qcom/scm.c:997:11: warning: value size does not match register size specified by the constraint and modifier [-Wasm-operand-widths]
                : "=r" (r0), "=r" (r1), "=r" (r2)
                        ^
../drivers/soc/qcom/scm.c:986:12: note: use constraint modifier "w"
                __asmeq("%0", R0_STR)
                         ^
../drivers/soc/qcom/scm.c:997:22: warning: value size does not match register size specified by the constraint and modifier [-Wasm-operand-widths]
                : "=r" (r0), "=r" (r1), "=r" (r2)
                                   ^
../drivers/soc/qcom/scm.c:987:12: note: use constraint modifier "w"
                __asmeq("%1", R1_STR)
                         ^
../drivers/soc/qcom/scm.c:997:33: warning: value size does not match register size specified by the constraint and modifier [-Wasm-operand-widths]
                : "=r" (r0), "=r" (r1), "=r" (r2)
                                              ^
../drivers/soc/qcom/scm.c:988:12: note: use constraint modifier "w"
                __asmeq("%2", R2_STR)
                         ^
../drivers/soc/qcom/scm.c:998:10: warning: value size does not match register size specified by the constraint and modifier [-Wasm-operand-widths]
                : "r" (r0), "r" (r1), "r" (r2), "r" (r3), "r" (r4), "r" (r5));
                       ^
../drivers/soc/qcom/scm.c:989:12: note: use constraint modifier "w"
                __asmeq("%3", R0_STR)
                         ^
../drivers/soc/qcom/scm.c:998:20: warning: value size does not match register size specified by the constraint and modifier [-Wasm-operand-widths]
                : "r" (r0), "r" (r1), "r" (r2), "r" (r3), "r" (r4), "r" (r5));
                                 ^
../drivers/soc/qcom/scm.c:990:12: note: use constraint modifier "w"
                __asmeq("%4", R1_STR)
                         ^
../drivers/soc/qcom/scm.c:998:30: warning: value size does not match register size specified by the constraint and modifier [-Wasm-operand-widths]
                : "r" (r0), "r" (r1), "r" (r2), "r" (r3), "r" (r4), "r" (r5));
                                           ^
../drivers/soc/qcom/scm.c:991:12: note: use constraint modifier "w"
                __asmeq("%5", R2_STR)
                         ^
../drivers/soc/qcom/scm.c:998:40: warning: value size does not match register size specified by the constraint and modifier [-Wasm-operand-widths]
                : "r" (r0), "r" (r1), "r" (r2), "r" (r3), "r" (r4), "r" (r5));
                                                     ^
../drivers/soc/qcom/scm.c:992:12: note: use constraint modifier "w"
                __asmeq("%6", R3_STR)
                         ^
../drivers/soc/qcom/scm.c:1050:11: warning: value size does not match register size specified by the constraint and modifier [-Wasm-operand-widths]
                : "=r" (r0), "=r" (r1), "=r" (r2), "=r" (r3)
                        ^
../drivers/soc/qcom/scm.c:1038:12: note: use constraint modifier "w"
                __asmeq("%0", R0_STR)
                         ^
../drivers/soc/qcom/scm.c:1050:22: warning: value size does not match register size specified by the constraint and modifier [-Wasm-operand-widths]
                : "=r" (r0), "=r" (r1), "=r" (r2), "=r" (r3)
                                   ^
../drivers/soc/qcom/scm.c:1039:12: note: use constraint modifier "w"
                __asmeq("%1", R1_STR)
                         ^
../drivers/soc/qcom/scm.c:1050:33: warning: value size does not match register size specified by the constraint and modifier [-Wasm-operand-widths]
                : "=r" (r0), "=r" (r1), "=r" (r2), "=r" (r3)
                                              ^
../drivers/soc/qcom/scm.c:1040:12: note: use constraint modifier "w"
                __asmeq("%2", R2_STR)
                         ^
../drivers/soc/qcom/scm.c:1050:44: warning: value size does not match register size specified by the constraint and modifier [-Wasm-operand-widths]
                : "=r" (r0), "=r" (r1), "=r" (r2), "=r" (r3)
                                                         ^
../drivers/soc/qcom/scm.c:1041:12: note: use constraint modifier "w"
                __asmeq("%3", R3_STR)
                         ^
../drivers/soc/qcom/scm.c:1051:10: warning: value size does not match register size specified by the constraint and modifier [-Wasm-operand-widths]
                : "r" (r0), "r" (r1), "r" (r2), "r" (r3), "r" (r4), "r" (r5),
                       ^
../drivers/soc/qcom/scm.c:1042:12: note: use constraint modifier "w"
                __asmeq("%4", R0_STR)
                         ^
../drivers/soc/qcom/scm.c:1051:20: warning: value size does not match register size specified by the constraint and modifier [-Wasm-operand-widths]
                : "r" (r0), "r" (r1), "r" (r2), "r" (r3), "r" (r4), "r" (r5),
                                 ^
../drivers/soc/qcom/scm.c:1043:12: note: use constraint modifier "w"
                __asmeq("%5", R1_STR)
                         ^
../drivers/soc/qcom/scm.c:1051:30: warning: value size does not match register size specified by the constraint and modifier [-Wasm-operand-widths]
                : "r" (r0), "r" (r1), "r" (r2), "r" (r3), "r" (r4), "r" (r5),
                                           ^
../drivers/soc/qcom/scm.c:1044:12: note: use constraint modifier "w"
                __asmeq("%6", R2_STR)
                         ^
../drivers/soc/qcom/scm.c:1051:40: warning: value size does not match register size specified by the constraint and modifier [-Wasm-operand-widths]
                : "r" (r0), "r" (r1), "r" (r2), "r" (r3), "r" (r4), "r" (r5),
                                                     ^
../drivers/soc/qcom/scm.c:1045:12: note: use constraint modifier "w"
                __asmeq("%7", R3_STR)
                         ^
../drivers/soc/qcom/scm.c:1089:12: warning: value size does not match register size specified by the constraint and modifier [-Wasm-operand-widths]
                        : "=r" (r0), "=r" (r1)
                                ^
../drivers/soc/qcom/scm.c:1081:13: note: use constraint modifier "w"
                        __asmeq("%0", R0_STR)
                                 ^
../drivers/soc/qcom/scm.c:1089:23: warning: value size does not match register size specified by the constraint and modifier [-Wasm-operand-widths]
                        : "=r" (r0), "=r" (r1)
                                           ^
../drivers/soc/qcom/scm.c:1082:13: note: use constraint modifier "w"
                        __asmeq("%1", R1_STR)
                                 ^
../drivers/soc/qcom/scm.c:1090:11: warning: value size does not match register size specified by the constraint and modifier [-Wasm-operand-widths]
                        : "r" (r0), "r" (r1)
                               ^
../drivers/soc/qcom/scm.c:1083:13: note: use constraint modifier "w"
                        __asmeq("%2", R0_STR)
                                 ^
../drivers/soc/qcom/scm.c:1090:21: warning: value size does not match register size specified by the constraint and modifier [-Wasm-operand-widths]
                        : "r" (r0), "r" (r1)
                                         ^
../drivers/soc/qcom/scm.c:1084:13: note: use constraint modifier "w"
                        __asmeq("%3", R1_STR)
                                 ^
  CC      drivers/spi/spi-qup.o
57 warnings generated.
  CC      drivers/soc/qcom/scm-boot.o
  CC      drivers/platform/msm/ipa/ipa_v2/ipa_client.o
  CC      drivers/platform/msm/usb_bam.o
  CC      drivers/soc/qcom/early_random.o
  CC      drivers/scsi/scsi_sysfs.o
  CC      drivers/spi/spi_qsd.o
  CC      drivers/regulator/cpr4-apss-regulator.o
  CC      drivers/power/supply/qcom/qg-util.o
  CC      drivers/soc/qcom/socinfo.o
  CC      drivers/staging/android/ion/ion_heap.o
  CC      drivers/power/supply/qcom/qg-soc.o
  CC      drivers/regulator/cprh-kbss-regulator.o
  CC      drivers/power/supply/qcom/qg-sdam.o
  CC      drivers/platform/msm/ipa/ipa_v2/ipa_utils.o
  CC      drivers/soc/qcom/boot_stats.o
  CC      drivers/scsi/scsi_devinfo.o
  CC      drivers/staging/android/ion/ion_page_pool.o
  CC      drivers/power/supply/qcom/qg-battery-profile.o
  CC      drivers/soc/qcom/watchdog_v2.o
  LD      drivers/spi/built-in.o
  CC      drivers/platform/msm/msm_ext_display.o
  CC      drivers/staging/android/ion/ion_system_heap.o
  CC      drivers/regulator/mem-acc-regulator.o
  CC      drivers/power/supply/qcom/qg-profile-lib.o
  CC      drivers/scsi/scsi_sysctl.o
  CC      drivers/soc/qcom/memory_dump_v2.o
  CC      drivers/staging/android/ashmem.o
  CC      drivers/power/supply/qcom/fg-alg.o
  LD      drivers/staging/iio/accel/built-in.o
  LD      drivers/staging/iio/adc/built-in.o
  LD      drivers/staging/iio/addac/built-in.o
  CC      drivers/scsi/scsi_proc.o
  LD      drivers/staging/iio/cdc/built-in.o
  LD      drivers/staging/iio/frequency/built-in.o
  LD      drivers/staging/iio/gyro/built-in.o
  LD      drivers/staging/iio/impedance-analyzer/built-in.o
  LD      drivers/staging/iio/light/built-in.o
  CC      drivers/staging/android/ion/ion_carveout_heap.o
  LD      drivers/staging/iio/meter/built-in.o
  LD      drivers/staging/iio/resolver/built-in.o
  LD      drivers/staging/iio/trigger/built-in.o
  LD      drivers/staging/iio/built-in.o
  LD      drivers/staging/media/built-in.o
  CC      drivers/regulator/msm_gfx_ldo.o
  CC      drivers/power/supply/qcom/qpnp-typec.o
  CC      drivers/platform/msm/ipa/ipa_rm_dependency_graph.o
  CC      drivers/soc/qcom/rq_stats.o
  CC      drivers/scsi/scsi_trace.o
  CC      drivers/staging/android/ion/ion_chunk_heap.o
  CC      drivers/platform/msm/ipa/ipa_v2/ipa_nat.o
  CC      drivers/soc/qcom/secure_buffer.o
  CC      drivers/power/supply/qcom/step-chg-jeita.o
  CC      drivers/scsi/scsi_logging.o
  CC      drivers/staging/android/ion/ion_system_secure_heap.o
  CC      drivers/staging/prima/CORE/DXE/src/wlan_qct_dxe.o
  CC      drivers/regulator/qpnp-labibb-regulator.o
  CC      drivers/scsi/scsi_pm.o
  CC      drivers/power/supply/qcom/qpnp-smb5.o
  CC      drivers/soc/qcom/msm_smem.o
  CC      drivers/staging/android/ion/ion_cma_heap.o
  CC      drivers/platform/msm/ipa/ipa_v2/ipa_intf.o
  CC      drivers/thermal/thermal_core.o
  CC      drivers/scsi/ufs/ufs-qcom.o
  CC      drivers/staging/prima/CORE/DXE/src/wlan_qct_dxe_cfg_i.o
  CC      drivers/power/supply/qcom/smb5-lib.o
  CC      drivers/staging/android/ion/ion_cma_secure_heap.o
  CC      drivers/staging/prima/CORE/HDD/src/wlan_hdd_assoc.o
  CC      drivers/soc/qcom/smem_debug.o
  CC      drivers/regulator/qpnp-lcdb-regulator.o
  CC      drivers/platform/msm/ipa/ipa_v2/teth_bridge.o
  CC      drivers/soc/qcom/msm_smd.o
  CC      drivers/scsi/ufs/ufs-qcom-ice.o
  CC      drivers/staging/android/ion/compat_ion.o
  CC      drivers/power/supply/qcom/storm-watch.o
  CC      drivers/regulator/qpnp-regulator.o
  CC      drivers/scsi/ufs/ufshcd.o
  CC      drivers/power/supply/qcom/schgm-flash.o
  CC      drivers/staging/android/ion/msm/msm_ion.o
  CC      drivers/platform/msm/ipa/ipa_v2/ipa_interrupts.o
  CC      drivers/thermal/thermal_hwmon.o
  LD      drivers/power/supply/qcom/built-in.o
  LD      drivers/power/supply/power_supply.o
  CC      drivers/staging/prima/CORE/HDD/src/wlan_hdd_cfg.o
  LD      drivers/power/supply/built-in.o
  LD      drivers/power/built-in.o
  CC      drivers/regulator/stub-regulator.o
  CC      drivers/platform/msm/ipa/ipa_v2/ipa_uc.o
  CC      drivers/thermal/of-thermal.o
  CC      drivers/soc/qcom/smd_debug.o
  CC      drivers/tty/tty_io.o
  CC      drivers/staging/android/ion/msm/compat_msm_ion.o
  CC      drivers/soc/qcom/smd_private.o
  LD      drivers/regulator/built-in.o
  CC      drivers/staging/prima/CORE/HDD/src/wlan_hdd_debugfs.o
  CC      drivers/platform/msm/ipa/ipa_v2/ipa_uc_wdi.o
  CC      drivers/soc/qcom/smd_init_dt.o
  LD      drivers/staging/android/ion/msm/built-in.o
  LD      drivers/staging/android/ion/built-in.o
  CC      drivers/staging/android/lowmemorykiller.o
  CC      drivers/platform/msm/ipa/ipa_rm_peers_list.o
  CC      drivers/thermal/step_wise.o
  CC      drivers/soc/qcom/smsm_debug.o
  CC      drivers/platform/msm/ipa/ipa_v2/ipa_dma.o
  CC      drivers/thermal/user_space.o
  CC      drivers/staging/prima/CORE/HDD/src/wlan_hdd_dev_pwr.o
  CC      drivers/tty/n_tty.o
  LD      drivers/staging/android/built-in.o
  CC      drivers/scsi/sd.o
  CC      drivers/soc/qcom/msm_tz_smmu.o
  CC      drivers/thermal/gov_low_limits.o
  CC      drivers/scsi/ufs/ufs_quirks.o
  CC      drivers/platform/msm/ipa/ipa_v2/ipa_uc_mhi.o
  CC      drivers/soc/qcom/memshare/heap_mem_ext_v01.o
  CC      drivers/thermal/cpu_cooling.o
  CC      drivers/soc/qcom/memshare/msm_memshare.o
  CC      drivers/staging/prima/CORE/HDD/src/wlan_hdd_dp_utils.o
  CC      drivers/scsi/ufs/ufshcd-pltfrm.o
  CC      drivers/platform/msm/ipa/ipa_v2/ipa_mhi.o
  CC      drivers/staging/prima/CORE/HDD/src/wlan_hdd_early_suspend.o
  CC      drivers/uio/uio.o
  LD      drivers/soc/qcom/memshare/built-in.o
  CC      drivers/tty/tty_ioctl.o
  CC      drivers/soc/qcom/msm_bus/msm_bus_core.o
  CC      drivers/uio/msm_sharedmem/msm_sharedmem.o
  CC      drivers/thermal/devfreq_cooling.o
  CC      drivers/scsi/ufs/ufs-debugfs.o
  CC      drivers/platform/msm/ipa/ipa_v2/ipa_uc_ntn.o
  CC      drivers/uio/msm_sharedmem/remote_filesystem_access_v01.o
  CC      drivers/soc/qcom/msm_bus/msm_bus_client_api.o
  CC      drivers/uio/msm_sharedmem/sharedmem_qmi.o
  CC      drivers/usb/class/cdc-acm.o
  CC      drivers/tty/tty_ldisc.o
  CC      drivers/platform/msm/ipa/ipa_v2/ipa_wdi3_i.o
  CC      drivers/thermal/qpnp-temp-alarm.o
  CC      drivers/scsi/ufs/ufs-qcom-debugfs.o
  CC      drivers/staging/prima/CORE/HDD/src/wlan_hdd_ftm.o
  LD      drivers/uio/msm_sharedmem/built-in.o
  LD      drivers/uio/built-in.o
  CC      drivers/soc/qcom/msm_bus/msm_bus_of.o
  CC      drivers/usb/common/common.o
  CC      drivers/thermal/qcom/qti_virtual_sensor.o
  LD      drivers/usb/class/built-in.o
  LD      drivers/thermal/samsung/built-in.o
  CC      drivers/thermal/qcom/regulator_cdev.o
  LD      drivers/scsi/ufs/built-in.o
  CC      drivers/scsi/sg.o
  LD      drivers/usb/common/usb-common.o
  CC      drivers/tty/tty_buffer.o
  LD      drivers/usb/common/built-in.o
  CC      drivers/platform/msm/ipa/ipa_v2/rmnet_ipa.o
  CC      drivers/soc/qcom/msm_bus/msm_bus_rpm_smd.o
  CC      drivers/usb/core/usb.o
../drivers/staging/prima/CORE/HDD/src/wlan_hdd_ftm.c:3172:28: warning: taking address of packed member 'regValue' of class or structure 'tMsgPttDbgReadRegister' may result in an unaligned pointer value [-Waddress-of-packed-member]
                          &pFTMCmd->msgBody.DbgReadRegister.regValue);
                           ^~~~~~~~~~~~~~~~~~~~~~~~~~~~~~~~~~~~~~~~~
  CC      drivers/usb/core/hub.o
  CC      drivers/thermal/qcom/thermal_mitigation_device_service_v01.o
  CC      drivers/soc/qcom/msm_bus/msm_bus_fabric_adhoc.o
  CC      drivers/thermal/qcom/qmi_cooling.o
1 warning generated.
  CC      drivers/staging/prima/CORE/HDD/src/wlan_hdd_hostapd.o
  CC      drivers/tty/tty_port.o
  CC      drivers/usb/dwc3/core.o
  CC      drivers/soc/qcom/msm_bus/msm_bus_arb_adhoc.o
  CC      drivers/thermal/qcom/bcl_pmic5.o
  CC      drivers/scsi/ch.o
  CC      drivers/tty/tty_mutex.o
  CC      drivers/thermal/qcom/bcl_soc.o
  CC      drivers/platform/msm/ipa/ipa_v2/ipa_qmi_service_v01.o
  CC      drivers/soc/qcom/msm_bus/msm_bus_rules.o
  LD      drivers/thermal/qcom/built-in.o
  CC      drivers/platform/msm/ipa/ipa_v2/ipa_qmi_service.o
  CC      drivers/thermal/qpnp-adc-tm.o
  CC      drivers/tty/tty_ldsem.o
  CC      drivers/usb/dwc3/debug.o
  CC      drivers/usb/core/hcd.o
  LD      drivers/scsi/scsi_mod.o
  LD      drivers/scsi/sd_mod.o
  LD      drivers/scsi/built-in.o
  CC      drivers/staging/prima/CORE/HDD/src/wlan_hdd_main.o
  LD      drivers/video/backlight/built-in.o
  CC      drivers/soc/qcom/msm_bus/msm_bus_bimc_adhoc.o
  CC      drivers/video/fbdev/core/fb_cmdline.o
  CC      drivers/tty/pty.o
  CC      drivers/usb/dwc3/trace.o
  CC      drivers/platform/msm/ipa/ipa_v2/rmnet_ipa_fd_ioctl.o
  CC      drivers/tty/tty_audit.o
  CC      drivers/video/fbdev/core/fb_notify.o
  CC      drivers/soc/qcom/msm_bus/msm_bus_noc_adhoc.o
  CC      drivers/thermal/msm-tsens.o
  LD      drivers/platform/msm/ipa/ipa_v2/ipat.o
  CC      drivers/usb/dwc3/host.o
  LD      drivers/platform/msm/ipa/ipa_v2/built-in.o
  CC      drivers/platform/msm/ipa/ipa_rm_resource.o
  CC      drivers/usb/core/urb.o
  CC      drivers/tty/sysrq.o
  CC      drivers/thermal/tsens2xxx.o
  CC      drivers/video/fbdev/core/fbmem.o
  CC      drivers/usb/dwc3/gadget.o
  CC      drivers/soc/qcom/msm_bus/msm_bus_of_adhoc.o
  CC      drivers/thermal/tsens-dbg.o
  CC      drivers/platform/msm/ipa/ipa_rm_inactivity_timer.o
  CC      drivers/usb/core/message.o
  CC      drivers/soc/qcom/msm_bus/msm_bus_dbg.o
  LD      drivers/tty/ipwireless/built-in.o
  CC      drivers/tty/serial/serial_core.o
  CC      drivers/thermal/tsens-mtc.o
  LD      drivers/platform/msm/ipa/ipa_common
  LD      drivers/platform/msm/ipa/built-in.o
  CC      drivers/video/fbdev/core/fbmon.o
  LD      drivers/platform/msm/built-in.o
  LD      drivers/platform/built-in.o
  LD      drivers/tty/vt/built-in.o
  CC      drivers/staging/prima/CORE/HDD/src/wlan_hdd_mib.o
  CC      drivers/usb/dwc3/ep0.o
  CC      drivers/thermal/tsens1xxx.o
  LD      drivers/soc/qcom/qdsp6v2/built-in.o
  CC      drivers/video/fbdev/msm/mdss_mdp.o
  CC      drivers/video/fbdev/core/fbcmap.o
  CC      drivers/usb/core/driver.o
  LD      drivers/soc/qcom/msm_bus/built-in.o
  CC      drivers/soc/qcom/wcnss/wcnss_wlan.o
  CC      drivers/tty/serial/msm_serial_hs.o
  CC      drivers/thermal/tsens_calib.o
  CC      drivers/staging/prima/CORE/HDD/src/wlan_hdd_oemdata.o
  CC      drivers/usb/dwc3/debugfs.o
  LD      drivers/thermal/thermal_sys.o
  LD      drivers/thermal/built-in.o
  CC      drivers/soc/qcom/rpm-smd.o
  CC      drivers/video/fbdev/core/fbsysfs.o
  CC      drivers/usb/core/config.o
  CC      drivers/usb/dwc3/dwc3-msm.o
  CC      drivers/staging/prima/CORE/HDD/src/wlan_hdd_request_manager.o
  CC      drivers/soc/qcom/wcnss/wcnss_vreg.o
  CC      drivers/video/fbdev/core/modedb.o
  CC      drivers/usb/core/file.o
  CC      drivers/tty/serial/msm_smd_tty.o
  CC      drivers/staging/prima/CORE/HDD/src/wlan_hdd_scan.o
  CC      drivers/video/fbdev/msm/mdss_mdp_ctl.o
  CC      drivers/usb/core/buffer.o
  LD      drivers/soc/qcom/wcnss/wcnsscore.o
  LD      drivers/soc/qcom/wcnss/built-in.o
  CC      drivers/soc/qcom/rpm-smd-debug.o
  CC      drivers/video/fbdev/core/fbcvt.o
  CC      drivers/usb/gadget/usbstring.o
  LD      drivers/tty/serial/built-in.o
  LD      drivers/tty/built-in.o
  CC      drivers/usb/core/sysfs.o
  CC      drivers/usb/core/endpoint.o
  CC      drivers/soc/qcom/service-notifier.o
  CC      drivers/video/fbdev/core/cfbfillrect.o
  CC      drivers/staging/prima/CORE/HDD/src/wlan_hdd_softap_tx_rx.o
  CC      drivers/usb/gadget/config.o
  CC      drivers/usb/core/devio.o
  CC      drivers/staging/prima/CORE/HDD/src/wlan_hdd_tx_rx.o
  CC      drivers/usb/dwc3/dbm.o
  CC      drivers/soc/qcom/service-locator.o
  CC      drivers/video/fbdev/core/cfbcopyarea.o
../drivers/usb/core/devio.c:308:17: warning: taking address of packed member 'bcdUSB' of class or structure 'usb_device_descriptor' may result in an unaligned pointer value [-Waddress-of-packed-member]
                le16_to_cpus(&temp_desc.bcdUSB);
                              ^~~~~~~~~~~~~~~~
../include/linux/byteorder/generic.h:114:22: note: expanded from macro 'le16_to_cpus'
#define le16_to_cpus __le16_to_cpus
                     ^
../include/uapi/linux/byteorder/little_endian.h:96:39: note: expanded from macro '__le16_to_cpus'
#define __le16_to_cpus(x) do { (void)(x); } while (0)
                                      ^
../drivers/usb/core/devio.c:309:17: warning: taking address of packed member 'idVendor' of class or structure 'usb_device_descriptor' may result in an unaligned pointer value [-Waddress-of-packed-member]
                le16_to_cpus(&temp_desc.idVendor);
                              ^~~~~~~~~~~~~~~~~~
../include/linux/byteorder/generic.h:114:22: note: expanded from macro 'le16_to_cpus'
#define le16_to_cpus __le16_to_cpus
                     ^
../include/uapi/linux/byteorder/little_endian.h:96:39: note: expanded from macro '__le16_to_cpus'
#define __le16_to_cpus(x) do { (void)(x); } while (0)
                                      ^
../drivers/usb/core/devio.c:310:17: warning: taking address of packed member 'idProduct' of class or structure 'usb_device_descriptor' may result in an unaligned pointer value [-Waddress-of-packed-member]
                le16_to_cpus(&temp_desc.idProduct);
                              ^~~~~~~~~~~~~~~~~~~
../include/linux/byteorder/generic.h:114:22: note: expanded from macro 'le16_to_cpus'
#define le16_to_cpus __le16_to_cpus
                     ^
../include/uapi/linux/byteorder/little_endian.h:96:39: note: expanded from macro '__le16_to_cpus'
#define __le16_to_cpus(x) do { (void)(x); } while (0)
                                      ^
../drivers/usb/core/devio.c:311:17: warning: taking address of packed member 'bcdDevice' of class or structure 'usb_device_descriptor' may result in an unaligned pointer value [-Waddress-of-packed-member]
                le16_to_cpus(&temp_desc.bcdDevice);
                              ^~~~~~~~~~~~~~~~~~~
../include/linux/byteorder/generic.h:114:22: note: expanded from macro 'le16_to_cpus'
#define le16_to_cpus __le16_to_cpus
                     ^
../include/uapi/linux/byteorder/little_endian.h:96:39: note: expanded from macro '__le16_to_cpus'
#define __le16_to_cpus(x) do { (void)(x); } while (0)
                                      ^
../drivers/usb/core/devio.c:1518:44: warning: taking address of packed member 'wLength' of class or structure 'usb_ctrlrequest' may result in an unaligned pointer value [-Waddress-of-packed-member]
                if (uurb->buffer_length < (le16_to_cpup(&dr->wLength) + 8)) {
                                                         ^~~~~~~~~~~
../drivers/usb/core/devio.c:1523:25: warning: taking address of packed member 'wIndex' of class or structure 'usb_ctrlrequest' may result in an unaligned pointer value [-Waddress-of-packed-member]
                                      le16_to_cpup(&dr->wIndex));
                                                    ^~~~~~~~~~
../drivers/usb/core/devio.c:1526:39: warning: taking address of packed member 'wLength' of class or structure 'usb_ctrlrequest' may result in an unaligned pointer value [-Waddress-of-packed-member]
                uurb->buffer_length = le16_to_cpup(&dr->wLength);
                                                    ^~~~~~~~~~~
../drivers/usb/core/devio.c:1541:20: warning: taking address of packed member 'wValue' of class or structure 'usb_ctrlrequest' may result in an unaligned pointer value [-Waddress-of-packed-member]
                        __le16_to_cpup(&dr->wValue),
                                        ^~~~~~~~~~
../drivers/usb/core/devio.c:127:29: note: expanded from macro 'snoop'
                        dev_info(dev, format, ## arg);          \
                                                 ^~~
../include/linux/device.h:1202:58: note: expanded from macro 'dev_info'
#define dev_info(dev, fmt, arg...) _dev_info(dev, fmt, ##arg)
                                                         ^~~
../drivers/usb/core/devio.c:1542:20: warning: taking address of packed member 'wIndex' of class or structure 'usb_ctrlrequest' may result in an unaligned pointer value [-Waddress-of-packed-member]
                        __le16_to_cpup(&dr->wIndex),
                                        ^~~~~~~~~~
../drivers/usb/core/devio.c:127:29: note: expanded from macro 'snoop'
                        dev_info(dev, format, ## arg);          \
                                                 ^~~
../include/linux/device.h:1202:58: note: expanded from macro 'dev_info'
#define dev_info(dev, fmt, arg...) _dev_info(dev, fmt, ##arg)
                                                         ^~~
../drivers/usb/core/devio.c:1543:20: warning: taking address of packed member 'wLength' of class or structure 'usb_ctrlrequest' may result in an unaligned pointer value [-Waddress-of-packed-member]
                        __le16_to_cpup(&dr->wLength));
                                        ^~~~~~~~~~~
../drivers/usb/core/devio.c:127:29: note: expanded from macro 'snoop'
                        dev_info(dev, format, ## arg);          \
                                                 ^~~
../include/linux/device.h:1202:58: note: expanded from macro 'dev_info'
#define dev_info(dev, fmt, arg...) _dev_info(dev, fmt, ##arg)
                                                         ^~~
  LD      drivers/usb/dwc3/dwc3.o
  LD      drivers/usb/dwc3/built-in.o
  CC      drivers/usb/host/ehci-hcd.o
  CC      drivers/usb/gadget/epautoconf.o
  CC      drivers/soc/qcom/msm_smp2p.o
  CC      drivers/usb/core/notify.o
  CC      drivers/staging/prima/CORE/HDD/src/wlan_hdd_trace.o
  CC      drivers/video/fbdev/core/cfbimgblt.o
  CC      drivers/video/fbdev/msm/mdss_mdp_pipe.o
  CC      drivers/usb/gadget/composite.o
10 warnings generated.
  LD      drivers/video/fbdev/omap2/omapfb/displays/built-in.o
  LD      drivers/video/fbdev/omap2/omapfb/dss/built-in.o
  CC      drivers/usb/core/generic.o
  LD      drivers/video/fbdev/omap2/omapfb/built-in.o
  LD      drivers/video/fbdev/omap2/built-in.o
  CC      drivers/usb/misc/ehset.o
../drivers/usb/gadget/composite.c:757:16: warning: taking address of packed member 'wTotalLength' of class or structure 'usb_bos_descriptor' may result in an unaligned pointer value [-Waddress-of-packed-member]
        le16_add_cpu(&bos->wTotalLength, USB_DT_USB_EXT_CAP_SIZE);
                      ^~~~~~~~~~~~~~~~~
../drivers/usb/gadget/composite.c:770:17: warning: taking address of packed member 'wTotalLength' of class or structure 'usb_bos_descriptor' may result in an unaligned pointer value [-Waddress-of-packed-member]
                le16_add_cpu(&bos->wTotalLength, USB_DT_USB_SS_CAP_SIZE);
                              ^~~~~~~~~~~~~~~~~
../drivers/usb/gadget/composite.c:806:17: warning: taking address of packed member 'wTotalLength' of class or structure 'usb_bos_descriptor' may result in an unaligned pointer value [-Waddress-of-packed-member]
                le16_add_cpu(&bos->wTotalLength, USB_DT_USB_SSP_CAP_SIZE(1));
                              ^~~~~~~~~~~~~~~~~
  CC      drivers/soc/qcom/smp2p_loopback.o
  LD      drivers/video/fbdev/core/fb.o
  LD      drivers/video/fbdev/core/built-in.o
  CC      drivers/staging/prima/CORE/HDD/src/wlan_hdd_wext.o
  CC      drivers/usb/mon/mon_main.o
  LD      drivers/usb/misc/built-in.o
  CC      drivers/usb/core/quirks.o
  CC      drivers/usb/phy/phy.o
  CC      drivers/usb/mon/mon_stat.o
3 warnings generated.
  CC      drivers/soc/qcom/smp2p_debug.o
  CC      drivers/usb/core/devices.o
  CC      drivers/video/fbdev/msm/mdss_mdp_util.o
  CC      drivers/usb/mon/mon_text.o
  CC      drivers/usb/phy/of.o
  CC      drivers/usb/gadget/functions.o
  CC      drivers/soc/qcom/smp2p_sleepstate.o
  CC      drivers/usb/core/port.o
  CC      drivers/usb/host/ehci-platform.o
  CC      drivers/usb/mon/mon_bin.o
  CC      drivers/soc/qcom/ipc_router_smd_xprt.o
  CC      drivers/usb/phy/class-dual-role.o
  CC      drivers/usb/gadget/configfs.o
  CC      drivers/video/fbdev/msm/dsi_status_6g.o
  CC      drivers/usb/core/of.o
  CC      drivers/usb/host/ehci-msm.o
  CC      drivers/soc/qcom/qmi_interface.o
  CC      drivers/usb/phy/phy-generic.o
  CC      drivers/video/fbdev/msm/mdss_mdp_pp.o
  LD      drivers/usb/mon/usbmon.o
  LD      drivers/usb/mon/built-in.o
  LD      drivers/usb/core/usbcore.o
  CC      drivers/staging/prima/CORE/HDD/src/wlan_hdd_wmm.o
  LD      drivers/usb/core/built-in.o
  CC      drivers/staging/prima/CORE/HDD/src/wlan_hdd_wowl.o
  CC      drivers/usb/serial/usb-serial.o
  CC      drivers/usb/host/xhci.o
  CC      drivers/usb/gadget/u_f.o
  CC      drivers/usb/phy/phy-msm-ssusb-qmp.o
  CC      drivers/video/fbdev/msm/mdss_mdp_pp_debug.o
  CC      drivers/staging/prima/CORE/HDD/src/wlan_hdd_cfg80211.o
  CC      drivers/soc/qcom/icnss.o
  CC      drivers/usb/serial/generic.o
  CC      drivers/usb/gadget/function/u_serial.o
  CC      drivers/usb/phy/phy-msm-qusb.o
  CC      drivers/video/fbdev/msm/mdss_mdp_pp_cache_config.o
  CC      drivers/usb/phy/phy-msm-qusb-v2.o
  CC      drivers/usb/serial/bus.o
  CC      drivers/usb/gadget/function/f_serial.o
  CC      drivers/usb/host/xhci-mem.o
  CC      drivers/usb/gadget/function/u_ether.o
  CC      drivers/video/fbdev/msm/mdss_sync.o
  LD      drivers/usb/serial/usbserial.o
  LD      drivers/usb/serial/built-in.o
  CC      drivers/staging/prima/CORE/HDD/src/wlan_hdd_p2p.o
  CC      drivers/usb/phy/phy-msm-snps-hs.o
  CC      drivers/usb/gadget/function/rndis.o
  CC      drivers/video/fbdev/msm/mdss_mdp_intf_video.o
  CC      drivers/usb/phy/phy-msm-usb.o
  CC      drivers/soc/qcom/wlan_firmware_service_v01.o
  CC      drivers/soc/qcom/peripheral-loader.o
  CC      drivers/staging/prima/CORE/HDD/src/wlan_hdd_tdls.o
  CC      drivers/usb/host/xhci-ring.o
  CC      drivers/video/fbdev/msm/mdss_mdp_intf_cmd.o
  CC      drivers/usb/storage/scsiglue.o
  CC      drivers/usb/gadget/function/f_ncm.o
  CC      drivers/usb/storage/protocol.o
  CC      drivers/video/fbdev/msm/mdss_mdp_intf_writeback.o
  CC      drivers/usb/gadget/function/f_rndis.o
  CC      drivers/staging/prima/CORE/MAC/src/cfg/cfgApi.o
  LD      drivers/usb/phy/built-in.o
  CC      drivers/soc/qcom/subsys-pil-tz.o
  CC      drivers/usb/host/xhci-hub.o
  LD      drivers/usb/gadget/legacy/built-in.o
  CC      drivers/usb/host/xhci-dbg.o
  CC      drivers/usb/gadget/udc/core.o
  CC      drivers/video/fbdev/msm/mdss_rotator.o
  CC      drivers/usb/storage/transport.o
  CC      drivers/staging/prima/CORE/MAC/src/cfg/cfgDebug.o
  CC      drivers/soc/qcom/pil-q6v5.o
  CC      drivers/usb/host/xhci-trace.o
  CC      drivers/usb/gadget/function/f_mass_storage.o
  CC      drivers/usb/gadget/ci13xxx_msm.o
  CC      drivers/staging/prima/CORE/MAC/src/cfg/cfgParamName.o
  CC      drivers/usb/storage/usb.o
  CC      drivers/soc/qcom/pil-msa.o
  CC      drivers/usb/host/xhci-plat.o
  CC      drivers/usb/gadget/udc/trace.o
  CC      drivers/video/fbdev/msm/mdss_mdp_overlay.o
  CC      drivers/staging/prima/CORE/MAC/src/cfg/cfgProcMsg.o
  LD      drivers/usb/host/xhci-hcd.o
  LD      drivers/usb/gadget/udc/udc-core.o
  LD      drivers/usb/gadget/udc/built-in.o
  LD      drivers/usb/host/xhci-plat-hcd.o
  CC      drivers/usb/gadget/function/storage_common.o
  LD      drivers/usb/host/built-in.o
  CC      drivers/soc/qcom/pil-q6v5-mss.o
  CC      drivers/usb/storage/initializers.o
  CC      drivers/usb/gadget/function/f_fs.o
  CC      drivers/staging/prima/CORE/MAC/src/cfg/cfgSendMsg.o
  CC      drivers/video/fbdev/msm/mdss_mdp_layer.o
  CC      drivers/soc/qcom/msm_performance.o
  CC      drivers/usb/storage/sierra_ms.o
  CC      drivers/soc/qcom/subsystem_notif.o
  CC      drivers/usb/gadget/function/f_midi.o
  CC      drivers/staging/prima/CORE/MAC/src/dph/dphHashTable.o
  CC      drivers/usb/storage/option_ms.o
  LD      drivers/usb/gadget/libcomposite.o
  CC      drivers/usb/storage/usual-tables.o
  CC      drivers/soc/qcom/subsystem_restart.o
  CC      drivers/usb/gadget/function/f_hid.o
  CC      drivers/usb/storage/alauda.o
  CC      drivers/staging/prima/CORE/MAC/src/pe/lim/limAIDmgmt.o
  CC      drivers/soc/qcom/ramdump.o
  CC      drivers/usb/gadget/function/f_mtp.o
  CC      drivers/video/fbdev/msm/mdss_mdp_splash_logo.o
  CC      drivers/staging/prima/CORE/MAC/src/pe/lim/limAdmitControl.o
  CC      drivers/usb/gadget/function/f_ptp.o
  CC      drivers/usb/storage/cypress_atacb.o
  CC      drivers/video/fbdev/msm/mdss_mdp_cdm.o
  CC      drivers/staging/prima/CORE/MAC/src/pe/lim/limApi.o
  CC      drivers/soc/qcom/microdump_collector.o
  CC      drivers/usb/gadget/function/f_audio_source.o
  CC      drivers/video/fbdev/msm/mdss_smmu.o
  CC      drivers/usb/storage/datafab.o
  CC      drivers/soc/qcom/sysmon.o
  CC      drivers/usb/gadget/function/f_accessory.o
  CC      drivers/usb/storage/freecom.o
  CC      drivers/video/fbdev/msm/mdss_mdp_wfd.o
  CC      drivers/usb/storage/isd200.o
  CC      drivers/staging/prima/CORE/MAC/src/pe/lim/limAssocUtils.o
  CC      drivers/staging/prima/CORE/MAC/src/pe/lim/limDebug.o
  CC      drivers/soc/qcom/sysmon-qmi.o
  CC      drivers/video/fbdev/msm/mdss_io_util.o
  CC      drivers/usb/gadget/function/f_diag.o
  CC      drivers/video/fbdev/msm/mdss_mdp_pp_v1_7.o
  CC      drivers/usb/storage/jumpshot.o
  CC      drivers/usb/gadget/function/f_cdev.o
  CC      drivers/soc/qcom/event_timer.o
  CC      drivers/video/fbdev/msm/mdss_mdp_pp_v3.o
  CC      drivers/usb/storage/karma.o
  CC      drivers/video/fbdev/msm/mdss_mdp_pp_common.o
  CC      drivers/staging/prima/CORE/MAC/src/pe/lim/limFT.o
  CC      drivers/usb/storage/onetouch.o
  CC      drivers/usb/storage/sddr09.o
  CC      drivers/usb/gadget/function/f_ccid.o
  CC      drivers/soc/qcom/lpm-stats.o
  CC      drivers/soc/qcom/rpm_stats.o
  CC      drivers/staging/prima/CORE/MAC/src/pe/lim/limIbssPeerMgmt.o
  CC      drivers/video/fbdev/msm/mdss_mdp_debug.o
  CC      drivers/soc/qcom/rpm_master_stat.o
  CC      drivers/video/fbdev/msm/mdss_debug.o
  CC      drivers/soc/qcom/bam_dmux.o
  CC      drivers/usb/gadget/function/f_qdss.o
../drivers/soc/qcom/rpm_master_stat.c:419:13: warning: size argument in 'strlcpy' call appears to be size of the source; expected the size of the destination [-Wstrlcpy-strlcat-size]
                                        strlen(master_name) + 1);
                                        ~~~~~~~^~~~~~~~~~~~~~~~
  CC      drivers/usb/storage/sddr55.o
  CC      drivers/staging/prima/CORE/MAC/src/pe/lim/limLinkMonitoringAlgo.o
  CC      drivers/video/fbdev/msm/mdss_debug_xlog.o
  CC      drivers/usb/storage/shuttle_usbat.o
1 warning generated.
  CC      drivers/soc/qcom/big_cluster_min_freq_adjust.o
  CC      drivers/usb/gadget/function/u_qdss.o
  CC      drivers/staging/prima/CORE/MAC/src/pe/lim/limLogDump.o
  CC      drivers/video/fbdev/msm/mdss_dsi.o
  CC      drivers/usb/gadget/function/f_qc_rndis.o
  CC      drivers/video/fbdev/msm/mdss_dsi_host.o
  CC      drivers/staging/prima/CORE/MAC/src/pe/lim/limP2P.o
  LD      drivers/usb/storage/usb-storage.o
  LD      drivers/usb/storage/ums-alauda.o
  LD      drivers/usb/storage/ums-cypress.o
  LD      drivers/usb/storage/ums-datafab.o
  LD      drivers/usb/storage/ums-freecom.o
  LD      drivers/usb/storage/ums-isd200.o
  LD      drivers/usb/storage/ums-jumpshot.o
  LD      drivers/usb/storage/ums-karma.o
  CC      drivers/usb/gadget/function/f_rmnet.o
  LD      drivers/usb/storage/ums-onetouch.o
  LD      drivers/usb/storage/ums-sddr09.o
  LD      drivers/usb/storage/ums-sddr55.o
  LD      drivers/usb/storage/ums-usbat.o
  LD      drivers/usb/storage/built-in.o
  CC      drivers/video/fbdev/msm/mdss_dsi_cmd.o
  CC      drivers/video/fbdev/msm/mdss_dsi_status.o
  LD      drivers/soc/qcom/built-in.o
  CC      drivers/staging/prima/CORE/MAC/src/pe/lim/limProcessActionFrame.o
  CC      drivers/video/fbdev/msm/mdss_dsi_panel.o
  LD      drivers/soc/built-in.o
  CC      drivers/usb/gadget/function/u_ctrl_qti.o
  CC      drivers/usb/gadget/function/u_bam_dmux.o
  CC      drivers/staging/prima/CORE/MAC/src/pe/lim/limProcessAssocReqFrame.o
  CC      drivers/video/fbdev/msm/msm_mdss_io_8974.o
  CC      drivers/staging/prima/CORE/MAC/src/pe/lim/limProcessAssocRspFrame.o
  CC      drivers/usb/gadget/function/u_data_ipa.o
  CC      drivers/staging/prima/CORE/MAC/src/pe/lim/limProcessAuthFrame.o
  CC      drivers/video/fbdev/msm/mdss_dsi_phy.o
  LD      drivers/usb/gadget/function/usb_f_serial.o
  CC      drivers/staging/prima/CORE/MAC/src/pe/lim/limProcessBeaconFrame.o
  LD      drivers/usb/gadget/function/usb_f_ncm.o
  CC      drivers/video/fbdev/msm/mdss_dsi_phy_12nm.o
  LD      drivers/usb/gadget/function/usb_f_rndis.o
  CC      drivers/staging/prima/CORE/MAC/src/pe/lim/limProcessCfgUpdates.o
  LD      drivers/usb/gadget/function/usb_f_mass_storage.o
  LD      drivers/usb/gadget/function/usb_f_fs.o
  CC      drivers/video/fbdev/msm/mdss_dsi_clk.o
  LD      drivers/usb/gadget/function/usb_f_midi.o
  LD      drivers/usb/gadget/function/usb_f_hid.o
  LD      drivers/usb/gadget/function/usb_f_mtp.o
  CC      drivers/staging/prima/CORE/MAC/src/pe/lim/limProcessDeauthFrame.o
  LD      drivers/usb/gadget/function/usb_f_ptp.o
  LD      drivers/usb/gadget/function/usb_f_audio_source.o
  LD      drivers/usb/gadget/function/usb_f_accessory.o
  LD      drivers/usb/gadget/function/usb_f_diag.o
  CC      drivers/video/fbdev/msm/mdss_panel.o
  LD      drivers/usb/gadget/function/usb_f_cdev.o
  LD      drivers/usb/gadget/function/usb_f_ccid.o
  LD      drivers/usb/gadget/function/usb_f_qdss.o
  LD      drivers/usb/gadget/function/usb_f_qcrndis.o
  LD      drivers/usb/gadget/function/usb_f_rmnet_bam.o
  CC      drivers/staging/prima/CORE/MAC/src/pe/lim/limProcessDisassocFrame.o
  LD      drivers/usb/gadget/function/built-in.o
  CC      drivers/video/fbdev/msm/mdss_hdmi_util.o
  LD      drivers/usb/gadget/built-in.o
  LD      drivers/usb/built-in.o
  CC      drivers/video/fbdev/msm/mdss_hdmi_edid.o
  CC      drivers/video/fbdev/msm/mdss_cec_core.o
  CC      drivers/video/fbdev/msm/mdss_dba_utils.o
  CC      drivers/staging/prima/CORE/MAC/src/pe/lim/limProcessLmmMessages.o
  CC      drivers/staging/prima/CORE/MAC/src/pe/lim/limProcessMessageQueue.o
  CC      drivers/video/fbdev/msm/mdss_wb.o
  CC      drivers/staging/prima/CORE/MAC/src/pe/lim/limProcessMlmReqMessages.o
  CC      drivers/video/fbdev/msm/mdss_fb.o
  CC      drivers/video/fbdev/msm/mdss_util.o
  CC      drivers/video/fbdev/msm/mdss_compat_utils.o
  CC      drivers/staging/prima/CORE/MAC/src/pe/lim/limProcessMlmRspMessages.o
  CC      drivers/staging/prima/CORE/MAC/src/pe/lim/limProcessProbeReqFrame.o
  LD      drivers/video/fbdev/msm/mdss-mdp.o
  LD      drivers/video/fbdev/msm/mdss-dsi.o
  CC      drivers/staging/prima/CORE/MAC/src/pe/lim/limProcessProbeRspFrame.o
  CC      drivers/staging/prima/CORE/MAC/src/pe/lim/limProcessSmeReqMessages.o
  CC      drivers/staging/prima/CORE/MAC/src/pe/lim/limPropExtsUtils.o
  CC      drivers/staging/prima/CORE/MAC/src/pe/lim/limRMC.o
  CC      drivers/staging/prima/CORE/MAC/src/pe/lim/limRoamingAlgo.o
  CC      drivers/staging/prima/CORE/MAC/src/pe/lim/limScanResultUtils.o
  CC      drivers/staging/prima/CORE/MAC/src/pe/lim/limSecurityUtils.o
  CC      drivers/staging/prima/CORE/MAC/src/pe/lim/limSendManagementFrames.o
  CC      drivers/staging/prima/CORE/MAC/src/pe/lim/limSendMessages.o
  CC      drivers/staging/prima/CORE/MAC/src/pe/lim/limSendSmeRspMessages.o
  CC      drivers/staging/prima/CORE/MAC/src/pe/lim/limSerDesUtils.o
  CC      drivers/staging/prima/CORE/MAC/src/pe/lim/limSession.o
  CC      drivers/staging/prima/CORE/MAC/src/pe/lim/limSessionUtils.o
  CC      drivers/staging/prima/CORE/MAC/src/pe/lim/limSmeReqUtils.o
  CC      drivers/staging/prima/CORE/MAC/src/pe/lim/limStaHashApi.o
  CC      drivers/staging/prima/CORE/MAC/src/pe/lim/limTimerUtils.o
  CC      drivers/staging/prima/CORE/MAC/src/pe/lim/limTrace.o
  CC      drivers/staging/prima/CORE/MAC/src/pe/lim/limUtils.o
  CC      drivers/staging/prima/CORE/MAC/src/pe/lim/limProcessTdls.o
  CC      drivers/staging/prima/CORE/MAC/src/pe/pmm/pmmAP.o
  CC      drivers/staging/prima/CORE/MAC/src/pe/pmm/pmmApi.o
  CC      drivers/staging/prima/CORE/MAC/src/pe/pmm/pmmDebug.o
  CC      drivers/staging/prima/CORE/MAC/src/pe/sch/schApi.o
  CC      drivers/staging/prima/CORE/MAC/src/pe/sch/schBeaconGen.o
  LD      drivers/video/fbdev/msm/built-in.o
  CC      drivers/staging/prima/CORE/MAC/src/pe/sch/schBeaconProcess.o
  LD      drivers/video/fbdev/built-in.o
  CC      drivers/staging/prima/CORE/MAC/src/pe/sch/schDebug.o
  LD      drivers/video/built-in.o
  CC      drivers/staging/prima/CORE/MAC/src/pe/sch/schMessage.o
  CC      drivers/staging/prima/CORE/MAC/src/pe/rrm/rrmApi.o
  CC      drivers/staging/prima/CORE/SAP/src/sapApiLinkCntl.o
  CC      drivers/staging/prima/CORE/SAP/src/sapChSelect.o
  CC      drivers/staging/prima/CORE/SAP/src/sapFsm.o
  CC      drivers/staging/prima/CORE/SAP/src/sapModule.o
  CC      drivers/staging/prima/CORE/SME/src/btc/btcApi.o
  CC      drivers/staging/prima/CORE/SME/src/ccm/ccmApi.o
  CC      drivers/staging/prima/CORE/SME/src/ccm/ccmLogDump.o
  CC      drivers/staging/prima/CORE/SME/src/sme_common/sme_Api.o
  CC      drivers/staging/prima/CORE/SME/src/sme_common/sme_FTApi.o
  CC      drivers/staging/prima/CORE/SME/src/sme_common/sme_Trace.o
  CC      drivers/staging/prima/CORE/SME/src/csr/csrApiRoam.o
  CC      drivers/staging/prima/CORE/SME/src/csr/csrApiScan.o
  CC      drivers/staging/prima/CORE/SME/src/csr/csrCmdProcess.o
  CC      drivers/staging/prima/CORE/SME/src/csr/csrLinkList.o
  CC      drivers/staging/prima/CORE/SME/src/csr/csrLogDump.o
  CC      drivers/staging/prima/CORE/SME/src/csr/csrNeighborRoam.o
  CC      drivers/staging/prima/CORE/SME/src/csr/csrUtil.o
  CC      drivers/staging/prima/CORE/SME/src/csr/csrTdlsProcess.o
  CC      drivers/staging/prima/CORE/SME/src/oemData/oemDataApi.o
  CC      drivers/staging/prima/CORE/SME/src/p2p/p2p_Api.o
../drivers/staging/prima/CORE/SME/src/csr/csrApiRoam.c:19741:39: warning: taking address of packed member 'transactionId' of class or structure 'sSirSmeDisassocRsp' may result in an unaligned pointer value [-Waddress-of-packed-member]
      pal_get_U16( pBuf, (tANI_U16 *)&pRsp->transactionId );
                                      ^~~~~~~~~~~~~~~~~~~
../drivers/staging/prima/CORE/SME/src/csr/csrApiRoam.c:19743:39: warning: taking address of packed member 'statusCode' of class or structure 'sSirSmeDisassocRsp' may result in an unaligned pointer value [-Waddress-of-packed-member]
      pal_get_U32( pBuf, (tANI_U32 *)&pRsp->statusCode );
                                      ^~~~~~~~~~~~~~~~
  CC      drivers/staging/prima/CORE/SME/src/pmc/pmcApi.o
  CC      drivers/staging/prima/CORE/SME/src/pmc/pmc.o
  CC      drivers/staging/prima/CORE/SME/src/pmc/pmcLogDump.o
  CC      drivers/staging/prima/CORE/SME/src/QoS/sme_Qos.o
  CC      drivers/staging/prima/CORE/SME/src/rrm/sme_rrm.o
  CC      drivers/staging/prima/CORE/SME/src/nan/nan_Api.o
  CC      drivers/staging/prima/CORE/SVC/src/btc/wlan_btc_svc.o
  CC      drivers/staging/prima/CORE/SVC/src/nlink/wlan_nlink_srv.o
  CC      drivers/staging/prima/CORE/SVC/src/ptt/wlan_ptt_sock_svc.o
  CC      drivers/staging/prima/CORE/SVC/src/logging/wlan_logging_sock_svc.o
  CC      drivers/staging/prima/CORE/SYS/common/src/wlan_qct_sys.o
  CC      drivers/staging/prima/CORE/SYS/legacy/src/pal/src/palApiComm.o
  CC      drivers/staging/prima/CORE/SYS/legacy/src/pal/src/palTimer.o
  CC      drivers/staging/prima/CORE/SYS/legacy/src/platform/src/VossWrapper.o
  CC      drivers/staging/prima/CORE/SYS/legacy/src/system/src/macInitApi.o
  CC      drivers/staging/prima/CORE/SYS/legacy/src/system/src/sysEntryFunc.o
  CC      drivers/staging/prima/CORE/SYS/legacy/src/utils/src/dot11f.o
  CC      drivers/staging/prima/CORE/SYS/legacy/src/utils/src/logApi.o
  CC      drivers/staging/prima/CORE/SYS/legacy/src/utils/src/logDump.o
  CC      drivers/staging/prima/CORE/SYS/legacy/src/utils/src/macTrace.o
  CC      drivers/staging/prima/CORE/SYS/legacy/src/utils/src/parserApi.o
2 warnings generated.
  CC      drivers/staging/prima/CORE/SYS/legacy/src/utils/src/utilsApi.o
  CC      drivers/staging/prima/CORE/SYS/legacy/src/utils/src/utilsParser.o
  CC      drivers/staging/prima/CORE/TL/src/wlan_qct_tl.o
  CC      drivers/staging/prima/CORE/TL/src/wlan_qct_tl_ba.o
  CC      drivers/staging/prima/CORE/TL/src/wlan_qct_tl_hosupport.o
  CC      drivers/staging/prima/CORE/TL/src/wlan_qct_tl_trace.o
  CC      drivers/staging/prima/CORE/VOSS/src/vos_api.o
  CC      drivers/staging/prima/CORE/VOSS/src/vos_event.o
  CC      drivers/staging/prima/CORE/VOSS/src/vos_getBin.o
  CC      drivers/staging/prima/CORE/VOSS/src/vos_list.o
  CC      drivers/staging/prima/CORE/VOSS/src/vos_lock.o
  CC      drivers/staging/prima/CORE/VOSS/src/vos_memory.o
  CC      drivers/staging/prima/CORE/VOSS/src/vos_mq.o
  CC      drivers/staging/prima/CORE/VOSS/src/vos_nvitem.o
  CC      drivers/staging/prima/CORE/VOSS/src/vos_packet.o
  CC      drivers/staging/prima/CORE/VOSS/src/vos_sched.o
  CC      drivers/staging/prima/CORE/VOSS/src/vos_threads.o
  CC      drivers/staging/prima/CORE/VOSS/src/vos_timer.o
  CC      drivers/staging/prima/CORE/VOSS/src/vos_trace.o
  CC      drivers/staging/prima/CORE/VOSS/src/vos_types.o
  CC      drivers/staging/prima/CORE/VOSS/src/vos_utils.o
  CC      drivers/staging/prima/CORE/VOSS/src/wlan_nv_parser.o
  CC      drivers/staging/prima/CORE/VOSS/src/wlan_nv_stream_read.o
  CC      drivers/staging/prima/CORE/VOSS/src/wlan_nv_template_builtin.o
  CC      drivers/staging/prima/CORE/VOSS/src/vos_diag.o
  CC      drivers/staging/prima/CORE/WDA/src/wlan_qct_wda.o
  CC      drivers/staging/prima/CORE/WDA/src/wlan_qct_wda_debug.o
  CC      drivers/staging/prima/CORE/WDA/src/wlan_qct_wda_ds.o
  CC      drivers/staging/prima/CORE/WDA/src/wlan_qct_wda_legacy.o
  CC      drivers/staging/prima/CORE/WDA/src/wlan_nv.o
  CC      drivers/staging/prima/CORE/WDI/CP/src/wlan_qct_wdi.o
  CC      drivers/staging/prima/CORE/WDI/CP/src/wlan_qct_wdi_dp.o
  CC      drivers/staging/prima/CORE/WDI/CP/src/wlan_qct_wdi_sta.o
  CC      drivers/staging/prima/CORE/WDI/DP/src/wlan_qct_wdi_bd.o
  CC      drivers/staging/prima/CORE/WDI/DP/src/wlan_qct_wdi_ds.o
  CC      drivers/staging/prima/CORE/WDI/TRP/CTS/src/wlan_qct_wdi_cts.o
  CC      drivers/staging/prima/CORE/WDI/TRP/DTS/src/wlan_qct_wdi_dts.o
../drivers/staging/prima/CORE/WDI/CP/src/wlan_qct_wdi.c:27859:33: warning: taking address of packed member 'encryption' of class or structure 'tRoamNetworkType' may result in an unaligned pointer value [-Waddress-of-packed-member]
   WDI_wdiEdTypeEncToEdTypeEnc(&pRoamCandidateListParams->ConnectedNetwork.encryption,
                                ^~~~~~~~~~~~~~~~~~~~~~~~~~~~~~~~~~~~~~~~~~~~~~~~~~~~~
../drivers/staging/prima/CORE/WDI/CP/src/wlan_qct_wdi.c:27861:33: warning: taking address of packed member 'mcencryption' of class or structure 'tRoamNetworkType' may result in an unaligned pointer value [-Waddress-of-packed-member]
   WDI_wdiEdTypeEncToEdTypeEnc(&pRoamCandidateListParams->ConnectedNetwork.mcencryption,
                                ^~~~~~~~~~~~~~~~~~~~~~~~~~~~~~~~~~~~~~~~~~~~~~~~~~~~~~~
  CC      drivers/staging/prima/CORE/WDI/WPAL/src/wlan_qct_pal_api.o
  CC      drivers/staging/prima/CORE/WDI/WPAL/src/wlan_qct_pal_device.o
  CC      drivers/staging/prima/CORE/WDI/WPAL/src/wlan_qct_pal_msg.o
  CC      drivers/staging/prima/CORE/WDI/WPAL/src/wlan_qct_pal_packet.o
  CC      drivers/staging/prima/CORE/WDI/WPAL/src/wlan_qct_pal_sync.o
  CC      drivers/staging/prima/CORE/WDI/WPAL/src/wlan_qct_pal_timer.o
  CC      drivers/staging/prima/CORE/WDI/WPAL/src/wlan_qct_pal_trace.o
2 warnings generated.
  LD      drivers/staging/prima/wlan.o
  LD      drivers/staging/prima/built-in.o
  LD      drivers/staging/built-in.o
  LD      drivers/built-in.o
make[1]: Leaving directory '/home/mhdputerapmgks/Voyager-Kernel/out'
make: *** [Makefile:152: sub-make] Error 2
